DetailID,OrderID,ProductID,Quantity,UnitPrice
1,1,15,1,59265
2,1,94,1,54643
3,1,41,1,16916
4,2,13,3,60825
5,2,64,5,18863
6,2,28,2,53426
7,3,22,2,20870
8,3,32,1,82134
9,3,87,2,47322
10,3,100,5,55240
11,4,41,3,16916
12,4,19,4,24844
13,4,54,5,55716
14,4,81,4,69446
15,5,38,5,89599
16,5,88,1,82751
17,5,22,3,20870
18,6,11,2,42580
19,6,84,3,78759
20,6,56,1,13545
21,6,5,3,35124
22,6,91,1,87573
23,7,78,4,21761
24,7,59,1,68303
25,7,70,1,16773
26,8,66,1,21309
27,8,4,4,72183
28,8,48,1,56186
29,9,36,3,50269
30,9,66,1,21309
31,9,3,3,92869
32,10,23,2,13902
33,10,68,1,92995
34,10,46,4,39246
35,10,51,3,22310
36,10,15,1,59265
37,11,76,4,95956
38,11,1,2,77345
39,11,66,4,21309
40,11,14,4,61112
41,11,2,1,16956
42,12,53,3,58950
43,12,36,2,50269
44,12,91,3,87573
45,12,78,1,21761
46,12,59,3,68303
47,13,1,4,77345
48,13,94,2,54643
49,13,13,1,60825
50,13,80,3,14416
51,14,2,2,16956
52,14,90,1,99988
53,14,53,2,58950
54,14,50,3,53007
55,15,16,5,21730
56,15,30,3,22486
57,15,67,2,71990
58,15,36,1,50269
59,15,95,4,10177
60,16,13,3,60825
61,16,8,2,71394
62,16,37,5,31314
63,16,72,3,53594
64,17,42,4,44615
65,17,73,2,58762
66,17,70,1,16773
67,18,35,2,27106
68,18,13,1,60825
69,18,60,3,91851
70,18,7,4,51167
71,19,92,3,43974
72,19,14,1,61112
73,19,52,4,47423
74,19,53,2,58950
75,20,10,2,15030
76,20,88,5,82751
77,20,41,5,16916
78,21,30,4,22486
79,21,54,4,55716
80,21,11,2,42580
81,21,61,4,83461
82,22,14,5,61112
83,22,40,2,63117
84,22,73,4,58762
85,22,20,3,13940
86,22,18,2,49881
87,23,56,5,13545
88,23,23,5,13902
89,23,17,3,32785
90,24,31,5,25080
91,24,57,1,87341
92,24,54,3,55716
93,24,56,3,13545
94,24,60,4,91851
95,25,56,5,13545
96,25,60,5,91851
97,25,16,1,21730
98,26,22,1,20870
99,26,30,5,22486
100,26,38,5,89599
101,26,15,4,59265
102,26,72,5,53594
103,27,6,5,23328
104,27,94,1,54643
105,27,98,4,88669
106,28,78,5,21761
107,28,87,4,47322
108,28,33,2,67163
109,29,52,4,47423
110,29,73,3,58762
111,29,62,1,39951
112,29,99,1,64203
113,30,55,3,50282
114,30,12,3,31257
115,30,77,3,62543
116,31,15,3,59265
117,31,87,2,47322
118,31,63,3,59829
119,31,9,4,24385
120,31,43,2,37544
121,32,79,4,37051
122,32,90,4,99988
123,32,57,4,87341
124,32,88,5,82751
125,32,33,1,67163
126,33,94,3,54643
127,33,22,3,20870
128,33,62,4,39951
129,34,70,5,16773
130,34,6,3,23328
131,34,13,2,60825
132,34,36,1,50269
133,34,61,3,83461
134,35,79,2,37051
135,35,27,1,85161
136,35,82,2,40303
137,35,58,2,66996
138,36,22,5,20870
139,36,81,4,69446
140,36,40,4,63117
141,36,65,2,95196
142,36,52,5,47423
143,37,95,5,10177
144,37,43,1,37544
145,37,26,3,47395
146,37,18,5,49881
147,37,2,2,16956
148,38,48,3,56186
149,38,83,3,57341
150,38,57,3,87341
151,38,64,4,18863
152,38,70,1,16773
153,39,49,3,86790
154,39,81,1,69446
155,39,51,5,22310
156,40,36,3,50269
157,40,60,5,91851
158,40,73,1,58762
159,41,40,4,63117
160,41,65,1,95196
161,41,58,5,66996
162,42,78,2,21761
163,42,47,2,38951
164,42,93,3,25266
165,42,88,2,82751
166,42,42,4,44615
167,43,26,1,47395
168,43,27,5,85161
169,43,41,1,16916
170,44,72,3,53594
171,44,58,2,66996
172,44,30,5,22486
173,45,31,3,25080
174,45,61,4,83461
175,45,65,5,95196
176,45,47,2,38951
177,46,41,1,16916
178,46,75,4,31489
179,46,84,5,78759
180,47,93,3,25266
181,47,27,4,85161
182,47,78,5,21761
183,47,97,2,24578
184,47,58,5,66996
185,48,25,4,95530
186,48,50,1,53007
187,48,90,4,99988
188,48,96,5,93706
189,49,40,5,63117
190,49,53,2,58950
191,49,78,2,21761
192,49,7,4,51167
193,50,84,1,78759
194,50,59,3,68303
195,50,18,2,49881
196,51,88,5,82751
197,51,9,1,24385
198,51,11,3,42580
199,51,69,1,66333
200,52,75,2,31489
201,52,2,2,16956
202,52,37,5,31314
203,52,28,2,53426
204,52,57,5,87341
205,53,11,3,42580
206,53,6,4,23328
207,53,32,1,82134
208,53,94,2,54643
209,54,60,4,91851
210,54,96,4,93706
211,54,8,2,71394
212,55,52,2,47423
213,55,10,4,15030
214,55,2,5,16956
215,55,78,5,21761
216,55,87,2,47322
217,56,80,3,14416
218,56,46,3,39246
219,56,77,1,62543
220,57,20,3,13940
221,57,93,2,25266
222,57,71,2,62771
223,57,89,2,99643
224,58,28,4,53426
225,58,18,2,49881
226,58,81,2,69446
227,59,57,2,87341
228,59,40,1,63117
229,59,8,2,71394
230,60,59,1,68303
231,60,15,2,59265
232,60,34,1,71809
233,60,43,1,37544
234,60,28,4,53426
235,61,93,1,25266
236,61,19,5,24844
237,61,64,3,18863
238,61,84,5,78759
239,61,90,5,99988
240,62,34,2,71809
241,62,19,2,24844
242,62,97,2,24578
243,62,12,3,31257
244,63,98,5,88669
245,63,91,4,87573
246,63,35,4,27106
247,64,92,1,43974
248,64,96,1,93706
249,64,3,5,92869
250,65,34,5,71809
251,65,45,3,89685
252,65,70,5,16773
253,65,77,3,62543
254,65,4,1,72183
255,66,2,5,16956
256,66,53,1,58950
257,66,75,5,31489
258,66,12,2,31257
259,66,49,3,86790
260,67,6,4,23328
261,67,8,3,71394
262,67,22,3,20870
263,67,85,1,49747
264,68,9,3,24385
265,68,65,1,95196
266,68,76,2,95956
267,68,84,2,78759
268,69,84,5,78759
269,69,39,3,30610
270,69,69,3,66333
271,69,22,1,20870
272,69,20,5,13940
273,70,43,2,37544
274,70,37,1,31314
275,70,48,4,56186
276,71,17,1,32785
277,71,7,1,51167
278,71,5,3,35124
279,72,29,5,27367
280,72,75,5,31489
281,72,88,1,82751
282,73,78,2,21761
283,73,8,5,71394
284,73,27,3,85161
285,73,13,1,60825
286,74,48,4,56186
287,74,100,1,55240
288,74,46,4,39246
289,74,60,5,91851
290,74,55,2,50282
291,75,68,3,92995
292,75,97,1,24578
293,75,8,3,71394
294,76,75,1,31489
295,76,88,4,82751
296,76,81,4,69446
297,76,54,1,55716
298,77,90,1,99988
299,77,15,2,59265
300,77,100,5,55240
301,78,15,3,59265
302,78,4,2,72183
303,78,78,5,21761
304,79,38,2,89599
305,79,94,2,54643
306,79,47,1,38951
307,79,33,3,67163
308,80,61,4,83461
309,80,4,2,72183
310,80,65,3,95196
311,80,62,2,39951
312,80,18,4,49881
313,81,88,2,82751
314,81,89,2,99643
315,81,31,1,25080
316,81,7,5,51167
317,81,47,4,38951
318,82,96,5,93706
319,82,89,2,99643
320,82,53,1,58950
321,83,16,3,21730
322,83,79,2,37051
323,83,52,2,47423
324,84,55,5,50282
325,84,39,4,30610
326,84,95,1,10177
327,84,5,5,35124
328,85,22,5,20870
329,85,100,2,55240
330,85,95,5,10177
331,86,46,4,39246
332,86,53,5,58950
333,86,89,3,99643
334,86,96,3,93706
335,86,30,4,22486
336,87,44,3,55170
337,87,9,3,24385
338,87,31,5,25080
339,87,83,3,57341
340,88,83,4,57341
341,88,48,2,56186
342,88,18,2,49881
343,88,59,1,68303
344,88,90,5,99988
345,89,26,4,47395
346,89,3,5,92869
347,89,40,1,63117
348,89,59,3,68303
349,89,1,5,77345
350,90,100,3,55240
351,90,86,2,33028
352,90,71,2,62771
353,90,45,3,89685
354,90,42,2,44615
355,91,3,3,92869
356,91,6,3,23328
357,91,79,2,37051
358,91,80,1,14416
359,91,78,1,21761
360,92,21,1,33591
361,92,78,1,21761
362,92,40,4,63117
363,93,2,3,16956
364,93,4,2,72183
365,93,86,2,33028
366,93,34,3,71809
367,93,95,1,10177
368,94,61,2,83461
369,94,92,2,43974
370,94,80,5,14416
371,94,62,4,39951
372,95,42,2,44615
373,95,35,3,27106
374,95,16,1,21730
375,96,95,3,10177
376,96,10,5,15030
377,96,66,2,21309
378,97,17,5,32785
379,97,94,1,54643
380,97,47,1,38951
381,98,9,4,24385
382,98,14,1,61112
383,98,4,5,72183
384,99,22,2,20870
385,99,1,4,77345
386,99,33,4,67163
387,99,19,2,24844
388,100,47,1,38951
389,100,63,1,59829
390,100,46,4,39246
391,101,85,3,49747
392,101,23,3,13902
393,101,89,1,99643
394,102,86,4,33028
395,102,18,3,49881
396,102,75,1,31489
397,103,6,2,23328
398,103,91,5,87573
399,103,53,2,58950
400,104,21,1,33591
401,104,47,5,38951
402,104,39,1,30610
403,104,1,5,77345
404,105,23,4,13902
405,105,60,4,91851
406,105,31,2,25080
407,106,70,2,16773
408,106,15,4,59265
409,106,56,1,13545
410,107,33,5,67163
411,107,36,1,50269
412,107,51,2,22310
413,107,19,2,24844
414,108,100,4,55240
415,108,13,2,60825
416,108,46,1,39246
417,109,2,1,16956
418,109,17,4,32785
419,109,86,4,33028
420,109,46,5,39246
421,109,36,2,50269
422,110,38,2,89599
423,110,40,5,63117
424,110,27,2,85161
425,110,76,2,95956
426,110,100,3,55240
427,111,60,5,91851
428,111,68,1,92995
429,111,39,4,30610
430,112,24,5,96972
431,112,65,5,95196
432,112,12,3,31257
433,112,81,2,69446
434,113,22,3,20870
435,113,10,2,15030
436,113,68,3,92995
437,113,59,1,68303
438,113,73,2,58762
439,114,61,1,83461
440,114,13,2,60825
441,114,89,4,99643
442,115,58,3,66996
443,115,30,4,22486
444,115,14,4,61112
445,116,87,1,47322
446,116,97,1,24578
447,116,37,5,31314
448,117,81,5,69446
449,117,34,1,71809
450,117,79,1,37051
451,117,28,3,53426
452,118,43,4,37544
453,118,25,1,95530
454,118,88,1,82751
455,119,78,3,21761
456,119,54,2,55716
457,119,6,1,23328
458,119,28,5,53426
459,119,10,4,15030
460,120,28,1,53426
461,120,52,2,47423
462,120,95,2,10177
463,120,5,5,35124
464,120,27,5,85161
465,121,16,1,21730
466,121,79,3,37051
467,121,14,2,61112
468,121,32,4,82134
469,121,3,5,92869
470,122,94,1,54643
471,122,72,3,53594
472,122,52,4,47423
473,122,19,2,24844
474,123,8,2,71394
475,123,58,2,66996
476,123,79,1,37051
477,123,82,4,40303
478,124,84,1,78759
479,124,10,2,15030
480,124,30,5,22486
481,124,89,1,99643
482,124,45,5,89685
483,125,84,1,78759
484,125,91,1,87573
485,125,52,1,47423
486,126,58,4,66996
487,126,80,1,14416
488,126,45,1,89685
489,127,29,1,27367
490,127,32,3,82134
491,127,2,5,16956
492,127,80,1,14416
493,128,45,1,89685
494,128,11,4,42580
495,128,34,1,71809
496,129,90,3,99988
497,129,67,5,71990
498,129,60,5,91851
499,130,57,1,87341
500,130,7,5,51167
501,130,67,3,71990
502,130,88,3,82751
503,131,94,2,54643
504,131,22,4,20870
505,131,49,2,86790
506,131,66,5,21309
507,132,73,2,58762
508,132,57,1,87341
509,132,82,1,40303
510,132,35,2,27106
511,132,81,4,69446
512,133,43,3,37544
513,133,46,1,39246
514,133,38,3,89599
515,133,10,2,15030
516,134,91,5,87573
517,134,5,2,35124
518,134,22,2,20870
519,134,93,4,25266
520,134,67,3,71990
521,135,22,1,20870
522,135,39,3,30610
523,135,40,2,63117
524,136,86,4,33028
525,136,4,5,72183
526,136,45,5,89685
527,136,50,2,53007
528,136,3,1,92869
529,137,7,3,51167
530,137,5,2,35124
531,137,17,4,32785
532,137,26,1,47395
533,138,75,5,31489
534,138,29,3,27367
535,138,52,4,47423
536,139,67,2,71990
537,139,22,4,20870
538,139,35,1,27106
539,140,69,1,66333
540,140,20,3,13940
541,140,1,4,77345
542,140,4,1,72183
543,140,87,1,47322
544,141,64,4,18863
545,141,84,2,78759
546,141,7,5,51167
547,142,29,2,27367
548,142,67,2,71990
549,142,60,1,91851
550,142,99,2,64203
551,143,54,1,55716
552,143,78,1,21761
553,143,85,2,49747
554,143,75,3,31489
555,144,15,4,59265
556,144,96,4,93706
557,144,58,3,66996
558,144,23,3,13902
559,144,91,2,87573
560,145,67,1,71990
561,145,5,2,35124
562,145,80,4,14416
563,145,64,3,18863
564,145,24,4,96972
565,146,39,4,30610
566,146,89,2,99643
567,146,34,4,71809
568,146,1,3,77345
569,146,65,3,95196
570,147,61,5,83461
571,147,14,1,61112
572,147,90,3,99988
573,148,36,4,50269
574,148,29,5,27367
575,148,73,4,58762
576,148,76,1,95956
577,149,76,5,95956
578,149,3,4,92869
579,149,71,2,62771
580,150,95,2,10177
581,150,23,3,13902
582,150,93,3,25266
583,151,66,4,21309
584,151,31,3,25080
585,151,89,5,99643
586,151,87,1,47322
587,152,1,4,77345
588,152,30,3,22486
589,152,13,5,60825
590,152,84,1,78759
591,152,27,5,85161
592,153,69,5,66333
593,153,44,2,55170
594,153,97,5,24578
595,153,82,5,40303
596,153,19,5,24844
597,154,30,2,22486
598,154,84,3,78759
599,154,73,2,58762
600,154,44,3,55170
601,155,7,1,51167
602,155,32,2,82134
603,155,9,2,24385
604,156,90,4,99988
605,156,10,1,15030
606,156,58,3,66996
607,156,84,1,78759
608,156,75,1,31489
609,157,50,1,53007
610,157,78,5,21761
611,157,57,4,87341
612,157,45,5,89685
613,158,86,5,33028
614,158,53,2,58950
615,158,22,2,20870
616,158,39,5,30610
617,159,6,3,23328
618,159,94,1,54643
619,159,98,3,88669
620,160,86,3,33028
621,160,39,3,30610
622,160,17,2,32785
623,160,59,3,68303
624,161,74,1,60296
625,161,53,2,58950
626,161,22,4,20870
627,161,42,2,44615
628,162,31,2,25080
629,162,8,4,71394
630,162,53,4,58950
631,163,85,4,49747
632,163,87,5,47322
633,163,74,4,60296
634,163,18,1,49881
635,164,68,2,92995
636,164,33,2,67163
637,164,9,1,24385
638,165,92,4,43974
639,165,71,1,62771
640,165,3,4,92869
641,165,59,2,68303
642,165,6,1,23328
643,166,1,2,77345
644,166,5,4,35124
645,166,48,5,56186
646,166,85,3,49747
647,167,71,1,62771
648,167,55,4,50282
649,167,97,2,24578
650,167,43,3,37544
651,168,18,1,49881
652,168,1,1,77345
653,168,59,5,68303
654,168,82,1,40303
655,169,79,5,37051
656,169,74,1,60296
657,169,21,2,33591
658,170,9,3,24385
659,170,95,2,10177
660,170,42,3,44615
661,171,25,1,95530
662,171,64,3,18863
663,171,10,4,15030
664,172,43,3,37544
665,172,17,1,32785
666,172,69,1,66333
667,173,44,3,55170
668,173,33,3,67163
669,173,41,2,16916
670,173,34,4,71809
671,174,18,3,49881
672,174,68,5,92995
673,174,78,1,21761
674,174,85,3,49747
675,175,30,4,22486
676,175,63,3,59829
677,175,88,1,82751
678,176,43,2,37544
679,176,21,4,33591
680,176,36,5,50269
681,177,38,1,89599
682,177,41,5,16916
683,177,83,4,57341
684,177,95,4,10177
685,178,13,1,60825
686,178,72,3,53594
687,178,95,2,10177
688,178,39,3,30610
689,179,97,1,24578
690,179,56,2,13545
691,179,8,1,71394
692,179,2,1,16956
693,179,37,1,31314
694,180,60,1,91851
695,180,81,1,69446
696,180,61,1,83461
697,180,71,4,62771
698,181,12,4,31257
699,181,13,2,60825
700,181,76,5,95956
701,181,81,1,69446
702,181,47,4,38951
703,182,100,2,55240
704,182,39,3,30610
705,182,25,5,95530
706,182,30,1,22486
707,182,92,1,43974
708,183,42,4,44615
709,183,21,3,33591
710,183,52,3,47423
711,184,20,3,13940
712,184,55,1,50282
713,184,56,3,13545
714,184,63,3,59829
715,185,33,5,67163
716,185,48,5,56186
717,185,45,4,89685
718,185,23,5,13902
719,186,23,4,13902
720,186,61,5,83461
721,186,94,5,54643
722,186,56,4,13545
723,186,83,2,57341
724,187,57,2,87341
725,187,78,1,21761
726,187,96,3,93706
727,187,38,1,89599
728,187,73,5,58762
729,188,8,2,71394
730,188,92,2,43974
731,188,4,3,72183
732,188,62,2,39951
733,189,97,1,24578
734,189,37,2,31314
735,189,8,4,71394
736,189,45,3,89685
737,189,23,2,13902
738,190,78,2,21761
739,190,40,4,63117
740,190,61,2,83461
741,191,68,3,92995
742,191,81,3,69446
743,191,79,5,37051
744,191,7,3,51167
745,191,92,5,43974
746,192,62,5,39951
747,192,44,1,55170
748,192,19,1,24844
749,193,100,2,55240
750,193,25,5,95530
751,193,64,1,18863
752,193,40,1,63117
753,193,38,5,89599
754,194,51,5,22310
755,194,42,5,44615
756,194,88,4,82751
757,195,3,4,92869
758,195,73,1,58762
759,195,94,1,54643
760,195,46,1,39246
761,196,59,3,68303
762,196,11,3,42580
763,196,97,2,24578
764,196,12,2,31257
765,197,59,2,68303
766,197,31,5,25080
767,197,75,1,31489
768,197,84,5,78759
769,197,67,3,71990
770,198,61,4,83461
771,198,11,4,42580
772,198,20,5,13940
773,198,10,1,15030
774,198,68,5,92995
775,199,64,2,18863
776,199,47,3,38951
777,199,9,4,24385
778,199,60,1,91851
779,200,53,3,58950
780,200,73,3,58762
781,200,32,1,82134
782,200,43,1,37544
783,201,78,1,21761
784,201,88,3,82751
785,201,50,5,53007
786,202,32,3,82134
787,202,50,4,53007
788,202,51,5,22310
789,202,70,5,16773
790,203,63,5,59829
791,203,19,1,24844
792,203,9,4,24385
793,203,8,3,71394
794,204,38,4,89599
795,204,78,2,21761
796,204,71,3,62771
797,204,84,5,78759
798,204,29,2,27367
799,205,12,1,31257
800,205,29,3,27367
801,205,97,2,24578
802,206,100,1,55240
803,206,45,5,89685
804,206,79,2,37051
805,206,59,4,68303
806,206,64,2,18863
807,207,53,2,58950
808,207,23,5,13902
809,207,5,4,35124
810,207,30,1,22486
811,207,24,4,96972
812,208,87,3,47322
813,208,100,4,55240
814,208,13,3,60825
815,208,94,2,54643
816,209,60,1,91851
817,209,100,1,55240
818,209,18,2,49881
819,210,74,5,60296
820,210,69,2,66333
821,210,37,5,31314
822,210,2,5,16956
823,210,4,2,72183
824,211,56,5,13545
825,211,26,2,47395
826,211,70,2,16773
827,211,28,1,53426
828,212,96,4,93706
829,212,19,5,24844
830,212,9,2,24385
831,212,2,4,16956
832,212,72,2,53594
833,213,70,1,16773
834,213,97,4,24578
835,213,65,1,95196
836,214,1,3,77345
837,214,43,4,37544
838,214,22,4,20870
839,215,93,2,25266
840,215,71,3,62771
841,215,68,2,92995
842,215,76,1,95956
843,215,25,2,95530
844,216,92,3,43974
845,216,60,3,91851
846,216,16,2,21730
847,216,79,1,37051
848,217,89,2,99643
849,217,31,5,25080
850,217,25,4,95530
851,217,27,2,85161
852,217,16,4,21730
853,218,11,3,42580
854,218,77,5,62543
855,218,30,5,22486
856,218,36,4,50269
857,219,59,2,68303
858,219,35,5,27106
859,219,51,2,22310
860,219,50,4,53007
861,220,99,2,64203
862,220,63,4,59829
863,220,31,1,25080
864,220,70,3,16773
865,220,1,4,77345
866,221,8,4,71394
867,221,98,3,88669
868,221,58,3,66996
869,221,83,4,57341
870,222,28,1,53426
871,222,99,1,64203
872,222,85,4,49747
873,222,55,2,50282
874,222,37,1,31314
875,223,91,4,87573
876,223,52,2,47423
877,223,10,5,15030
878,223,1,5,77345
879,224,90,1,99988
880,224,77,2,62543
881,224,87,4,47322
882,224,35,4,27106
883,224,13,2,60825
884,225,97,4,24578
885,225,15,1,59265
886,225,11,4,42580
887,226,14,5,61112
888,226,32,5,82134
889,226,21,4,33591
890,226,23,4,13902
891,227,95,5,10177
892,227,76,4,95956
893,227,99,2,64203
894,227,100,5,55240
895,228,23,3,13902
896,228,94,3,54643
897,228,6,1,23328
898,229,40,4,63117
899,229,33,3,67163
900,229,65,1,95196
901,229,92,3,43974
902,230,58,1,66996
903,230,47,3,38951
904,230,3,3,92869
905,230,49,3,86790
906,230,52,4,47423
907,231,50,4,53007
908,231,35,3,27106
909,231,10,3,15030
910,231,31,3,25080
911,232,26,1,47395
912,232,32,1,82134
913,232,39,3,30610
914,233,53,1,58950
915,233,47,2,38951
916,233,100,4,55240
917,234,14,4,61112
918,234,70,1,16773
919,234,54,4,55716
920,234,67,2,71990
921,235,62,3,39951
922,235,56,5,13545
923,235,43,3,37544
924,235,50,4,53007
925,235,93,1,25266
926,236,80,2,14416
927,236,68,5,92995
928,236,93,5,25266
929,237,70,1,16773
930,237,81,4,69446
931,237,46,2,39246
932,237,53,2,58950
933,238,4,3,72183
934,238,58,5,66996
935,238,78,2,21761
936,239,41,5,16916
937,239,79,2,37051
938,239,66,2,21309
939,239,52,3,47423
940,240,46,1,39246
941,240,92,4,43974
942,240,43,5,37544
943,241,19,5,24844
944,241,22,1,20870
945,241,72,4,53594
946,241,29,5,27367
947,241,41,2,16916
948,242,65,3,95196
949,242,24,5,96972
950,242,16,5,21730
951,242,6,4,23328
952,242,75,2,31489
953,243,9,2,24385
954,243,32,1,82134
955,243,96,5,93706
956,243,64,1,18863
957,243,23,2,13902
958,244,11,1,42580
959,244,4,5,72183
960,244,16,4,21730
961,244,84,4,78759
962,244,50,4,53007
963,245,44,3,55170
964,245,62,3,39951
965,245,60,1,91851
966,245,11,1,42580
967,246,49,3,86790
968,246,46,5,39246
969,246,39,5,30610
970,246,95,1,10177
971,246,89,3,99643
972,247,44,1,55170
973,247,80,5,14416
974,247,12,5,31257
975,247,51,4,22310
976,248,99,2,64203
977,248,11,2,42580
978,248,21,3,33591
979,248,19,4,24844
980,249,73,4,58762
981,249,19,1,24844
982,249,42,2,44615
983,249,9,4,24385
984,250,27,5,85161
985,250,75,3,31489
986,250,18,5,49881
987,251,4,3,72183
988,251,61,4,83461
989,251,11,5,42580
990,251,95,3,10177
991,252,49,2,86790
992,252,81,1,69446
993,252,94,3,54643
994,253,54,2,55716
995,253,61,3,83461
996,253,14,3,61112
997,253,58,2,66996
998,254,34,2,71809
999,254,94,3,54643
1000,254,48,1,56186
1001,255,66,3,21309
1002,255,38,1,89599
1003,255,52,1,47423
1004,256,26,5,47395
1005,256,96,4,93706
1006,256,7,1,51167
1007,256,25,2,95530
1008,256,38,4,89599
1009,257,51,2,22310
1010,257,34,5,71809
1011,257,44,1,55170
1012,257,75,1,31489
1013,257,88,3,82751
1014,258,65,5,95196
1015,258,99,2,64203
1016,258,64,4,18863
1017,258,86,4,33028
1018,258,50,1,53007
1019,259,87,5,47322
1020,259,56,5,13545
1021,259,35,4,27106
1022,259,62,3,39951
1023,260,22,3,20870
1024,260,72,4,53594
1025,260,30,3,22486
1026,261,31,5,25080
1027,261,75,5,31489
1028,261,3,5,92869
1029,262,68,1,92995
1030,262,57,1,87341
1031,262,73,4,58762
1032,262,69,4,66333
1033,262,77,3,62543
1034,263,43,2,37544
1035,263,63,5,59829
1036,263,56,1,13545
1037,263,5,3,35124
1038,264,78,5,21761
1039,264,51,2,22310
1040,264,13,3,60825
1041,264,12,3,31257
1042,264,85,2,49747
1043,265,21,2,33591
1044,265,65,4,95196
1045,265,100,5,55240
1046,266,32,4,82134
1047,266,44,1,55170
1048,266,45,2,89685
1049,266,49,3,86790
1050,266,56,3,13545
1051,267,67,1,71990
1052,267,63,5,59829
1053,267,93,2,25266
1054,267,30,4,22486
1055,268,71,1,62771
1056,268,34,5,71809
1057,268,22,3,20870
1058,268,33,4,67163
1059,268,48,4,56186
1060,269,19,4,24844
1061,269,72,1,53594
1062,269,38,3,89599
1063,269,28,1,53426
1064,270,31,4,25080
1065,270,24,1,96972
1066,270,52,4,47423
1067,271,58,3,66996
1068,271,47,4,38951
1069,271,33,5,67163
1070,272,36,3,50269
1071,272,55,2,50282
1072,272,37,1,31314
1073,272,66,4,21309
1074,272,88,3,82751
1075,273,39,1,30610
1076,273,45,4,89685
1077,273,71,1,62771
1078,273,19,4,24844
1079,274,53,4,58950
1080,274,69,3,66333
1081,274,48,1,56186
1082,275,8,5,71394
1083,275,35,4,27106
1084,275,23,4,13902
1085,275,97,3,24578
1086,276,95,4,10177
1087,276,28,5,53426
1088,276,77,5,62543
1089,276,57,2,87341
1090,276,53,5,58950
1091,277,10,3,15030
1092,277,25,1,95530
1093,277,46,3,39246
1094,277,6,3,23328
1095,277,38,1,89599
1096,278,66,3,21309
1097,278,74,2,60296
1098,278,47,4,38951
1099,279,100,2,55240
1100,279,71,2,62771
1101,279,13,4,60825
1102,279,68,3,92995
1103,280,3,5,92869
1104,280,53,5,58950
1105,280,88,5,82751
1106,280,79,4,37051
1107,281,55,3,50282
1108,281,23,1,13902
1109,281,28,1,53426
1110,281,82,2,40303
1111,281,22,5,20870
1112,282,87,1,47322
1113,282,83,5,57341
1114,282,10,1,15030
1115,282,16,5,21730
1116,283,20,3,13940
1117,283,97,2,24578
1118,283,29,5,27367
1119,283,61,2,83461
1120,284,37,2,31314
1121,284,44,4,55170
1122,284,16,5,21730
1123,284,27,1,85161
1124,284,12,2,31257
1125,285,80,5,14416
1126,285,11,5,42580
1127,285,55,2,50282
1128,285,8,4,71394
1129,286,50,1,53007
1130,286,1,1,77345
1131,286,69,5,66333
1132,287,85,3,49747
1133,287,73,2,58762
1134,287,88,1,82751
1135,287,36,2,50269
1136,287,20,2,13940
1137,288,91,1,87573
1138,288,44,2,55170
1139,288,12,2,31257
1140,288,69,4,66333
1141,288,62,3,39951
1142,289,23,3,13902
1143,289,4,2,72183
1144,289,68,2,92995
1145,289,12,2,31257
1146,290,57,1,87341
1147,290,54,3,55716
1148,290,20,1,13940
1149,290,47,5,38951
1150,290,76,4,95956
1151,291,54,3,55716
1152,291,64,3,18863
1153,291,72,3,53594
1154,292,88,2,82751
1155,292,23,4,13902
1156,292,56,2,13545
1157,292,73,4,58762
1158,293,23,1,13902
1159,293,80,1,14416
1160,293,52,1,47423
1161,293,37,5,31314
1162,293,58,3,66996
1163,294,76,3,95956
1164,294,78,1,21761
1165,294,3,4,92869
1166,295,18,4,49881
1167,295,41,1,16916
1168,295,38,4,89599
1169,296,28,4,53426
1170,296,58,3,66996
1171,296,87,1,47322
1172,296,40,2,63117
1173,296,48,5,56186
1174,297,47,3,38951
1175,297,46,5,39246
1176,297,15,5,59265
1177,297,89,5,99643
1178,298,64,1,18863
1179,298,78,3,21761
1180,298,99,4,64203
1181,299,65,2,95196
1182,299,20,4,13940
1183,299,94,1,54643
1184,299,40,1,63117
1185,299,33,1,67163
1186,300,74,2,60296
1187,300,10,1,15030
1188,300,54,5,55716
1189,300,18,4,49881
1190,301,77,5,62543
1191,301,22,5,20870
1192,301,67,3,71990
1193,302,67,4,71990
1194,302,96,1,93706
1195,302,100,2,55240
1196,303,32,3,82134
1197,303,78,3,21761
1198,303,45,5,89685
1199,303,99,1,64203
1200,304,27,3,85161
1201,304,53,3,58950
1202,304,63,5,59829
1203,305,36,1,50269
1204,305,21,4,33591
1205,305,69,4,66333
1206,305,35,4,27106
1207,306,91,3,87573
1208,306,70,4,16773
1209,306,38,1,89599
1210,307,25,5,95530
1211,307,16,5,21730
1212,307,49,2,86790
1213,307,61,4,83461
1214,308,91,1,87573
1215,308,100,2,55240
1216,308,30,5,22486
1217,309,59,5,68303
1218,309,11,1,42580
1219,309,65,4,95196
1220,309,95,3,10177
1221,309,33,4,67163
1222,310,84,1,78759
1223,310,68,2,92995
1224,310,36,4,50269
1225,310,10,1,15030
1226,311,27,5,85161
1227,311,40,5,63117
1228,311,51,5,22310
1229,311,100,5,55240
1230,312,34,5,71809
1231,312,6,2,23328
1232,312,73,2,58762
1233,312,98,2,88669
1234,313,66,1,21309
1235,313,21,5,33591
1236,313,71,4,62771
1237,313,37,1,31314
1238,313,1,1,77345
1239,314,25,5,95530
1240,314,67,2,71990
1241,314,21,4,33591
1242,314,41,3,16916
1243,315,62,4,39951
1244,315,23,3,13902
1245,315,25,2,95530
1246,316,68,3,92995
1247,316,78,3,21761
1248,316,91,2,87573
1249,316,51,2,22310
1250,316,70,3,16773
1251,317,94,1,54643
1252,317,60,1,91851
1253,317,81,2,69446
1254,317,66,3,21309
1255,318,82,2,40303
1256,318,91,4,87573
1257,318,100,1,55240
1258,318,55,2,50282
1259,318,53,2,58950
1260,319,12,1,31257
1261,319,28,3,53426
1262,319,23,5,13902
1263,320,98,2,88669
1264,320,30,3,22486
1265,320,54,5,55716
1266,320,12,5,31257
1267,320,73,1,58762
1268,321,46,3,39246
1269,321,75,3,31489
1270,321,86,5,33028
1271,321,10,5,15030
1272,322,84,3,78759
1273,322,69,4,66333
1274,322,77,1,62543
1275,323,72,2,53594
1276,323,2,2,16956
1277,323,19,2,24844
1278,323,97,4,24578
1279,324,99,3,64203
1280,324,13,3,60825
1281,324,1,5,77345
1282,325,10,5,15030
1283,325,2,2,16956
1284,325,40,2,63117
1285,325,38,5,89599
1286,325,90,2,99988
1287,326,86,1,33028
1288,326,70,1,16773
1289,326,38,1,89599
1290,327,42,3,44615
1291,327,93,3,25266
1292,327,16,3,21730
1293,328,33,4,67163
1294,328,57,4,87341
1295,328,87,5,47322
1296,329,57,3,87341
1297,329,29,2,27367
1298,329,39,5,30610
1299,329,71,2,62771
1300,330,53,2,58950
1301,330,36,2,50269
1302,330,18,4,49881
1303,330,47,5,38951
1304,331,19,2,24844
1305,331,49,5,86790
1306,331,7,1,51167
1307,332,11,5,42580
1308,332,52,2,47423
1309,332,70,3,16773
1310,333,75,2,31489
1311,333,85,4,49747
1312,333,35,4,27106
1313,334,27,1,85161
1314,334,85,3,49747
1315,334,17,2,32785
1316,334,6,5,23328
1317,335,28,2,53426
1318,335,47,1,38951
1319,335,71,3,62771
1320,336,39,2,30610
1321,336,86,4,33028
1322,336,94,4,54643
1323,336,75,3,31489
1324,337,86,4,33028
1325,337,70,3,16773
1326,337,12,1,31257
1327,338,73,4,58762
1328,338,54,1,55716
1329,338,61,1,83461
1330,338,90,5,99988
1331,339,23,4,13902
1332,339,86,2,33028
1333,339,99,1,64203
1334,339,60,5,91851
1335,340,49,3,86790
1336,340,54,3,55716
1337,340,97,5,24578
1338,340,36,4,50269
1339,340,27,1,85161
1340,341,33,1,67163
1341,341,100,3,55240
1342,341,48,1,56186
1343,342,56,3,13545
1344,342,8,1,71394
1345,342,46,3,39246
1346,343,60,1,91851
1347,343,99,5,64203
1348,343,12,2,31257
1349,344,42,1,44615
1350,344,72,2,53594
1351,344,8,1,71394
1352,344,52,5,47423
1353,345,74,4,60296
1354,345,1,5,77345
1355,345,46,3,39246
1356,346,8,4,71394
1357,346,99,5,64203
1358,346,47,3,38951
1359,347,96,3,93706
1360,347,17,4,32785
1361,347,72,3,53594
1362,347,91,2,87573
1363,348,91,3,87573
1364,348,1,1,77345
1365,348,69,5,66333
1366,348,92,5,43974
1367,348,5,5,35124
1368,349,15,1,59265
1369,349,77,3,62543
1370,349,40,4,63117
1371,349,86,1,33028
1372,350,20,4,13940
1373,350,87,4,47322
1374,350,35,5,27106
1375,350,40,4,63117
1376,350,1,4,77345
1377,351,52,2,47423
1378,351,66,1,21309
1379,351,32,5,82134
1380,352,2,5,16956
1381,352,92,4,43974
1382,352,80,4,14416
1383,352,41,5,16916
1384,352,6,2,23328
1385,353,24,5,96972
1386,353,18,2,49881
1387,353,1,2,77345
1388,354,15,5,59265
1389,354,93,3,25266
1390,354,60,1,91851
1391,354,21,2,33591
1392,355,81,5,69446
1393,355,25,5,95530
1394,355,67,1,71990
1395,355,77,2,62543
1396,356,52,2,47423
1397,356,44,3,55170
1398,356,3,2,92869
1399,357,32,1,82134
1400,357,23,5,13902
1401,357,82,2,40303
1402,358,40,1,63117
1403,358,8,4,71394
1404,358,81,5,69446
1405,358,70,4,16773
1406,359,43,5,37544
1407,359,42,2,44615
1408,359,21,3,33591
1409,360,1,5,77345
1410,360,5,5,35124
1411,360,84,1,78759
1412,361,98,2,88669
1413,361,96,3,93706
1414,361,18,4,49881
1415,361,55,4,50282
1416,362,71,3,62771
1417,362,5,3,35124
1418,362,11,1,42580
1419,362,76,5,95956
1420,362,35,1,27106
1421,363,50,4,53007
1422,363,19,3,24844
1423,363,86,1,33028
1424,364,71,4,62771
1425,364,3,1,92869
1426,364,80,4,14416
1427,365,49,5,86790
1428,365,46,3,39246
1429,365,54,1,55716
1430,365,61,5,83461
1431,366,21,5,33591
1432,366,17,3,32785
1433,366,51,2,22310
1434,366,32,2,82134
1435,366,86,3,33028
1436,367,39,5,30610
1437,367,14,2,61112
1438,367,51,1,22310
1439,367,47,2,38951
1440,367,56,2,13545
1441,368,20,1,13940
1442,368,81,5,69446
1443,368,92,3,43974
1444,369,58,1,66996
1445,369,94,3,54643
1446,369,36,2,50269
1447,370,8,2,71394
1448,370,2,2,16956
1449,370,20,1,13940
1450,370,37,3,31314
1451,371,11,4,42580
1452,371,82,1,40303
1453,371,36,4,50269
1454,371,72,4,53594
1455,371,74,4,60296
1456,372,34,4,71809
1457,372,93,2,25266
1458,372,63,3,59829
1459,372,58,1,66996
1460,373,39,3,30610
1461,373,31,3,25080
1462,373,88,5,82751
1463,373,61,2,83461
1464,374,20,2,13940
1465,374,54,3,55716
1466,374,40,4,63117
1467,374,78,5,21761
1468,374,51,3,22310
1469,375,38,3,89599
1470,375,73,3,58762
1471,375,46,2,39246
1472,375,75,3,31489
1473,375,72,3,53594
1474,376,26,1,47395
1475,376,97,3,24578
1476,376,33,4,67163
1477,377,88,5,82751
1478,377,91,1,87573
1479,377,21,5,33591
1480,377,100,4,55240
1481,377,54,2,55716
1482,378,96,1,93706
1483,378,19,2,24844
1484,378,70,2,16773
1485,379,27,4,85161
1486,379,22,5,20870
1487,379,93,1,25266
1488,379,100,5,55240
1489,379,89,1,99643
1490,380,63,3,59829
1491,380,35,5,27106
1492,380,94,2,54643
1493,380,96,5,93706
1494,381,90,4,99988
1495,381,51,4,22310
1496,381,18,1,49881
1497,381,29,5,27367
1498,381,63,4,59829
1499,382,2,3,16956
1500,382,60,5,91851
1501,382,51,4,22310
1502,382,20,2,13940
1503,382,42,5,44615
1504,383,76,2,95956
1505,383,70,1,16773
1506,383,55,1,50282
1507,384,84,3,78759
1508,384,40,3,63117
1509,384,17,2,32785
1510,384,3,4,92869
1511,384,78,5,21761
1512,385,50,2,53007
1513,385,33,2,67163
1514,385,90,3,99988
1515,385,19,5,24844
1516,385,74,5,60296
1517,386,76,3,95956
1518,386,72,1,53594
1519,386,15,3,59265
1520,386,98,3,88669
1521,386,24,2,96972
1522,387,72,3,53594
1523,387,24,4,96972
1524,387,35,2,27106
1525,387,42,1,44615
1526,387,71,2,62771
1527,388,13,1,60825
1528,388,65,2,95196
1529,388,95,3,10177
1530,388,30,5,22486
1531,389,78,1,21761
1532,389,76,4,95956
1533,389,22,4,20870
1534,389,48,4,56186
1535,389,34,5,71809
1536,390,75,5,31489
1537,390,74,1,60296
1538,390,24,2,96972
1539,390,44,4,55170
1540,391,73,4,58762
1541,391,92,1,43974
1542,391,39,4,30610
1543,392,94,4,54643
1544,392,32,4,82134
1545,392,44,5,55170
1546,392,63,2,59829
1547,393,8,2,71394
1548,393,80,1,14416
1549,393,65,4,95196
1550,393,12,2,31257
1551,393,63,4,59829
1552,394,12,5,31257
1553,394,87,4,47322
1554,394,18,2,49881
1555,394,72,3,53594
1556,394,78,4,21761
1557,395,12,3,31257
1558,395,90,5,99988
1559,395,70,5,16773
1560,395,69,4,66333
1561,395,67,2,71990
1562,396,78,3,21761
1563,396,39,3,30610
1564,396,1,1,77345
1565,396,35,4,27106
1566,396,60,3,91851
1567,397,19,2,24844
1568,397,46,1,39246
1569,397,83,5,57341
1570,398,41,4,16916
1571,398,22,3,20870
1572,398,92,3,43974
1573,398,70,4,16773
1574,398,48,2,56186
1575,399,70,1,16773
1576,399,46,1,39246
1577,399,21,4,33591
1578,399,16,3,21730
1579,399,95,1,10177
1580,400,11,5,42580
1581,400,73,2,58762
1582,400,66,1,21309
1583,400,56,4,13545
1584,401,80,4,14416
1585,401,82,1,40303
1586,401,18,4,49881
1587,402,33,3,67163
1588,402,46,2,39246
1589,402,96,1,93706
1590,402,28,3,53426
1591,402,76,5,95956
1592,403,79,5,37051
1593,403,40,1,63117
1594,403,3,4,92869
1595,404,42,5,44615
1596,404,41,4,16916
1597,404,83,1,57341
1598,404,72,4,53594
1599,404,15,1,59265
1600,405,7,3,51167
1601,405,99,2,64203
1602,405,8,2,71394
1603,406,87,4,47322
1604,406,39,5,30610
1605,406,3,3,92869
1606,406,6,4,23328
1607,407,87,2,47322
1608,407,3,4,92869
1609,407,24,2,96972
1610,407,53,4,58950
1611,408,59,3,68303
1612,408,34,1,71809
1613,408,88,1,82751
1614,408,76,1,95956
1615,408,36,1,50269
1616,409,79,4,37051
1617,409,64,3,18863
1618,409,48,5,56186
1619,409,72,5,53594
1620,409,24,2,96972
1621,410,91,1,87573
1622,410,62,4,39951
1623,410,45,1,89685
1624,410,3,2,92869
1625,410,58,2,66996
1626,411,82,5,40303
1627,411,91,2,87573
1628,411,6,5,23328
1629,412,43,1,37544
1630,412,87,3,47322
1631,412,80,5,14416
1632,413,83,1,57341
1633,413,76,2,95956
1634,413,25,2,95530
1635,414,22,2,20870
1636,414,6,3,23328
1637,414,88,2,82751
1638,415,10,5,15030
1639,415,55,2,50282
1640,415,62,4,39951
1641,415,91,5,87573
1642,416,18,4,49881
1643,416,82,3,40303
1644,416,84,4,78759
1645,416,45,1,89685
1646,417,76,2,95956
1647,417,72,4,53594
1648,417,20,1,13940
1649,417,89,2,99643
1650,418,8,4,71394
1651,418,19,4,24844
1652,418,53,4,58950
1653,418,25,1,95530
1654,419,24,1,96972
1655,419,31,4,25080
1656,419,35,1,27106
1657,420,80,2,14416
1658,420,66,3,21309
1659,420,37,1,31314
1660,421,82,4,40303
1661,421,54,3,55716
1662,421,32,4,82134
1663,422,83,3,57341
1664,422,81,4,69446
1665,422,64,3,18863
1666,422,78,3,21761
1667,423,75,2,31489
1668,423,66,1,21309
1669,423,25,1,95530
1670,423,47,3,38951
1671,423,93,4,25266
1672,424,85,5,49747
1673,424,66,2,21309
1674,424,90,2,99988
1675,425,30,2,22486
1676,425,73,1,58762
1677,425,16,2,21730
1678,425,92,4,43974
1679,425,62,4,39951
1680,426,50,4,53007
1681,426,67,3,71990
1682,426,99,2,64203
1683,427,76,3,95956
1684,427,11,5,42580
1685,427,27,5,85161
1686,427,53,2,58950
1687,427,61,3,83461
1688,428,27,4,85161
1689,428,67,2,71990
1690,428,18,1,49881
1691,429,55,4,50282
1692,429,81,4,69446
1693,429,95,3,10177
1694,430,30,2,22486
1695,430,53,4,58950
1696,430,83,4,57341
1697,431,14,1,61112
1698,431,28,2,53426
1699,431,30,2,22486
1700,432,99,5,64203
1701,432,35,2,27106
1702,432,49,2,86790
1703,433,42,5,44615
1704,433,10,1,15030
1705,433,81,2,69446
1706,433,52,5,47423
1707,434,85,1,49747
1708,434,20,5,13940
1709,434,52,1,47423
1710,435,85,5,49747
1711,435,12,5,31257
1712,435,20,3,13940
1713,436,54,3,55716
1714,436,16,2,21730
1715,436,60,3,91851
1716,436,52,5,47423
1717,437,15,5,59265
1718,437,24,3,96972
1719,437,7,5,51167
1720,438,36,1,50269
1721,438,51,2,22310
1722,438,19,4,24844
1723,439,9,5,24385
1724,439,38,3,89599
1725,439,35,3,27106
1726,439,81,4,69446
1727,440,43,2,37544
1728,440,20,5,13940
1729,440,11,5,42580
1730,440,45,4,89685
1731,441,55,1,50282
1732,441,2,1,16956
1733,441,40,5,63117
1734,441,15,5,59265
1735,441,28,3,53426
1736,442,67,5,71990
1737,442,35,1,27106
1738,442,80,1,14416
1739,443,87,2,47322
1740,443,66,3,21309
1741,443,30,2,22486
1742,443,35,5,27106
1743,443,82,1,40303
1744,444,48,2,56186
1745,444,71,3,62771
1746,444,75,3,31489
1747,444,80,3,14416
1748,445,48,4,56186
1749,445,27,2,85161
1750,445,61,4,83461
1751,445,24,2,96972
1752,445,95,4,10177
1753,446,77,4,62543
1754,446,26,5,47395
1755,446,42,4,44615
1756,446,91,3,87573
1757,447,31,1,25080
1758,447,80,5,14416
1759,447,32,2,82134
1760,448,26,4,47395
1761,448,28,3,53426
1762,448,19,3,24844
1763,449,29,1,27367
1764,449,16,1,21730
1765,449,48,5,56186
1766,449,32,3,82134
1767,450,83,4,57341
1768,450,49,3,86790
1769,450,84,1,78759
1770,450,61,5,83461
1771,451,55,2,50282
1772,451,40,2,63117
1773,451,77,5,62543
1774,451,54,1,55716
1775,452,27,2,85161
1776,452,15,5,59265
1777,452,70,3,16773
1778,452,62,5,39951
1779,452,68,3,92995
1780,453,28,1,53426
1781,453,99,2,64203
1782,453,100,5,55240
1783,453,3,2,92869
1784,453,62,4,39951
1785,454,23,1,13902
1786,454,48,3,56186
1787,454,66,4,21309
1788,455,83,3,57341
1789,455,77,1,62543
1790,455,73,3,58762
1791,455,39,1,30610
1792,456,35,2,27106
1793,456,92,5,43974
1794,456,13,1,60825
1795,456,33,5,67163
1796,457,39,3,30610
1797,457,91,2,87573
1798,457,8,1,71394
1799,457,87,3,47322
1800,458,70,1,16773
1801,458,97,2,24578
1802,458,35,2,27106
1803,458,72,5,53594
1804,459,83,1,57341
1805,459,92,4,43974
1806,459,40,1,63117
1807,460,51,1,22310
1808,460,19,1,24844
1809,460,33,2,67163
1810,460,23,1,13902
1811,461,7,2,51167
1812,461,91,1,87573
1813,461,70,2,16773
1814,461,29,2,27367
1815,462,8,4,71394
1816,462,67,2,71990
1817,462,23,4,13902
1818,462,40,2,63117
1819,462,27,3,85161
1820,463,99,3,64203
1821,463,21,3,33591
1822,463,90,1,99988
1823,463,74,1,60296
1824,464,42,5,44615
1825,464,17,3,32785
1826,464,85,5,49747
1827,464,21,2,33591
1828,464,87,4,47322
1829,465,49,3,86790
1830,465,15,4,59265
1831,465,10,3,15030
1832,465,45,3,89685
1833,466,38,5,89599
1834,466,55,2,50282
1835,466,6,5,23328
1836,466,24,2,96972
1837,467,8,1,71394
1838,467,27,1,85161
1839,467,37,4,31314
1840,467,72,3,53594
1841,467,23,5,13902
1842,468,87,5,47322
1843,468,21,1,33591
1844,468,40,4,63117
1845,468,42,4,44615
1846,469,35,1,27106
1847,469,80,2,14416
1848,469,67,4,71990
1849,470,19,5,24844
1850,470,53,4,58950
1851,470,85,1,49747
1852,470,63,2,59829
1853,471,85,4,49747
1854,471,35,3,27106
1855,471,31,5,25080
1856,471,48,5,56186
1857,472,20,5,13940
1858,472,95,3,10177
1859,472,48,2,56186
1860,472,47,4,38951
1861,472,26,5,47395
1862,473,79,2,37051
1863,473,68,3,92995
1864,473,28,4,53426
1865,474,32,4,82134
1866,474,73,4,58762
1867,474,66,4,21309
1868,474,20,4,13940
1869,475,3,3,92869
1870,475,1,3,77345
1871,475,48,5,56186
1872,475,29,5,27367
1873,476,15,3,59265
1874,476,75,5,31489
1875,476,92,3,43974
1876,477,5,1,35124
1877,477,17,2,32785
1878,477,80,5,14416
1879,478,94,4,54643
1880,478,3,2,92869
1881,478,15,5,59265
1882,478,51,4,22310
1883,478,37,1,31314
1884,479,18,5,49881
1885,479,96,5,93706
1886,479,69,5,66333
1887,479,6,1,23328
1888,479,49,3,86790
1889,480,24,3,96972
1890,480,68,1,92995
1891,480,28,1,53426
1892,481,98,5,88669
1893,481,44,3,55170
1894,481,32,5,82134
1895,481,21,2,33591
1896,482,74,1,60296
1897,482,31,1,25080
1898,482,9,2,24385
1899,482,10,4,15030
1900,483,89,5,99643
1901,483,67,2,71990
1902,483,18,5,49881
1903,483,2,2,16956
1904,483,77,5,62543
1905,484,23,5,13902
1906,484,96,5,93706
1907,484,55,4,50282
1908,484,10,2,15030
1909,485,99,3,64203
1910,485,24,4,96972
1911,485,68,5,92995
1912,486,11,5,42580
1913,486,66,2,21309
1914,486,28,1,53426
1915,486,9,4,24385
1916,486,89,2,99643
1917,487,37,1,31314
1918,487,11,4,42580
1919,487,60,5,91851
1920,488,52,5,47423
1921,488,92,4,43974
1922,488,23,4,13902
1923,488,36,4,50269
1924,488,20,3,13940
1925,489,59,2,68303
1926,489,23,1,13902
1927,489,4,3,72183
1928,490,17,2,32785
1929,490,18,5,49881
1930,490,26,2,47395
1931,490,85,4,49747
1932,490,74,3,60296
1933,491,72,2,53594
1934,491,60,4,91851
1935,491,13,1,60825
1936,492,24,3,96972
1937,492,18,2,49881
1938,492,95,2,10177
1939,492,23,2,13902
1940,492,9,4,24385
1941,493,24,1,96972
1942,493,14,2,61112
1943,493,36,3,50269
1944,493,90,5,99988
1945,494,52,4,47423
1946,494,57,4,87341
1947,494,47,5,38951
1948,494,84,5,78759
1949,494,9,3,24385
1950,495,21,2,33591
1951,495,16,4,21730
1952,495,4,5,72183
1953,495,26,1,47395
1954,495,38,1,89599
1955,496,79,2,37051
1956,496,47,5,38951
1957,496,63,5,59829
1958,497,53,3,58950
1959,497,20,2,13940
1960,497,35,5,27106
1961,497,38,1,89599
1962,498,28,3,53426
1963,498,60,4,91851
1964,498,6,4,23328
1965,498,53,3,58950
1966,499,87,1,47322
1967,499,23,3,13902
1968,499,93,1,25266
1969,499,5,4,35124
1970,499,56,4,13545
1971,500,6,5,23328
1972,500,25,4,95530
1973,500,51,1,22310
1974,500,92,5,43974
1975,500,32,2,82134
1976,501,17,5,32785
1977,501,34,1,71809
1978,501,54,3,55716
1979,501,96,3,93706
1980,501,25,2,95530
1981,502,30,1,22486
1982,502,7,3,51167
1983,502,64,2,18863
1984,502,55,2,50282
1985,503,95,3,10177
1986,503,55,2,50282
1987,503,92,1,43974
1988,503,22,2,20870
1989,503,19,5,24844
1990,504,37,2,31314
1991,504,62,2,39951
1992,504,63,3,59829
1993,505,72,2,53594
1994,505,13,3,60825
1995,505,46,4,39246
1996,506,12,4,31257
1997,506,70,4,16773
1998,506,76,5,95956
1999,506,25,1,95530
2000,506,18,4,49881
2001,507,100,2,55240
2002,507,56,2,13545
2003,507,77,5,62543
2004,508,43,5,37544
2005,508,85,2,49747
2006,508,11,3,42580
2007,508,71,2,62771
2008,508,97,1,24578
2009,509,32,3,82134
2010,509,4,4,72183
2011,509,65,3,95196
2012,510,99,1,64203
2013,510,17,5,32785
2014,510,87,3,47322
2015,510,92,2,43974
2016,511,23,4,13902
2017,511,14,1,61112
2018,511,13,3,60825
2019,511,38,2,89599
2020,512,27,5,85161
2021,512,12,5,31257
2022,512,90,2,99988
2023,513,63,4,59829
2024,513,97,2,24578
2025,513,23,2,13902
2026,513,76,2,95956
2027,514,74,1,60296
2028,514,80,1,14416
2029,514,26,1,47395
2030,514,71,5,62771
2031,515,9,4,24385
2032,515,31,4,25080
2033,515,16,2,21730
2034,515,21,5,33591
2035,515,72,5,53594
2036,516,82,3,40303
2037,516,50,3,53007
2038,516,14,4,61112
2039,516,5,3,35124
2040,516,53,2,58950
2041,517,43,2,37544
2042,517,87,2,47322
2043,517,18,2,49881
2044,517,61,3,83461
2045,517,24,1,96972
2046,518,54,3,55716
2047,518,34,4,71809
2048,518,47,3,38951
2049,518,42,1,44615
2050,518,52,5,47423
2051,519,79,2,37051
2052,519,18,4,49881
2053,519,50,4,53007
2054,520,52,1,47423
2055,520,91,1,87573
2056,520,80,2,14416
2057,520,1,4,77345
2058,521,24,1,96972
2059,521,100,3,55240
2060,521,19,2,24844
2061,522,3,5,92869
2062,522,26,3,47395
2063,522,69,3,66333
2064,522,32,4,82134
2065,523,94,4,54643
2066,523,95,3,10177
2067,523,20,5,13940
2068,524,61,4,83461
2069,524,55,5,50282
2070,524,41,1,16916
2071,525,20,2,13940
2072,525,96,4,93706
2073,525,59,1,68303
2074,525,41,2,16916
2075,526,16,5,21730
2076,526,78,3,21761
2077,526,66,4,21309
2078,526,98,4,88669
2079,526,19,5,24844
2080,527,67,3,71990
2081,527,3,4,92869
2082,527,32,5,82134
2083,527,34,4,71809
2084,527,93,4,25266
2085,528,87,3,47322
2086,528,91,1,87573
2087,528,84,4,78759
2088,528,33,3,67163
2089,529,14,1,61112
2090,529,40,4,63117
2091,529,25,5,95530
2092,529,58,5,66996
2093,529,88,5,82751
2094,530,18,2,49881
2095,530,31,3,25080
2096,530,72,1,53594
2097,530,33,5,67163
2098,531,12,2,31257
2099,531,36,2,50269
2100,531,6,4,23328
2101,531,23,4,13902
2102,532,51,5,22310
2103,532,5,4,35124
2104,532,46,2,39246
2105,532,80,5,14416
2106,532,6,2,23328
2107,533,27,1,85161
2108,533,9,2,24385
2109,533,42,2,44615
2110,533,11,3,42580
2111,533,91,5,87573
2112,534,24,2,96972
2113,534,40,5,63117
2114,534,48,1,56186
2115,534,83,3,57341
2116,535,9,1,24385
2117,535,40,2,63117
2118,535,39,4,30610
2119,536,64,5,18863
2120,536,66,5,21309
2121,536,26,5,47395
2122,536,91,5,87573
2123,537,58,3,66996
2124,537,57,2,87341
2125,537,69,2,66333
2126,537,97,3,24578
2127,538,44,1,55170
2128,538,63,3,59829
2129,538,33,4,67163
2130,538,89,2,99643
2131,538,82,4,40303
2132,539,71,5,62771
2133,539,13,4,60825
2134,539,24,5,96972
2135,539,74,3,60296
2136,539,99,5,64203
2137,540,64,3,18863
2138,540,76,3,95956
2139,540,48,5,56186
2140,541,6,5,23328
2141,541,84,5,78759
2142,541,57,1,87341
2143,541,91,3,87573
2144,541,3,1,92869
2145,542,87,1,47322
2146,542,61,2,83461
2147,542,69,2,66333
2148,542,11,5,42580
2149,542,15,3,59265
2150,543,37,2,31314
2151,543,45,1,89685
2152,543,29,5,27367
2153,543,78,5,21761
2154,543,67,5,71990
2155,544,36,3,50269
2156,544,10,4,15030
2157,544,50,5,53007
2158,545,13,4,60825
2159,545,17,2,32785
2160,545,26,1,47395
2161,545,95,2,10177
2162,545,36,5,50269
2163,546,59,2,68303
2164,546,52,1,47423
2165,546,99,4,64203
2166,546,25,1,95530
2167,547,46,1,39246
2168,547,88,5,82751
2169,547,37,3,31314
2170,547,51,3,22310
2171,547,50,1,53007
2172,548,88,2,82751
2173,548,55,5,50282
2174,548,73,1,58762
2175,548,90,4,99988
2176,549,55,4,50282
2177,549,56,3,13545
2178,549,100,2,55240
2179,550,89,5,99643
2180,550,4,2,72183
2181,550,82,5,40303
2182,550,63,2,59829
2183,550,44,2,55170
2184,551,24,1,96972
2185,551,19,4,24844
2186,551,40,1,63117
2187,551,69,3,66333
2188,551,9,3,24385
2189,552,52,4,47423
2190,552,53,5,58950
2191,552,63,2,59829
2192,552,78,5,21761
2193,552,86,2,33028
2194,553,58,3,66996
2195,553,94,4,54643
2196,553,63,3,59829
2197,554,28,4,53426
2198,554,9,2,24385
2199,554,52,4,47423
2200,555,6,5,23328
2201,555,37,4,31314
2202,555,70,1,16773
2203,556,97,2,24578
2204,556,87,1,47322
2205,556,70,2,16773
2206,557,3,1,92869
2207,557,94,3,54643
2208,557,36,2,50269
2209,557,27,3,85161
2210,557,38,2,89599
2211,558,16,2,21730
2212,558,27,1,85161
2213,558,11,4,42580
2214,558,36,2,50269
2215,558,90,3,99988
2216,559,63,4,59829
2217,559,2,5,16956
2218,559,66,1,21309
2219,559,54,2,55716
2220,560,41,3,16916
2221,560,55,5,50282
2222,560,29,1,27367
2223,560,79,2,37051
2224,561,28,3,53426
2225,561,89,1,99643
2226,561,71,2,62771
2227,562,21,3,33591
2228,562,23,2,13902
2229,562,29,4,27367
2230,563,84,2,78759
2231,563,12,3,31257
2232,563,99,1,64203
2233,563,30,5,22486
2234,564,68,3,92995
2235,564,44,5,55170
2236,564,95,2,10177
2237,564,82,4,40303
2238,564,40,3,63117
2239,565,57,1,87341
2240,565,86,2,33028
2241,565,87,5,47322
2242,565,83,4,57341
2243,565,69,5,66333
2244,566,60,4,91851
2245,566,80,2,14416
2246,566,46,2,39246
2247,567,30,4,22486
2248,567,48,2,56186
2249,567,100,1,55240
2250,567,31,5,25080
2251,567,75,3,31489
2252,568,1,3,77345
2253,568,80,5,14416
2254,568,18,1,49881
2255,568,79,2,37051
2256,569,72,3,53594
2257,569,49,3,86790
2258,569,82,3,40303
2259,569,93,2,25266
2260,569,2,2,16956
2261,570,56,4,13545
2262,570,2,1,16956
2263,570,90,4,99988
2264,571,44,2,55170
2265,571,11,2,42580
2266,571,63,4,59829
2267,572,33,3,67163
2268,572,83,3,57341
2269,572,76,2,95956
2270,573,58,4,66996
2271,573,27,2,85161
2272,573,57,1,87341
2273,573,97,5,24578
2274,573,32,3,82134
2275,574,85,5,49747
2276,574,67,3,71990
2277,574,77,3,62543
2278,574,24,4,96972
2279,575,48,4,56186
2280,575,1,1,77345
2281,575,73,4,58762
2282,575,82,1,40303
2283,575,78,3,21761
2284,576,45,5,89685
2285,576,12,5,31257
2286,576,87,3,47322
2287,576,38,2,89599
2288,577,40,3,63117
2289,577,24,4,96972
2290,577,58,2,66996
2291,577,21,5,33591
2292,578,40,4,63117
2293,578,52,1,47423
2294,578,50,4,53007
2295,579,50,5,53007
2296,579,52,5,47423
2297,579,93,3,25266
2298,579,87,1,47322
2299,579,39,3,30610
2300,580,92,5,43974
2301,580,76,4,95956
2302,580,32,4,82134
2303,580,37,5,31314
2304,581,90,1,99988
2305,581,57,3,87341
2306,581,16,2,21730
2307,582,60,4,91851
2308,582,64,3,18863
2309,582,71,5,62771
2310,582,12,1,31257
2311,582,69,1,66333
2312,583,60,4,91851
2313,583,61,2,83461
2314,583,54,2,55716
2315,583,5,1,35124
2316,584,63,1,59829
2317,584,50,3,53007
2318,584,30,1,22486
2319,585,19,1,24844
2320,585,31,4,25080
2321,585,59,1,68303
2322,585,23,2,13902
2323,586,53,3,58950
2324,586,68,4,92995
2325,586,48,5,56186
2326,586,56,3,13545
2327,586,14,4,61112
2328,587,88,1,82751
2329,587,80,1,14416
2330,587,82,4,40303
2331,588,3,5,92869
2332,588,96,1,93706
2333,588,89,1,99643
2334,588,48,5,56186
2335,588,81,4,69446
2336,589,29,2,27367
2337,589,1,5,77345
2338,589,25,2,95530
2339,590,77,4,62543
2340,590,100,2,55240
2341,590,63,5,59829
2342,591,15,2,59265
2343,591,41,5,16916
2344,591,90,3,99988
2345,592,84,4,78759
2346,592,5,2,35124
2347,592,12,3,31257
2348,592,49,3,86790
2349,592,33,2,67163
2350,593,71,3,62771
2351,593,35,1,27106
2352,593,39,2,30610
2353,593,64,5,18863
2354,593,30,2,22486
2355,594,63,1,59829
2356,594,33,3,67163
2357,594,23,1,13902
2358,594,27,2,85161
2359,595,5,5,35124
2360,595,16,5,21730
2361,595,1,4,77345
2362,596,49,3,86790
2363,596,6,4,23328
2364,596,23,1,13902
2365,596,18,1,49881
2366,596,56,5,13545
2367,597,83,3,57341
2368,597,31,2,25080
2369,597,80,3,14416
2370,597,64,3,18863
2371,597,48,4,56186
2372,598,1,5,77345
2373,598,41,4,16916
2374,598,76,3,95956
2375,598,29,2,27367
2376,599,37,5,31314
2377,599,18,5,49881
2378,599,77,1,62543
2379,599,26,3,47395
2380,600,55,2,50282
2381,600,93,5,25266
2382,600,60,2,91851
2383,601,22,2,20870
2384,601,80,5,14416
2385,601,3,4,92869
2386,602,69,5,66333
2387,602,5,5,35124
2388,602,45,5,89685
2389,602,85,4,49747
2390,603,9,1,24385
2391,603,52,4,47423
2392,603,61,1,83461
2393,603,57,2,87341
2394,603,11,3,42580
2395,604,54,1,55716
2396,604,22,5,20870
2397,604,87,2,47322
2398,604,99,4,64203
2399,605,16,3,21730
2400,605,5,2,35124
2401,605,11,5,42580
2402,606,71,3,62771
2403,606,38,1,89599
2404,606,66,5,21309
2405,607,58,2,66996
2406,607,92,3,43974
2407,607,90,5,99988
2408,608,75,3,31489
2409,608,9,5,24385
2410,608,83,3,57341
2411,609,93,1,25266
2412,609,15,1,59265
2413,609,8,3,71394
2414,610,57,2,87341
2415,610,93,1,25266
2416,610,58,1,66996
2417,610,96,1,93706
2418,611,26,4,47395
2419,611,32,5,82134
2420,611,66,2,21309
2421,611,19,2,24844
2422,612,31,3,25080
2423,612,90,2,99988
2424,612,57,3,87341
2425,613,74,2,60296
2426,613,87,2,47322
2427,613,39,5,30610
2428,613,51,4,22310
2429,614,10,5,15030
2430,614,8,1,71394
2431,614,19,5,24844
2432,615,30,2,22486
2433,615,34,1,71809
2434,615,27,1,85161
2435,615,94,2,54643
2436,615,23,4,13902
2437,616,43,1,37544
2438,616,40,5,63117
2439,616,1,3,77345
2440,617,68,5,92995
2441,617,44,2,55170
2442,617,21,5,33591
2443,617,46,4,39246
2444,617,86,5,33028
2445,618,21,1,33591
2446,618,70,4,16773
2447,618,63,1,59829
2448,618,61,4,83461
2449,618,30,1,22486
2450,619,12,3,31257
2451,619,38,5,89599
2452,619,42,1,44615
2453,619,75,2,31489
2454,620,27,3,85161
2455,620,16,4,21730
2456,620,11,5,42580
2457,620,73,3,58762
2458,621,2,1,16956
2459,621,48,2,56186
2460,621,32,5,82134
2461,621,31,4,25080
2462,622,52,4,47423
2463,622,25,3,95530
2464,622,34,2,71809
2465,623,36,5,50269
2466,623,62,2,39951
2467,623,24,1,96972
2468,624,14,3,61112
2469,624,32,3,82134
2470,624,81,5,69446
2471,624,33,1,67163
2472,625,7,1,51167
2473,625,57,3,87341
2474,625,49,5,86790
2475,626,18,4,49881
2476,626,65,1,95196
2477,626,84,2,78759
2478,627,89,3,99643
2479,627,49,1,86790
2480,627,23,3,13902
2481,628,21,1,33591
2482,628,79,3,37051
2483,628,57,4,87341
2484,628,96,3,93706
2485,628,90,3,99988
2486,629,59,2,68303
2487,629,76,2,95956
2488,629,84,2,78759
2489,629,6,2,23328
2490,630,67,3,71990
2491,630,13,2,60825
2492,630,50,1,53007
2493,630,76,4,95956
2494,630,43,5,37544
2495,631,69,3,66333
2496,631,73,5,58762
2497,631,86,4,33028
2498,631,53,2,58950
2499,632,58,1,66996
2500,632,95,2,10177
2501,632,56,3,13545
2502,633,96,5,93706
2503,633,79,3,37051
2504,633,81,5,69446
2505,634,59,3,68303
2506,634,84,1,78759
2507,634,21,1,33591
2508,634,80,2,14416
2509,635,30,1,22486
2510,635,75,2,31489
2511,635,1,4,77345
2512,636,59,1,68303
2513,636,74,5,60296
2514,636,35,5,27106
2515,636,16,4,21730
2516,636,34,1,71809
2517,637,81,5,69446
2518,637,25,4,95530
2519,637,18,2,49881
2520,638,91,1,87573
2521,638,88,3,82751
2522,638,5,3,35124
2523,638,69,4,66333
2524,638,49,5,86790
2525,639,38,2,89599
2526,639,39,5,30610
2527,639,83,2,57341
2528,639,61,2,83461
2529,639,44,4,55170
2530,640,4,1,72183
2531,640,92,5,43974
2532,640,2,2,16956
2533,640,91,3,87573
2534,641,87,2,47322
2535,641,31,4,25080
2536,641,37,5,31314
2537,641,2,3,16956
2538,641,44,5,55170
2539,642,72,5,53594
2540,642,6,2,23328
2541,642,9,2,24385
2542,642,25,5,95530
2543,643,14,1,61112
2544,643,80,1,14416
2545,643,20,5,13940
2546,643,90,3,99988
2547,643,77,5,62543
2548,644,45,1,89685
2549,644,57,4,87341
2550,644,96,2,93706
2551,644,89,4,99643
2552,645,31,5,25080
2553,645,80,3,14416
2554,645,79,3,37051
2555,645,12,1,31257
2556,646,26,4,47395
2557,646,48,1,56186
2558,646,87,4,47322
2559,647,52,2,47423
2560,647,36,3,50269
2561,647,32,2,82134
2562,648,25,4,95530
2563,648,23,5,13902
2564,648,82,3,40303
2565,649,68,1,92995
2566,649,73,4,58762
2567,649,100,3,55240
2568,649,75,2,31489
2569,650,60,1,91851
2570,650,97,2,24578
2571,650,87,5,47322
2572,650,24,5,96972
2573,651,54,5,55716
2574,651,43,4,37544
2575,651,89,5,99643
2576,652,76,4,95956
2577,652,44,5,55170
2578,652,29,5,27367
2579,652,58,5,66996
2580,652,65,4,95196
2581,653,52,5,47423
2582,653,13,4,60825
2583,653,66,1,21309
2584,653,87,1,47322
2585,654,23,5,13902
2586,654,89,2,99643
2587,654,21,2,33591
2588,655,46,5,39246
2589,655,82,2,40303
2590,655,99,2,64203
2591,656,66,5,21309
2592,656,22,5,20870
2593,656,16,4,21730
2594,656,43,4,37544
2595,657,89,5,99643
2596,657,78,2,21761
2597,657,74,5,60296
2598,657,35,1,27106
2599,657,50,2,53007
2600,658,62,3,39951
2601,658,4,4,72183
2602,658,30,5,22486
2603,659,4,2,72183
2604,659,37,1,31314
2605,659,43,4,37544
2606,659,89,5,99643
2607,660,43,3,37544
2608,660,48,3,56186
2609,660,13,3,60825
2610,660,93,4,25266
2611,661,89,2,99643
2612,661,1,3,77345
2613,661,78,4,21761
2614,662,69,1,66333
2615,662,22,5,20870
2616,662,17,3,32785
2617,662,100,1,55240
2618,663,56,1,13545
2619,663,90,5,99988
2620,663,28,3,53426
2621,664,56,1,13545
2622,664,14,5,61112
2623,664,26,4,47395
2624,664,51,1,22310
2625,665,41,2,16916
2626,665,59,5,68303
2627,665,19,5,24844
2628,666,50,3,53007
2629,666,87,1,47322
2630,666,65,3,95196
2631,666,46,5,39246
2632,666,94,2,54643
2633,667,42,1,44615
2634,667,91,5,87573
2635,667,3,4,92869
2636,668,68,3,92995
2637,668,50,5,53007
2638,668,48,1,56186
2639,668,70,3,16773
2640,669,41,3,16916
2641,669,9,2,24385
2642,669,43,2,37544
2643,670,8,1,71394
2644,670,87,4,47322
2645,670,1,5,77345
2646,670,28,3,53426
2647,671,17,3,32785
2648,671,78,4,21761
2649,671,68,2,92995
2650,671,12,3,31257
2651,671,44,3,55170
2652,672,47,3,38951
2653,672,4,1,72183
2654,672,54,1,55716
2655,672,16,4,21730
2656,673,61,2,83461
2657,673,25,2,95530
2658,673,58,3,66996
2659,673,18,4,49881
2660,673,73,5,58762
2661,674,88,1,82751
2662,674,37,3,31314
2663,674,78,5,21761
2664,674,18,5,49881
2665,675,17,4,32785
2666,675,16,3,21730
2667,675,60,2,91851
2668,676,89,3,99643
2669,676,81,5,69446
2670,676,52,2,47423
2671,677,94,5,54643
2672,677,39,4,30610
2673,677,9,5,24385
2674,677,32,3,82134
2675,677,58,2,66996
2676,678,71,5,62771
2677,678,43,2,37544
2678,678,53,4,58950
2679,679,99,3,64203
2680,679,81,2,69446
2681,679,8,3,71394
2682,679,78,4,21761
2683,680,80,2,14416
2684,680,82,2,40303
2685,680,35,2,27106
2686,680,65,3,95196
2687,681,5,5,35124
2688,681,59,5,68303
2689,681,14,5,61112
2690,681,83,5,57341
2691,681,82,1,40303
2692,682,23,2,13902
2693,682,39,4,30610
2694,682,58,1,66996
2695,683,15,3,59265
2696,683,18,4,49881
2697,683,89,3,99643
2698,684,5,4,35124
2699,684,42,1,44615
2700,684,56,1,13545
2701,684,57,4,87341
2702,685,6,1,23328
2703,685,61,4,83461
2704,685,65,5,95196
2705,685,68,1,92995
2706,685,96,2,93706
2707,686,30,3,22486
2708,686,45,3,89685
2709,686,19,1,24844
2710,686,21,4,33591
2711,686,53,2,58950
2712,687,44,1,55170
2713,687,42,4,44615
2714,687,9,3,24385
2715,687,24,4,96972
2716,688,61,3,83461
2717,688,62,2,39951
2718,688,68,3,92995
2719,688,76,5,95956
2720,688,79,4,37051
2721,689,21,3,33591
2722,689,13,2,60825
2723,689,32,2,82134
2724,689,9,2,24385
2725,690,3,5,92869
2726,690,55,5,50282
2727,690,47,4,38951
2728,690,56,4,13545
2729,691,41,1,16916
2730,691,22,1,20870
2731,691,43,5,37544
2732,691,8,3,71394
2733,691,89,3,99643
2734,692,67,2,71990
2735,692,31,2,25080
2736,692,54,1,55716
2737,693,20,5,13940
2738,693,9,1,24385
2739,693,74,4,60296
2740,693,34,1,71809
2741,693,32,3,82134
2742,694,94,3,54643
2743,694,48,1,56186
2744,694,84,3,78759
2745,694,96,4,93706
2746,694,97,3,24578
2747,695,3,5,92869
2748,695,74,5,60296
2749,695,2,2,16956
2750,695,58,1,66996
2751,695,75,3,31489
2752,696,56,5,13545
2753,696,61,5,83461
2754,696,100,2,55240
2755,696,19,3,24844
2756,697,16,5,21730
2757,697,45,2,89685
2758,697,42,3,44615
2759,697,88,1,82751
2760,697,79,1,37051
2761,698,95,4,10177
2762,698,90,3,99988
2763,698,97,5,24578
2764,698,27,2,85161
2765,698,16,3,21730
2766,699,64,5,18863
2767,699,56,1,13545
2768,699,8,5,71394
2769,699,20,5,13940
2770,699,72,1,53594
2771,700,99,2,64203
2772,700,38,2,89599
2773,700,90,3,99988
2774,700,37,3,31314
2775,701,77,2,62543
2776,701,83,2,57341
2777,701,5,1,35124
2778,702,90,3,99988
2779,702,64,3,18863
2780,702,78,2,21761
2781,703,60,3,91851
2782,703,3,5,92869
2783,703,18,1,49881
2784,704,6,5,23328
2785,704,11,1,42580
2786,704,96,3,93706
2787,704,81,2,69446
2788,705,80,2,14416
2789,705,88,5,82751
2790,705,52,1,47423
2791,706,58,3,66996
2792,706,42,2,44615
2793,706,54,2,55716
2794,706,4,5,72183
2795,707,70,4,16773
2796,707,76,4,95956
2797,707,75,4,31489
2798,708,20,2,13940
2799,708,60,4,91851
2800,708,73,2,58762
2801,708,95,2,10177
2802,709,46,1,39246
2803,709,51,2,22310
2804,709,25,3,95530
2805,710,41,2,16916
2806,710,3,1,92869
2807,710,37,2,31314
2808,711,72,5,53594
2809,711,91,3,87573
2810,711,33,5,67163
2811,711,71,5,62771
2812,711,89,5,99643
2813,712,10,1,15030
2814,712,12,5,31257
2815,712,76,4,95956
2816,713,40,5,63117
2817,713,25,3,95530
2818,713,5,2,35124
2819,713,45,1,89685
2820,713,87,4,47322
2821,714,48,4,56186
2822,714,28,4,53426
2823,714,76,3,95956
2824,715,61,2,83461
2825,715,88,2,82751
2826,715,44,4,55170
2827,715,95,2,10177
2828,715,63,1,59829
2829,716,24,2,96972
2830,716,88,5,82751
2831,716,22,2,20870
2832,717,85,1,49747
2833,717,9,3,24385
2834,717,90,3,99988
2835,718,8,3,71394
2836,718,84,2,78759
2837,718,79,1,37051
2838,718,31,3,25080
2839,719,49,3,86790
2840,719,82,1,40303
2841,719,47,1,38951
2842,719,96,3,93706
2843,719,61,4,83461
2844,720,78,2,21761
2845,720,12,1,31257
2846,720,54,3,55716
2847,720,8,1,71394
2848,721,76,1,95956
2849,721,85,4,49747
2850,721,55,1,50282
2851,721,90,3,99988
2852,722,71,2,62771
2853,722,74,4,60296
2854,722,69,3,66333
2855,723,10,1,15030
2856,723,87,1,47322
2857,723,55,1,50282
2858,723,96,3,93706
2859,723,40,5,63117
2860,724,59,5,68303
2861,724,93,4,25266
2862,724,32,3,82134
2863,724,83,3,57341
2864,725,73,2,58762
2865,725,95,3,10177
2866,725,22,2,20870
2867,725,56,3,13545
2868,725,42,2,44615
2869,726,82,4,40303
2870,726,9,2,24385
2871,726,97,2,24578
2872,727,24,5,96972
2873,727,55,4,50282
2874,727,48,4,56186
2875,727,25,1,95530
2876,727,62,4,39951
2877,728,41,1,16916
2878,728,42,2,44615
2879,728,36,1,50269
2880,729,70,4,16773
2881,729,3,1,92869
2882,729,8,5,71394
2883,729,1,5,77345
2884,729,89,5,99643
2885,730,60,1,91851
2886,730,44,1,55170
2887,730,10,3,15030
2888,730,88,2,82751
2889,731,59,4,68303
2890,731,64,5,18863
2891,731,9,4,24385
2892,732,77,5,62543
2893,732,80,3,14416
2894,732,24,4,96972
2895,733,99,1,64203
2896,733,12,2,31257
2897,733,37,4,31314
2898,733,63,3,59829
2899,733,73,4,58762
2900,734,48,4,56186
2901,734,12,1,31257
2902,734,24,3,96972
2903,735,29,2,27367
2904,735,24,4,96972
2905,735,39,2,30610
2906,735,7,1,51167
2907,735,71,1,62771
2908,736,13,1,60825
2909,736,94,4,54643
2910,736,57,1,87341
2911,736,79,5,37051
2912,736,72,3,53594
2913,737,12,4,31257
2914,737,63,5,59829
2915,737,14,4,61112
2916,737,37,5,31314
2917,738,32,2,82134
2918,738,13,5,60825
2919,738,71,5,62771
2920,739,80,2,14416
2921,739,59,5,68303
2922,739,10,5,15030
2923,739,48,4,56186
2924,739,72,4,53594
2925,740,52,4,47423
2926,740,11,2,42580
2927,740,98,1,88669
2928,741,88,5,82751
2929,741,87,5,47322
2930,741,63,4,59829
2931,741,77,4,62543
2932,742,83,5,57341
2933,742,14,1,61112
2934,742,51,5,22310
2935,743,4,5,72183
2936,743,31,5,25080
2937,743,99,5,64203
2938,743,98,5,88669
2939,743,50,2,53007
2940,744,45,5,89685
2941,744,70,1,16773
2942,744,47,5,38951
2943,744,2,1,16956
2944,744,13,1,60825
2945,745,57,1,87341
2946,745,62,2,39951
2947,745,70,4,16773
2948,745,66,5,21309
2949,746,63,5,59829
2950,746,81,4,69446
2951,746,34,4,71809
2952,746,98,5,88669
2953,747,100,2,55240
2954,747,35,4,27106
2955,747,42,3,44615
2956,747,31,2,25080
2957,748,67,1,71990
2958,748,51,5,22310
2959,748,12,3,31257
2960,749,4,1,72183
2961,749,90,4,99988
2962,749,74,4,60296
2963,749,64,1,18863
2964,749,42,2,44615
2965,750,2,2,16956
2966,750,66,1,21309
2967,750,92,2,43974
2968,751,40,1,63117
2969,751,1,3,77345
2970,751,91,3,87573
2971,752,77,2,62543
2972,752,52,5,47423
2973,752,17,1,32785
2974,752,24,1,96972
2975,752,98,3,88669
2976,753,46,3,39246
2977,753,36,2,50269
2978,753,78,4,21761
2979,754,57,2,87341
2980,754,9,1,24385
2981,754,29,1,27367
2982,754,41,1,16916
2983,754,13,5,60825
2984,755,51,3,22310
2985,755,90,3,99988
2986,755,49,4,86790
2987,755,36,1,50269
2988,756,82,3,40303
2989,756,25,5,95530
2990,756,71,5,62771
2991,757,73,4,58762
2992,757,3,3,92869
2993,757,12,5,31257
2994,757,94,2,54643
2995,757,34,3,71809
2996,758,28,2,53426
2997,758,57,1,87341
2998,758,87,4,47322
2999,758,20,3,13940
3000,759,69,5,66333
3001,759,71,3,62771
3002,759,49,5,86790
3003,760,60,2,91851
3004,760,8,5,71394
3005,760,46,5,39246
3006,760,32,1,82134
3007,760,97,3,24578
3008,761,45,5,89685
3009,761,52,4,47423
3010,761,7,1,51167
3011,761,43,2,37544
3012,762,99,3,64203
3013,762,16,2,21730
3014,762,65,2,95196
3015,762,26,3,47395
3016,762,21,2,33591
3017,763,8,5,71394
3018,763,58,4,66996
3019,763,93,2,25266
3020,764,41,1,16916
3021,764,51,4,22310
3022,764,12,1,31257
3023,764,96,2,93706
3024,764,90,4,99988
3025,765,46,3,39246
3026,765,78,2,21761
3027,765,50,3,53007
3028,766,48,5,56186
3029,766,10,5,15030
3030,766,77,1,62543
3031,766,30,5,22486
3032,766,40,4,63117
3033,767,4,3,72183
3034,767,32,1,82134
3035,767,1,5,77345
3036,767,65,2,95196
3037,767,69,3,66333
3038,768,6,2,23328
3039,768,96,1,93706
3040,768,100,4,55240
3041,769,60,1,91851
3042,769,56,4,13545
3043,769,80,2,14416
3044,769,18,3,49881
3045,770,76,4,95956
3046,770,92,2,43974
3047,770,79,1,37051
3048,770,3,4,92869
3049,771,19,3,24844
3050,771,2,4,16956
3051,771,40,4,63117
3052,772,68,1,92995
3053,772,26,5,47395
3054,772,46,5,39246
3055,773,47,5,38951
3056,773,76,1,95956
3057,773,62,1,39951
3058,773,71,2,62771
3059,773,22,5,20870
3060,774,42,1,44615
3061,774,91,1,87573
3062,774,47,5,38951
3063,774,19,3,24844
3064,775,95,4,10177
3065,775,30,5,22486
3066,775,61,4,83461
3067,775,8,3,71394
3068,775,81,1,69446
3069,776,49,2,86790
3070,776,56,5,13545
3071,776,17,4,32785
3072,776,42,2,44615
3073,776,14,4,61112
3074,777,30,3,22486
3075,777,32,2,82134
3076,777,18,4,49881
3077,777,66,2,21309
3078,778,44,3,55170
3079,778,72,2,53594
3080,778,94,1,54643
3081,778,87,2,47322
3082,779,35,2,27106
3083,779,82,1,40303
3084,779,68,2,92995
3085,780,100,3,55240
3086,780,4,5,72183
3087,780,75,2,31489
3088,780,5,5,35124
3089,780,72,2,53594
3090,781,87,1,47322
3091,781,54,5,55716
3092,781,43,1,37544
3093,781,93,5,25266
3094,782,87,2,47322
3095,782,56,1,13545
3096,782,53,4,58950
3097,782,47,5,38951
3098,782,66,5,21309
3099,783,32,3,82134
3100,783,3,1,92869
3101,783,95,3,10177
3102,783,31,3,25080
3103,783,72,4,53594
3104,784,28,5,53426
3105,784,27,2,85161
3106,784,12,5,31257
3107,784,75,4,31489
3108,785,97,4,24578
3109,785,22,2,20870
3110,785,1,2,77345
3111,785,85,5,49747
3112,786,83,2,57341
3113,786,76,4,95956
3114,786,91,3,87573
3115,786,29,4,27367
3116,786,15,5,59265
3117,787,74,5,60296
3118,787,41,1,16916
3119,787,42,5,44615
3120,788,58,1,66996
3121,788,76,3,95956
3122,788,57,4,87341
3123,788,83,2,57341
3124,788,65,4,95196
3125,789,18,5,49881
3126,789,95,4,10177
3127,789,82,3,40303
3128,789,16,5,21730
3129,789,60,3,91851
3130,790,61,3,83461
3131,790,98,3,88669
3132,790,6,5,23328
3133,790,57,1,87341
3134,790,63,3,59829
3135,791,53,1,58950
3136,791,7,3,51167
3137,791,10,4,15030
3138,792,4,1,72183
3139,792,52,4,47423
3140,792,5,2,35124
3141,793,14,1,61112
3142,793,73,2,58762
3143,793,64,1,18863
3144,794,68,3,92995
3145,794,43,3,37544
3146,794,74,3,60296
3147,794,11,1,42580
3148,795,77,4,62543
3149,795,21,5,33591
3150,795,13,4,60825
3151,795,61,5,83461
3152,795,56,1,13545
3153,796,75,3,31489
3154,796,73,4,58762
3155,796,6,2,23328
3156,796,31,5,25080
3157,797,7,5,51167
3158,797,77,1,62543
3159,797,41,5,16916
3160,797,23,4,13902
3161,797,2,2,16956
3162,798,37,2,31314
3163,798,12,2,31257
3164,798,4,2,72183
3165,798,68,5,92995
3166,798,8,5,71394
3167,799,60,4,91851
3168,799,73,5,58762
3169,799,37,4,31314
3170,799,9,3,24385
3171,799,28,1,53426
3172,800,38,3,89599
3173,800,8,2,71394
3174,800,27,5,85161
3175,800,54,2,55716
3176,801,14,3,61112
3177,801,88,5,82751
3178,801,23,4,13902
3179,801,22,1,20870
3180,801,75,5,31489
3181,802,70,1,16773
3182,802,52,3,47423
3183,802,39,4,30610
3184,802,91,4,87573
3185,803,93,2,25266
3186,803,1,5,77345
3187,803,26,4,47395
3188,803,54,1,55716
3189,803,46,2,39246
3190,804,65,1,95196
3191,804,69,4,66333
3192,804,20,4,13940
3193,804,50,1,53007
3194,805,78,2,21761
3195,805,76,1,95956
3196,805,99,4,64203
3197,805,89,5,99643
3198,806,11,4,42580
3199,806,60,4,91851
3200,806,5,5,35124
3201,807,68,3,92995
3202,807,84,4,78759
3203,807,16,5,21730
3204,808,3,4,92869
3205,808,5,2,35124
3206,808,42,3,44615
3207,808,88,1,82751
3208,808,30,3,22486
3209,809,18,2,49881
3210,809,19,5,24844
3211,809,7,3,51167
3212,809,93,2,25266
3213,810,86,1,33028
3214,810,58,4,66996
3215,810,54,5,55716
3216,811,68,3,92995
3217,811,34,1,71809
3218,811,70,4,16773
3219,812,50,5,53007
3220,812,72,2,53594
3221,812,69,4,66333
3222,813,47,3,38951
3223,813,60,5,91851
3224,813,76,4,95956
3225,814,24,2,96972
3226,814,97,5,24578
3227,814,53,5,58950
3228,815,88,5,82751
3229,815,38,3,89599
3230,815,100,3,55240
3231,816,68,1,92995
3232,816,58,3,66996
3233,816,100,1,55240
3234,817,100,4,55240
3235,817,53,5,58950
3236,817,9,2,24385
3237,818,84,5,78759
3238,818,32,5,82134
3239,818,29,3,27367
3240,818,31,4,25080
3241,819,26,5,47395
3242,819,29,5,27367
3243,819,18,2,49881
3244,819,74,1,60296
3245,820,6,5,23328
3246,820,91,2,87573
3247,820,28,2,53426
3248,820,37,4,31314
3249,821,45,3,89685
3250,821,88,4,82751
3251,821,80,3,14416
3252,822,57,5,87341
3253,822,79,2,37051
3254,822,58,1,66996
3255,822,76,4,95956
3256,823,31,5,25080
3257,823,54,5,55716
3258,823,70,4,16773
3259,823,69,3,66333
3260,823,13,1,60825
3261,824,62,1,39951
3262,824,19,4,24844
3263,824,3,3,92869
3264,825,47,3,38951
3265,825,77,2,62543
3266,825,13,5,60825
3267,825,95,2,10177
3268,825,51,4,22310
3269,826,3,2,92869
3270,826,44,5,55170
3271,826,91,3,87573
3272,826,69,2,66333
3273,827,85,4,49747
3274,827,66,3,21309
3275,827,16,1,21730
3276,827,2,1,16956
3277,827,37,3,31314
3278,828,92,5,43974
3279,828,94,4,54643
3280,828,65,4,95196
3281,828,91,3,87573
3282,829,12,5,31257
3283,829,32,5,82134
3284,829,75,4,31489
3285,830,73,1,58762
3286,830,49,2,86790
3287,830,25,3,95530
3288,830,86,3,33028
3289,831,37,4,31314
3290,831,98,3,88669
3291,831,53,3,58950
3292,831,17,4,32785
3293,831,94,2,54643
3294,832,9,1,24385
3295,832,39,4,30610
3296,832,78,1,21761
3297,832,32,5,82134
3298,833,66,2,21309
3299,833,9,2,24385
3300,833,96,3,93706
3301,833,40,5,63117
3302,834,3,3,92869
3303,834,49,5,86790
3304,834,27,2,85161
3305,835,79,2,37051
3306,835,75,4,31489
3307,835,60,2,91851
3308,835,83,2,57341
3309,836,90,5,99988
3310,836,51,4,22310
3311,836,91,5,87573
3312,837,15,3,59265
3313,837,98,4,88669
3314,837,100,4,55240
3315,837,42,3,44615
3316,838,70,1,16773
3317,838,56,1,13545
3318,838,41,5,16916
3319,838,77,2,62543
3320,839,100,1,55240
3321,839,13,2,60825
3322,839,9,4,24385
3323,840,47,5,38951
3324,840,89,2,99643
3325,840,27,1,85161
3326,840,19,3,24844
3327,840,50,4,53007
3328,841,92,1,43974
3329,841,41,3,16916
3330,841,84,5,78759
3331,842,40,2,63117
3332,842,8,4,71394
3333,842,6,1,23328
3334,843,70,4,16773
3335,843,7,1,51167
3336,843,97,2,24578
3337,843,35,1,27106
3338,844,90,2,99988
3339,844,7,3,51167
3340,844,49,5,86790
3341,845,31,3,25080
3342,845,5,1,35124
3343,845,61,1,83461
3344,845,26,5,47395
3345,846,16,4,21730
3346,846,34,1,71809
3347,846,100,3,55240
3348,846,91,3,87573
3349,847,2,2,16956
3350,847,13,5,60825
3351,847,10,5,15030
3352,848,86,3,33028
3353,848,98,2,88669
3354,848,13,1,60825
3355,848,91,4,87573
3356,848,96,3,93706
3357,849,28,5,53426
3358,849,3,1,92869
3359,849,6,3,23328
3360,849,38,1,89599
3361,849,79,5,37051
3362,850,75,2,31489
3363,850,97,5,24578
3364,850,57,5,87341
3365,850,1,3,77345
3366,851,84,4,78759
3367,851,26,1,47395
3368,851,95,5,10177
3369,852,66,3,21309
3370,852,15,3,59265
3371,852,67,3,71990
3372,853,47,4,38951
3373,853,90,4,99988
3374,853,13,5,60825
3375,853,72,2,53594
3376,854,29,1,27367
3377,854,37,5,31314
3378,854,18,4,49881
3379,855,40,3,63117
3380,855,16,5,21730
3381,855,100,3,55240
3382,855,43,3,37544
3383,855,52,1,47423
3384,856,70,1,16773
3385,856,74,1,60296
3386,856,12,1,31257
3387,857,4,5,72183
3388,857,17,2,32785
3389,857,89,2,99643
3390,857,41,4,16916
3391,857,47,3,38951
3392,858,71,1,62771
3393,858,18,2,49881
3394,858,85,2,49747
3395,858,74,1,60296
3396,859,30,5,22486
3397,859,22,3,20870
3398,859,20,3,13940
3399,859,54,5,55716
3400,859,43,5,37544
3401,860,26,2,47395
3402,860,33,5,67163
3403,860,32,2,82134
3404,860,25,5,95530
3405,860,10,5,15030
3406,861,15,1,59265
3407,861,84,1,78759
3408,861,24,2,96972
3409,861,71,5,62771
3410,861,45,1,89685
3411,862,14,5,61112
3412,862,8,2,71394
3413,862,10,3,15030
3414,862,26,4,47395
3415,863,15,5,59265
3416,863,42,5,44615
3417,863,34,3,71809
3418,863,38,4,89599
3419,864,4,3,72183
3420,864,49,3,86790
3421,864,65,3,95196
3422,864,74,2,60296
3423,864,89,3,99643
3424,865,81,5,69446
3425,865,60,3,91851
3426,865,6,2,23328
3427,865,83,4,57341
3428,866,23,1,13902
3429,866,66,3,21309
3430,866,43,4,37544
3431,866,51,3,22310
3432,866,95,2,10177
3433,867,59,4,68303
3434,867,92,5,43974
3435,867,71,1,62771
3436,867,81,4,69446
3437,868,8,1,71394
3438,868,16,5,21730
3439,868,87,5,47322
3440,869,92,1,43974
3441,869,5,2,35124
3442,869,28,4,53426
3443,869,77,4,62543
3444,870,85,3,49747
3445,870,44,1,55170
3446,870,11,5,42580
3447,871,32,5,82134
3448,871,25,2,95530
3449,871,41,5,16916
3450,871,48,4,56186
3451,872,35,4,27106
3452,872,64,3,18863
3453,872,7,3,51167
3454,873,65,2,95196
3455,873,77,4,62543
3456,873,59,5,68303
3457,873,49,5,86790
3458,873,35,3,27106
3459,874,13,4,60825
3460,874,67,3,71990
3461,874,57,5,87341
3462,874,73,1,58762
3463,874,87,4,47322
3464,875,100,1,55240
3465,875,61,4,83461
3466,875,88,1,82751
3467,875,26,3,47395
3468,875,83,5,57341
3469,876,98,1,88669
3470,876,46,1,39246
3471,876,14,5,61112
3472,876,80,1,14416
3473,877,33,4,67163
3474,877,25,2,95530
3475,877,45,1,89685
3476,877,75,5,31489
3477,878,6,4,23328
3478,878,31,2,25080
3479,878,18,1,49881
3480,878,70,4,16773
3481,878,26,3,47395
3482,879,33,1,67163
3483,879,32,3,82134
3484,879,11,5,42580
3485,879,26,1,47395
3486,880,63,5,59829
3487,880,31,5,25080
3488,880,47,2,38951
3489,880,69,4,66333
3490,880,84,1,78759
3491,881,31,4,25080
3492,881,98,3,88669
3493,881,81,4,69446
3494,882,80,2,14416
3495,882,6,1,23328
3496,882,13,4,60825
3497,882,57,5,87341
3498,882,9,3,24385
3499,883,92,2,43974
3500,883,35,5,27106
3501,883,37,5,31314
3502,884,32,4,82134
3503,884,10,2,15030
3504,884,37,5,31314
3505,885,31,3,25080
3506,885,21,1,33591
3507,885,86,1,33028
3508,885,28,3,53426
3509,885,88,3,82751
3510,886,81,1,69446
3511,886,56,2,13545
3512,886,10,4,15030
3513,886,13,1,60825
3514,886,37,4,31314
3515,887,49,3,86790
3516,887,34,4,71809
3517,887,2,5,16956
3518,887,20,2,13940
3519,887,88,5,82751
3520,888,35,2,27106
3521,888,99,4,64203
3522,888,86,1,33028
3523,888,100,5,55240
3524,889,100,4,55240
3525,889,19,4,24844
3526,889,54,5,55716
3527,889,2,3,16956
3528,889,90,4,99988
3529,890,98,2,88669
3530,890,3,5,92869
3531,890,74,3,60296
3532,891,41,5,16916
3533,891,82,1,40303
3534,891,99,5,64203
3535,892,29,3,27367
3536,892,95,2,10177
3537,892,5,2,35124
3538,892,69,3,66333
3539,893,22,4,20870
3540,893,17,3,32785
3541,893,43,3,37544
3542,893,57,1,87341
3543,893,69,1,66333
3544,894,58,2,66996
3545,894,25,5,95530
3546,894,62,1,39951
3547,894,98,3,88669
3548,895,36,5,50269
3549,895,25,2,95530
3550,895,23,2,13902
3551,895,40,1,63117
3552,896,79,5,37051
3553,896,38,3,89599
3554,896,30,1,22486
3555,896,83,2,57341
3556,897,65,1,95196
3557,897,29,2,27367
3558,897,56,5,13545
3559,897,72,2,53594
3560,898,67,4,71990
3561,898,99,1,64203
3562,898,47,4,38951
3563,898,96,2,93706
3564,899,86,4,33028
3565,899,22,2,20870
3566,899,25,5,95530
3567,899,64,5,18863
3568,899,37,4,31314
3569,900,92,5,43974
3570,900,87,1,47322
3571,900,56,4,13545
3572,900,52,4,47423
3573,901,42,4,44615
3574,901,35,3,27106
3575,901,80,1,14416
3576,901,71,4,62771
3577,901,11,5,42580
3578,902,22,5,20870
3579,902,13,3,60825
3580,902,76,2,95956
3581,902,38,4,89599
3582,902,3,4,92869
3583,903,83,3,57341
3584,903,98,4,88669
3585,903,13,1,60825
3586,904,68,5,92995
3587,904,56,5,13545
3588,904,48,2,56186
3589,904,61,1,83461
3590,904,8,5,71394
3591,905,3,3,92869
3592,905,99,2,64203
3593,905,78,4,21761
3594,905,100,2,55240
3595,906,62,5,39951
3596,906,96,3,93706
3597,906,56,4,13545
3598,906,1,4,77345
3599,907,1,2,77345
3600,907,44,4,55170
3601,907,85,3,49747
3602,908,1,3,77345
3603,908,21,1,33591
3604,908,4,1,72183
3605,908,89,3,99643
3606,909,57,5,87341
3607,909,84,1,78759
3608,909,74,3,60296
3609,909,67,1,71990
3610,910,50,2,53007
3611,910,66,3,21309
3612,910,82,2,40303
3613,910,70,2,16773
3614,910,37,4,31314
3615,911,56,4,13545
3616,911,24,2,96972
3617,911,22,1,20870
3618,911,61,2,83461
3619,911,71,5,62771
3620,912,39,1,30610
3621,912,25,3,95530
3622,912,20,5,13940
3623,912,91,3,87573
3624,912,37,2,31314
3625,913,50,1,53007
3626,913,82,5,40303
3627,913,26,5,47395
3628,914,53,4,58950
3629,914,85,1,49747
3630,914,93,2,25266
3631,915,86,4,33028
3632,915,63,3,59829
3633,915,26,2,47395
3634,916,9,4,24385
3635,916,82,1,40303
3636,916,43,2,37544
3637,917,93,5,25266
3638,917,34,2,71809
3639,917,88,1,82751
3640,917,17,4,32785
3641,918,85,4,49747
3642,918,52,5,47423
3643,918,73,5,58762
3644,918,25,5,95530
3645,919,66,5,21309
3646,919,32,4,82134
3647,919,40,5,63117
3648,919,47,3,38951
3649,919,7,3,51167
3650,920,65,4,95196
3651,920,58,2,66996
3652,920,17,5,32785
3653,920,25,1,95530
3654,920,51,3,22310
3655,921,90,1,99988
3656,921,22,1,20870
3657,921,7,1,51167
3658,921,16,5,21730
3659,921,78,4,21761
3660,922,39,5,30610
3661,922,74,4,60296
3662,922,54,4,55716
3663,922,89,5,99643
3664,922,94,1,54643
3665,923,73,4,58762
3666,923,46,3,39246
3667,923,59,2,68303
3668,923,26,3,47395
3669,924,85,3,49747
3670,924,96,3,93706
3671,924,54,2,55716
3672,924,87,1,47322
3673,925,97,1,24578
3674,925,24,1,96972
3675,925,8,4,71394
3676,926,60,4,91851
3677,926,49,1,86790
3678,926,85,2,49747
3679,926,100,1,55240
3680,927,82,5,40303
3681,927,61,1,83461
3682,927,38,4,89599
3683,928,86,3,33028
3684,928,10,1,15030
3685,928,27,5,85161
3686,928,94,3,54643
3687,928,98,4,88669
3688,929,76,4,95956
3689,929,79,5,37051
3690,929,98,1,88669
3691,929,64,4,18863
3692,929,20,5,13940
3693,930,21,5,33591
3694,930,14,5,61112
3695,930,25,2,95530
3696,931,42,4,44615
3697,931,6,3,23328
3698,931,75,3,31489
3699,931,43,4,37544
3700,931,51,3,22310
3701,932,7,2,51167
3702,932,91,1,87573
3703,932,38,4,89599
3704,933,50,1,53007
3705,933,70,4,16773
3706,933,91,1,87573
3707,933,100,4,55240
3708,933,63,1,59829
3709,934,63,2,59829
3710,934,69,1,66333
3711,934,88,1,82751
3712,934,12,5,31257
3713,934,3,5,92869
3714,935,84,5,78759
3715,935,71,5,62771
3716,935,88,3,82751
3717,935,68,5,92995
3718,936,94,1,54643
3719,936,90,2,99988
3720,936,55,4,50282
3721,936,56,4,13545
3722,937,76,3,95956
3723,937,34,2,71809
3724,937,5,3,35124
3725,938,93,2,25266
3726,938,48,2,56186
3727,938,60,5,91851
3728,938,95,2,10177
3729,938,54,1,55716
3730,939,44,3,55170
3731,939,84,1,78759
3732,939,15,4,59265
3733,940,27,5,85161
3734,940,2,3,16956
3735,940,14,4,61112
3736,941,18,4,49881
3737,941,22,5,20870
3738,941,83,3,57341
3739,941,13,1,60825
3740,942,57,1,87341
3741,942,2,4,16956
3742,942,37,1,31314
3743,942,43,2,37544
3744,942,55,1,50282
3745,943,4,1,72183
3746,943,64,4,18863
3747,943,95,5,10177
3748,943,3,1,92869
3749,944,38,5,89599
3750,944,10,5,15030
3751,944,95,5,10177
3752,945,77,1,62543
3753,945,51,2,22310
3754,945,34,5,71809
3755,945,74,1,60296
3756,946,29,3,27367
3757,946,73,3,58762
3758,946,28,3,53426
3759,946,39,2,30610
3760,947,42,3,44615
3761,947,54,3,55716
3762,947,38,5,89599
3763,947,72,1,53594
3764,947,85,5,49747
3765,948,38,4,89599
3766,948,98,5,88669
3767,948,55,3,50282
3768,948,95,5,10177
3769,949,32,2,82134
3770,949,1,4,77345
3771,949,15,3,59265
3772,950,50,1,53007
3773,950,84,1,78759
3774,950,38,1,89599
3775,950,76,3,95956
3776,951,15,4,59265
3777,951,88,3,82751
3778,951,48,1,56186
3779,951,66,3,21309
3780,952,81,2,69446
3781,952,28,1,53426
3782,952,55,5,50282
3783,952,64,4,18863
3784,953,60,2,91851
3785,953,75,4,31489
3786,953,57,3,87341
3787,953,53,1,58950
3788,953,40,5,63117
3789,954,42,2,44615
3790,954,89,2,99643
3791,954,93,5,25266
3792,954,38,2,89599
3793,954,61,5,83461
3794,955,6,5,23328
3795,955,35,3,27106
3796,955,89,3,99643
3797,955,23,5,13902
3798,955,27,4,85161
3799,956,50,2,53007
3800,956,27,3,85161
3801,956,29,5,27367
3802,956,24,1,96972
3803,956,71,5,62771
3804,957,22,5,20870
3805,957,20,4,13940
3806,957,23,3,13902
3807,957,34,1,71809
3808,958,88,4,82751
3809,958,21,1,33591
3810,958,16,2,21730
3811,959,9,5,24385
3812,959,19,3,24844
3813,959,73,5,58762
3814,959,35,1,27106
3815,959,64,3,18863
3816,960,41,4,16916
3817,960,50,3,53007
3818,960,24,1,96972
3819,961,7,4,51167
3820,961,29,1,27367
3821,961,81,1,69446
3822,961,100,3,55240
3823,962,20,2,13940
3824,962,36,1,50269
3825,962,7,1,51167
3826,963,44,1,55170
3827,963,20,3,13940
3828,963,50,2,53007
3829,963,84,4,78759
3830,963,30,1,22486
3831,964,79,3,37051
3832,964,50,3,53007
3833,964,5,5,35124
3834,964,63,3,59829
3835,964,25,1,95530
3836,965,77,1,62543
3837,965,37,5,31314
3838,965,80,3,14416
3839,966,69,4,66333
3840,966,74,5,60296
3841,966,48,5,56186
3842,967,60,3,91851
3843,967,88,5,82751
3844,967,44,1,55170
3845,967,32,3,82134
3846,967,34,5,71809
3847,968,85,2,49747
3848,968,39,3,30610
3849,968,54,2,55716
3850,968,58,2,66996
3851,968,77,2,62543
3852,969,22,4,20870
3853,969,43,3,37544
3854,969,50,3,53007
3855,969,46,5,39246
3856,970,10,5,15030
3857,970,70,4,16773
3858,970,23,3,13902
3859,971,73,1,58762
3860,971,75,2,31489
3861,971,92,3,43974
3862,971,32,1,82134
3863,971,72,3,53594
3864,972,46,5,39246
3865,972,28,4,53426
3866,972,63,5,59829
3867,972,88,3,82751
3868,972,98,3,88669
3869,973,4,5,72183
3870,973,19,5,24844
3871,973,48,3,56186
3872,974,93,4,25266
3873,974,64,5,18863
3874,974,97,4,24578
3875,974,29,3,27367
3876,974,61,4,83461
3877,975,49,5,86790
3878,975,20,3,13940
3879,975,86,4,33028
3880,975,46,3,39246
3881,975,30,2,22486
3882,976,80,5,14416
3883,976,68,3,92995
3884,976,28,1,53426
3885,976,50,1,53007
3886,976,87,4,47322
3887,977,19,5,24844
3888,977,40,3,63117
3889,977,24,1,96972
3890,977,3,1,92869
3891,978,72,4,53594
3892,978,90,2,99988
3893,978,56,3,13545
3894,978,92,2,43974
3895,978,16,4,21730
3896,979,60,4,91851
3897,979,78,1,21761
3898,979,21,2,33591
3899,979,97,5,24578
3900,980,7,4,51167
3901,980,30,3,22486
3902,980,80,4,14416
3903,980,10,2,15030
3904,981,50,1,53007
3905,981,54,1,55716
3906,981,67,3,71990
3907,982,96,5,93706
3908,982,62,3,39951
3909,982,41,4,16916
3910,983,55,3,50282
3911,983,65,2,95196
3912,983,6,1,23328
3913,983,75,4,31489
3914,983,77,3,62543
3915,984,93,5,25266
3916,984,2,1,16956
3917,984,72,4,53594
3918,984,51,3,22310
3919,985,44,5,55170
3920,985,95,1,10177
3921,985,39,1,30610
3922,986,84,4,78759
3923,986,13,4,60825
3924,986,91,1,87573
3925,986,17,2,32785
3926,987,50,1,53007
3927,987,32,1,82134
3928,987,98,1,88669
3929,987,93,2,25266
3930,988,20,2,13940
3931,988,51,5,22310
3932,988,3,2,92869
3933,988,45,2,89685
3934,989,95,4,10177
3935,989,70,1,16773
3936,989,40,3,63117
3937,989,22,4,20870
3938,990,75,1,31489
3939,990,35,3,27106
3940,990,3,5,92869
3941,990,25,3,95530
3942,990,4,2,72183
3943,991,94,3,54643
3944,991,38,5,89599
3945,991,37,2,31314
3946,991,92,3,43974
3947,991,20,2,13940
3948,992,74,2,60296
3949,992,56,2,13545
3950,992,72,2,53594
3951,993,52,5,47423
3952,993,31,5,25080
3953,993,25,1,95530
3954,993,35,2,27106
3955,993,98,4,88669
3956,994,67,1,71990
3957,994,58,4,66996
3958,994,5,1,35124
3959,994,3,1,92869
3960,994,63,3,59829
3961,995,78,2,21761
3962,995,88,2,82751
3963,995,53,3,58950
3964,995,20,1,13940
3965,996,96,1,93706
3966,996,99,1,64203
3967,996,44,4,55170
3968,996,67,2,71990
3969,996,64,5,18863
3970,997,83,2,57341
3971,997,49,1,86790
3972,997,79,1,37051
3973,997,71,3,62771
3974,998,100,3,55240
3975,998,57,2,87341
3976,998,23,5,13902
3977,999,7,1,51167
3978,999,36,1,50269
3979,999,75,3,31489
3980,1000,20,5,13940
3981,1000,79,3,37051
3982,1000,27,2,85161
3983,1000,63,1,59829
3984,1000,86,5,33028
3985,1001,83,5,57341
3986,1001,56,1,13545
3987,1001,92,5,43974
3988,1001,12,5,31257
3989,1002,66,5,21309
3990,1002,35,5,27106
3991,1002,59,4,68303
3992,1002,30,1,22486
3993,1002,91,2,87573
3994,1003,5,2,35124
3995,1003,35,1,27106
3996,1003,56,2,13545
3997,1003,59,3,68303
3998,1003,60,5,91851
3999,1004,78,3,21761
4000,1004,42,1,44615
4001,1004,34,1,71809
4002,1004,66,5,21309
4003,1005,59,5,68303
4004,1005,68,5,92995
4005,1005,78,1,21761
4006,1005,82,4,40303
4007,1005,73,5,58762
4008,1006,45,1,89685
4009,1006,6,3,23328
4010,1006,3,4,92869
4011,1006,90,2,99988
4012,1006,15,1,59265
4013,1007,6,2,23328
4014,1007,26,4,47395
4015,1007,61,3,83461
4016,1007,75,2,31489
4017,1008,99,3,64203
4018,1008,77,2,62543
4019,1008,89,4,99643
4020,1008,74,2,60296
4021,1008,49,2,86790
4022,1009,43,5,37544
4023,1009,75,4,31489
4024,1009,9,3,24385
4025,1010,73,5,58762
4026,1010,34,3,71809
4027,1010,25,1,95530
4028,1010,29,5,27367
4029,1010,19,5,24844
4030,1011,80,3,14416
4031,1011,47,3,38951
4032,1011,4,2,72183
4033,1011,62,3,39951
4034,1012,90,2,99988
4035,1012,93,5,25266
4036,1012,18,2,49881
4037,1012,32,2,82134
4038,1013,39,4,30610
4039,1013,15,1,59265
4040,1013,43,4,37544
4041,1014,1,1,77345
4042,1014,14,1,61112
4043,1014,92,3,43974
4044,1015,16,5,21730
4045,1015,68,1,92995
4046,1015,26,2,47395
4047,1016,43,3,37544
4048,1016,99,5,64203
4049,1016,11,2,42580
4050,1016,40,4,63117
4051,1017,3,1,92869
4052,1017,28,1,53426
4053,1017,59,1,68303
4054,1017,15,1,59265
4055,1017,83,5,57341
4056,1018,41,3,16916
4057,1018,96,3,93706
4058,1018,5,3,35124
4059,1019,96,1,93706
4060,1019,54,1,55716
4061,1019,3,1,92869
4062,1019,36,2,50269
4063,1020,38,4,89599
4064,1020,4,5,72183
4065,1020,39,2,30610
4066,1020,16,5,21730
4067,1021,69,5,66333
4068,1021,28,4,53426
4069,1021,4,1,72183
4070,1022,54,2,55716
4071,1022,96,5,93706
4072,1022,69,3,66333
4073,1022,80,1,14416
4074,1023,93,4,25266
4075,1023,92,4,43974
4076,1023,43,2,37544
4077,1023,50,3,53007
4078,1024,76,5,95956
4079,1024,93,5,25266
4080,1024,33,5,67163
4081,1025,46,3,39246
4082,1025,19,1,24844
4083,1025,20,4,13940
4084,1025,97,5,24578
4085,1026,36,4,50269
4086,1026,52,3,47423
4087,1026,70,2,16773
4088,1026,62,5,39951
4089,1027,48,2,56186
4090,1027,65,4,95196
4091,1027,43,2,37544
4092,1028,49,3,86790
4093,1028,69,2,66333
4094,1028,34,2,71809
4095,1028,56,4,13545
4096,1029,50,1,53007
4097,1029,56,1,13545
4098,1029,100,4,55240
4099,1029,47,3,38951
4100,1029,60,1,91851
4101,1030,73,1,58762
4102,1030,67,5,71990
4103,1030,78,3,21761
4104,1030,86,5,33028
4105,1030,48,1,56186
4106,1031,62,4,39951
4107,1031,86,3,33028
4108,1031,80,4,14416
4109,1031,11,3,42580
4110,1032,82,5,40303
4111,1032,85,4,49747
4112,1032,88,1,82751
4113,1032,38,2,89599
4114,1033,26,4,47395
4115,1033,22,1,20870
4116,1033,58,4,66996
4117,1034,27,5,85161
4118,1034,39,4,30610
4119,1034,78,2,21761
4120,1034,51,1,22310
4121,1034,98,3,88669
4122,1035,21,3,33591
4123,1035,40,2,63117
4124,1035,42,4,44615
4125,1035,35,2,27106
4126,1036,8,1,71394
4127,1036,80,1,14416
4128,1036,48,3,56186
4129,1037,72,5,53594
4130,1037,67,1,71990
4131,1037,73,4,58762
4132,1037,19,2,24844
4133,1037,21,1,33591
4134,1038,43,1,37544
4135,1038,70,3,16773
4136,1038,85,3,49747
4137,1038,68,2,92995
4138,1038,34,5,71809
4139,1039,87,4,47322
4140,1039,90,1,99988
4141,1039,96,5,93706
4142,1039,93,3,25266
4143,1039,48,5,56186
4144,1040,38,2,89599
4145,1040,35,2,27106
4146,1040,86,1,33028
4147,1040,80,1,14416
4148,1041,22,3,20870
4149,1041,5,5,35124
4150,1041,93,3,25266
4151,1042,90,1,99988
4152,1042,63,3,59829
4153,1042,71,4,62771
4154,1042,33,5,67163
4155,1043,78,2,21761
4156,1043,45,2,89685
4157,1043,81,1,69446
4158,1044,100,5,55240
4159,1044,75,2,31489
4160,1044,40,4,63117
4161,1045,81,1,69446
4162,1045,73,4,58762
4163,1045,77,2,62543
4164,1046,34,2,71809
4165,1046,16,3,21730
4166,1046,39,1,30610
4167,1046,67,2,71990
4168,1047,43,1,37544
4169,1047,66,3,21309
4170,1047,26,3,47395
4171,1048,5,1,35124
4172,1048,62,1,39951
4173,1048,49,5,86790
4174,1048,24,2,96972
4175,1048,38,3,89599
4176,1049,45,4,89685
4177,1049,2,3,16956
4178,1049,100,2,55240
4179,1049,29,3,27367
4180,1049,34,5,71809
4181,1050,52,1,47423
4182,1050,25,5,95530
4183,1050,38,5,89599
4184,1051,62,4,39951
4185,1051,29,1,27367
4186,1051,15,4,59265
4187,1051,24,1,96972
4188,1051,68,4,92995
4189,1052,30,4,22486
4190,1052,65,1,95196
4191,1052,34,1,71809
4192,1052,19,4,24844
4193,1052,86,5,33028
4194,1053,95,1,10177
4195,1053,22,1,20870
4196,1053,87,5,47322
4197,1053,45,1,89685
4198,1053,36,5,50269
4199,1054,85,5,49747
4200,1054,82,3,40303
4201,1054,80,4,14416
4202,1054,23,5,13902
4203,1054,96,2,93706
4204,1055,36,1,50269
4205,1055,16,4,21730
4206,1055,57,1,87341
4207,1055,78,4,21761
4208,1055,33,2,67163
4209,1056,7,2,51167
4210,1056,91,3,87573
4211,1056,6,2,23328
4212,1056,67,1,71990
4213,1056,96,3,93706
4214,1057,84,3,78759
4215,1057,69,4,66333
4216,1057,100,4,55240
4217,1058,60,3,91851
4218,1058,22,5,20870
4219,1058,25,1,95530
4220,1058,57,5,87341
4221,1059,44,3,55170
4222,1059,39,4,30610
4223,1059,21,2,33591
4224,1059,75,3,31489
4225,1059,80,2,14416
4226,1060,34,5,71809
4227,1060,55,3,50282
4228,1060,63,5,59829
4229,1060,88,4,82751
4230,1061,46,5,39246
4231,1061,33,1,67163
4232,1061,51,2,22310
4233,1061,7,5,51167
4234,1061,26,2,47395
4235,1062,75,1,31489
4236,1062,21,5,33591
4237,1062,68,3,92995
4238,1063,99,2,64203
4239,1063,16,3,21730
4240,1063,71,3,62771
4241,1063,43,4,37544
4242,1064,57,1,87341
4243,1064,16,3,21730
4244,1064,34,1,71809
4245,1064,67,2,71990
4246,1065,14,5,61112
4247,1065,33,1,67163
4248,1065,42,4,44615
4249,1065,19,4,24844
4250,1065,39,3,30610
4251,1066,79,1,37051
4252,1066,67,2,71990
4253,1066,10,1,15030
4254,1066,17,1,32785
4255,1066,59,4,68303
4256,1067,77,5,62543
4257,1067,21,5,33591
4258,1067,25,5,95530
4259,1067,94,5,54643
4260,1067,89,1,99643
4261,1068,50,5,53007
4262,1068,57,5,87341
4263,1068,47,4,38951
4264,1068,100,3,55240
4265,1068,55,5,50282
4266,1069,80,3,14416
4267,1069,11,1,42580
4268,1069,56,1,13545
4269,1069,59,5,68303
4270,1069,24,2,96972
4271,1070,35,2,27106
4272,1070,18,2,49881
4273,1070,87,2,47322
4274,1070,7,4,51167
4275,1071,70,1,16773
4276,1071,30,3,22486
4277,1071,27,1,85161
4278,1071,13,3,60825
4279,1072,1,1,77345
4280,1072,83,2,57341
4281,1072,77,2,62543
4282,1073,93,2,25266
4283,1073,33,5,67163
4284,1073,17,3,32785
4285,1074,45,3,89685
4286,1074,1,3,77345
4287,1074,46,1,39246
4288,1074,25,4,95530
4289,1075,7,1,51167
4290,1075,32,3,82134
4291,1075,12,4,31257
4292,1075,8,4,71394
4293,1076,3,5,92869
4294,1076,95,3,10177
4295,1076,93,1,25266
4296,1076,25,3,95530
4297,1076,42,4,44615
4298,1077,14,1,61112
4299,1077,81,5,69446
4300,1077,60,2,91851
4301,1078,71,3,62771
4302,1078,8,3,71394
4303,1078,76,4,95956
4304,1079,23,1,13902
4305,1079,82,2,40303
4306,1079,55,1,50282
4307,1080,30,1,22486
4308,1080,52,2,47423
4309,1080,86,4,33028
4310,1080,87,1,47322
4311,1081,41,4,16916
4312,1081,28,3,53426
4313,1081,92,5,43974
4314,1081,6,2,23328
4315,1082,59,5,68303
4316,1082,31,4,25080
4317,1082,46,1,39246
4318,1082,24,2,96972
4319,1082,15,4,59265
4320,1083,51,1,22310
4321,1083,7,3,51167
4322,1083,40,3,63117
4323,1083,54,5,55716
4324,1084,76,5,95956
4325,1084,96,5,93706
4326,1084,87,2,47322
4327,1084,100,5,55240
4328,1085,32,1,82134
4329,1085,31,5,25080
4330,1085,100,1,55240
4331,1085,52,1,47423
4332,1085,6,4,23328
4333,1086,38,4,89599
4334,1086,95,4,10177
4335,1086,23,3,13902
4336,1087,72,5,53594
4337,1087,60,4,91851
4338,1087,95,1,10177
4339,1087,34,1,71809
4340,1087,48,4,56186
4341,1088,86,5,33028
4342,1088,16,2,21730
4343,1088,67,2,71990
4344,1088,94,1,54643
4345,1089,51,4,22310
4346,1089,46,4,39246
4347,1089,6,3,23328
4348,1090,72,4,53594
4349,1090,21,5,33591
4350,1090,86,1,33028
4351,1091,7,1,51167
4352,1091,65,4,95196
4353,1091,44,1,55170
4354,1091,27,5,85161
4355,1091,83,3,57341
4356,1092,41,3,16916
4357,1092,74,4,60296
4358,1092,43,4,37544
4359,1092,4,2,72183
4360,1092,53,3,58950
4361,1093,71,4,62771
4362,1093,98,2,88669
4363,1093,31,2,25080
4364,1093,74,5,60296
4365,1093,95,3,10177
4366,1094,33,3,67163
4367,1094,67,2,71990
4368,1094,85,5,49747
4369,1094,86,1,33028
4370,1094,59,2,68303
4371,1095,79,2,37051
4372,1095,51,2,22310
4373,1095,90,3,99988
4374,1095,30,4,22486
4375,1096,65,2,95196
4376,1096,24,5,96972
4377,1096,93,5,25266
4378,1097,68,2,92995
4379,1097,87,2,47322
4380,1097,31,3,25080
4381,1098,31,4,25080
4382,1098,57,5,87341
4383,1098,69,5,66333
4384,1099,66,2,21309
4385,1099,39,5,30610
4386,1099,17,2,32785
4387,1100,88,1,82751
4388,1100,19,3,24844
4389,1100,43,2,37544
4390,1101,94,4,54643
4391,1101,60,5,91851
4392,1101,74,1,60296
4393,1101,66,3,21309
4394,1101,37,3,31314
4395,1102,33,3,67163
4396,1102,44,1,55170
4397,1102,73,2,58762
4398,1102,8,3,71394
4399,1102,23,3,13902
4400,1103,59,3,68303
4401,1103,88,5,82751
4402,1103,30,4,22486
4403,1103,92,5,43974
4404,1103,7,4,51167
4405,1104,71,5,62771
4406,1104,59,2,68303
4407,1104,7,1,51167
4408,1104,28,5,53426
4409,1104,72,2,53594
4410,1105,83,5,57341
4411,1105,57,4,87341
4412,1105,23,2,13902
4413,1105,61,5,83461
4414,1105,5,5,35124
4415,1106,27,4,85161
4416,1106,21,1,33591
4417,1106,58,2,66996
4418,1107,17,1,32785
4419,1107,86,3,33028
4420,1107,53,4,58950
4421,1107,12,3,31257
4422,1107,87,4,47322
4423,1108,71,3,62771
4424,1108,67,2,71990
4425,1108,49,5,86790
4426,1108,84,3,78759
4427,1109,56,1,13545
4428,1109,53,1,58950
4429,1109,67,3,71990
4430,1109,11,3,42580
4431,1110,91,5,87573
4432,1110,75,2,31489
4433,1110,6,3,23328
4434,1110,23,3,13902
4435,1111,39,3,30610
4436,1111,24,4,96972
4437,1111,4,5,72183
4438,1112,70,1,16773
4439,1112,54,2,55716
4440,1112,53,1,58950
4441,1112,17,4,32785
4442,1113,33,2,67163
4443,1113,58,3,66996
4444,1113,100,3,55240
4445,1113,38,2,89599
4446,1113,40,4,63117
4447,1114,67,5,71990
4448,1114,33,1,67163
4449,1114,4,5,72183
4450,1115,2,3,16956
4451,1115,50,5,53007
4452,1115,3,3,92869
4453,1116,56,5,13545
4454,1116,81,4,69446
4455,1116,70,3,16773
4456,1117,7,5,51167
4457,1117,86,5,33028
4458,1117,62,1,39951
4459,1117,93,1,25266
4460,1118,38,5,89599
4461,1118,66,2,21309
4462,1118,67,3,71990
4463,1118,70,4,16773
4464,1118,21,3,33591
4465,1119,29,4,27367
4466,1119,78,5,21761
4467,1119,6,2,23328
4468,1120,81,3,69446
4469,1120,15,4,59265
4470,1120,71,3,62771
4471,1121,92,2,43974
4472,1121,55,5,50282
4473,1121,17,2,32785
4474,1122,81,2,69446
4475,1122,100,5,55240
4476,1122,53,3,58950
4477,1122,54,1,55716
4478,1122,32,3,82134
4479,1123,35,4,27106
4480,1123,42,3,44615
4481,1123,53,4,58950
4482,1124,60,2,91851
4483,1124,31,4,25080
4484,1124,42,1,44615
4485,1125,11,3,42580
4486,1125,17,4,32785
4487,1125,47,3,38951
4488,1126,80,1,14416
4489,1126,55,2,50282
4490,1126,28,2,53426
4491,1127,48,5,56186
4492,1127,58,3,66996
4493,1127,77,5,62543
4494,1128,26,5,47395
4495,1128,19,3,24844
4496,1128,37,3,31314
4497,1128,38,3,89599
4498,1128,39,4,30610
4499,1129,49,5,86790
4500,1129,23,3,13902
4501,1129,45,1,89685
4502,1130,95,4,10177
4503,1130,73,2,58762
4504,1130,20,5,13940
4505,1130,98,3,88669
4506,1131,38,3,89599
4507,1131,69,5,66333
4508,1131,63,3,59829
4509,1131,100,2,55240
4510,1131,70,3,16773
4511,1132,21,3,33591
4512,1132,87,1,47322
4513,1132,10,4,15030
4514,1132,82,1,40303
4515,1132,60,3,91851
4516,1133,94,1,54643
4517,1133,65,2,95196
4518,1133,23,1,13902
4519,1133,61,3,83461
4520,1133,77,5,62543
4521,1134,98,4,88669
4522,1134,5,3,35124
4523,1134,72,5,53594
4524,1135,59,3,68303
4525,1135,32,3,82134
4526,1135,98,3,88669
4527,1135,78,5,21761
4528,1136,95,2,10177
4529,1136,19,1,24844
4530,1136,28,5,53426
4531,1137,42,1,44615
4532,1137,37,2,31314
4533,1137,86,1,33028
4534,1137,44,1,55170
4535,1138,37,4,31314
4536,1138,73,2,58762
4537,1138,42,3,44615
4538,1139,95,2,10177
4539,1139,25,2,95530
4540,1139,63,2,59829
4541,1139,23,1,13902
4542,1139,3,2,92869
4543,1140,3,5,92869
4544,1140,50,1,53007
4545,1140,83,4,57341
4546,1141,8,3,71394
4547,1141,27,3,85161
4548,1141,67,1,71990
4549,1141,74,5,60296
4550,1142,100,5,55240
4551,1142,97,3,24578
4552,1142,12,3,31257
4553,1143,92,1,43974
4554,1143,70,2,16773
4555,1143,82,3,40303
4556,1144,59,5,68303
4557,1144,60,5,91851
4558,1144,90,3,99988
4559,1145,11,3,42580
4560,1145,50,5,53007
4561,1145,36,5,50269
4562,1146,52,1,47423
4563,1146,41,3,16916
4564,1146,90,2,99988
4565,1146,14,1,61112
4566,1146,58,5,66996
4567,1147,61,5,83461
4568,1147,27,2,85161
4569,1147,26,3,47395
4570,1147,73,3,58762
4571,1147,51,3,22310
4572,1148,64,3,18863
4573,1148,15,3,59265
4574,1148,4,2,72183
4575,1148,76,1,95956
4576,1148,61,3,83461
4577,1149,11,5,42580
4578,1149,5,5,35124
4579,1149,13,4,60825
4580,1150,50,1,53007
4581,1150,70,2,16773
4582,1150,3,1,92869
4583,1151,51,2,22310
4584,1151,3,2,92869
4585,1151,13,4,60825
4586,1151,70,1,16773
4587,1152,79,1,37051
4588,1152,75,4,31489
4589,1152,6,4,23328
4590,1152,22,2,20870
4591,1152,50,1,53007
4592,1153,100,5,55240
4593,1153,82,3,40303
4594,1153,69,2,66333
4595,1153,15,4,59265
4596,1154,89,1,99643
4597,1154,34,2,71809
4598,1154,53,5,58950
4599,1154,18,1,49881
4600,1155,84,4,78759
4601,1155,94,2,54643
4602,1155,35,3,27106
4603,1155,76,3,95956
4604,1155,38,3,89599
4605,1156,19,2,24844
4606,1156,94,5,54643
4607,1156,96,5,93706
4608,1156,42,4,44615
4609,1156,90,5,99988
4610,1157,100,5,55240
4611,1157,21,3,33591
4612,1157,16,5,21730
4613,1157,22,1,20870
4614,1157,79,4,37051
4615,1158,20,5,13940
4616,1158,3,4,92869
4617,1158,92,1,43974
4618,1158,100,3,55240
4619,1159,90,2,99988
4620,1159,1,2,77345
4621,1159,56,3,13545
4622,1159,35,1,27106
4623,1159,85,1,49747
4624,1160,64,1,18863
4625,1160,54,2,55716
4626,1160,75,3,31489
4627,1160,13,1,60825
4628,1161,26,2,47395
4629,1161,58,1,66996
4630,1161,65,5,95196
4631,1161,66,5,21309
4632,1162,57,4,87341
4633,1162,37,3,31314
4634,1162,56,1,13545
4635,1162,30,4,22486
4636,1162,77,4,62543
4637,1163,13,5,60825
4638,1163,39,2,30610
4639,1163,18,3,49881
4640,1163,45,1,89685
4641,1164,11,3,42580
4642,1164,66,4,21309
4643,1164,10,5,15030
4644,1164,73,5,58762
4645,1165,100,2,55240
4646,1165,92,2,43974
4647,1165,29,1,27367
4648,1165,87,5,47322
4649,1165,94,2,54643
4650,1166,92,2,43974
4651,1166,52,1,47423
4652,1166,15,4,59265
4653,1166,6,3,23328
4654,1166,22,2,20870
4655,1167,71,2,62771
4656,1167,90,5,99988
4657,1167,91,2,87573
4658,1167,89,5,99643
4659,1168,38,1,89599
4660,1168,16,3,21730
4661,1168,77,1,62543
4662,1168,73,2,58762
4663,1168,83,3,57341
4664,1169,69,5,66333
4665,1169,53,1,58950
4666,1169,15,2,59265
4667,1169,72,5,53594
4668,1169,3,3,92869
4669,1170,11,2,42580
4670,1170,81,5,69446
4671,1170,2,1,16956
4672,1171,98,1,88669
4673,1171,86,5,33028
4674,1171,92,1,43974
4675,1171,63,2,59829
4676,1172,66,5,21309
4677,1172,74,3,60296
4678,1172,85,5,49747
4679,1173,41,2,16916
4680,1173,63,3,59829
4681,1173,60,3,91851
4682,1173,78,2,21761
4683,1174,32,3,82134
4684,1174,66,1,21309
4685,1174,91,4,87573
4686,1174,30,4,22486
4687,1174,50,3,53007
4688,1175,1,5,77345
4689,1175,64,3,18863
4690,1175,93,3,25266
4691,1176,39,3,30610
4692,1176,42,5,44615
4693,1176,36,5,50269
4694,1177,43,3,37544
4695,1177,70,4,16773
4696,1177,61,5,83461
4697,1177,18,4,49881
4698,1178,78,1,21761
4699,1178,11,5,42580
4700,1178,2,4,16956
4701,1178,41,1,16916
4702,1179,60,3,91851
4703,1179,81,2,69446
4704,1179,100,4,55240
4705,1179,54,5,55716
4706,1179,97,3,24578
4707,1180,55,1,50282
4708,1180,69,1,66333
4709,1180,67,4,71990
4710,1180,86,5,33028
4711,1180,88,1,82751
4712,1181,85,2,49747
4713,1181,24,1,96972
4714,1181,94,1,54643
4715,1181,52,1,47423
4716,1182,50,1,53007
4717,1182,33,4,67163
4718,1182,38,4,89599
4719,1183,40,2,63117
4720,1183,54,5,55716
4721,1183,30,5,22486
4722,1183,16,4,21730
4723,1184,27,5,85161
4724,1184,32,3,82134
4725,1184,87,5,47322
4726,1184,6,4,23328
4727,1185,53,3,58950
4728,1185,17,1,32785
4729,1185,10,1,15030
4730,1186,97,2,24578
4731,1186,31,5,25080
4732,1186,64,5,18863
4733,1186,83,3,57341
4734,1186,73,3,58762
4735,1187,66,3,21309
4736,1187,37,5,31314
4737,1187,1,3,77345
4738,1187,79,1,37051
4739,1188,9,1,24385
4740,1188,61,4,83461
4741,1188,64,3,18863
4742,1188,1,2,77345
4743,1189,49,1,86790
4744,1189,27,4,85161
4745,1189,51,4,22310
4746,1189,2,4,16956
4747,1189,16,4,21730
4748,1190,3,2,92869
4749,1190,26,2,47395
4750,1190,10,1,15030
4751,1191,52,1,47423
4752,1191,51,5,22310
4753,1191,90,1,99988
4754,1192,70,3,16773
4755,1192,10,3,15030
4756,1192,11,3,42580
4757,1193,28,4,53426
4758,1193,47,3,38951
4759,1193,27,2,85161
4760,1194,90,3,99988
4761,1194,5,1,35124
4762,1194,89,5,99643
4763,1194,99,3,64203
4764,1194,96,5,93706
4765,1195,75,1,31489
4766,1195,59,1,68303
4767,1195,1,5,77345
4768,1195,48,2,56186
4769,1195,64,1,18863
4770,1196,91,3,87573
4771,1196,5,1,35124
4772,1196,98,1,88669
4773,1197,29,2,27367
4774,1197,77,3,62543
4775,1197,16,4,21730
4776,1197,80,3,14416
4777,1198,37,2,31314
4778,1198,75,1,31489
4779,1198,39,3,30610
4780,1198,84,4,78759
4781,1199,49,2,86790
4782,1199,55,2,50282
4783,1199,85,4,49747
4784,1200,92,3,43974
4785,1200,93,1,25266
4786,1200,47,3,38951
4787,1201,78,1,21761
4788,1201,3,3,92869
4789,1201,28,2,53426
4790,1201,93,4,25266
4791,1202,36,2,50269
4792,1202,76,2,95956
4793,1202,29,2,27367
4794,1202,19,2,24844
4795,1203,29,5,27367
4796,1203,33,4,67163
4797,1203,41,5,16916
4798,1203,81,2,69446
4799,1203,15,2,59265
4800,1204,88,5,82751
4801,1204,61,1,83461
4802,1204,55,1,50282
4803,1205,8,3,71394
4804,1205,81,5,69446
4805,1205,38,1,89599
4806,1206,89,3,99643
4807,1206,48,3,56186
4808,1206,97,5,24578
4809,1206,21,5,33591
4810,1207,92,1,43974
4811,1207,26,4,47395
4812,1207,42,4,44615
4813,1207,50,4,53007
4814,1208,5,5,35124
4815,1208,62,5,39951
4816,1208,51,2,22310
4817,1208,42,2,44615
4818,1209,80,2,14416
4819,1209,26,3,47395
4820,1209,12,1,31257
4821,1209,96,3,93706
4822,1210,58,3,66996
4823,1210,2,4,16956
4824,1210,22,1,20870
4825,1210,11,3,42580
4826,1210,57,1,87341
4827,1211,23,3,13902
4828,1211,53,5,58950
4829,1211,45,1,89685
4830,1212,78,1,21761
4831,1212,67,5,71990
4832,1212,61,2,83461
4833,1212,44,2,55170
4834,1212,81,2,69446
4835,1213,83,5,57341
4836,1213,2,3,16956
4837,1213,52,4,47423
4838,1213,3,5,92869
4839,1214,87,1,47322
4840,1214,22,1,20870
4841,1214,70,3,16773
4842,1214,97,3,24578
4843,1215,31,2,25080
4844,1215,32,5,82134
4845,1215,23,1,13902
4846,1215,77,2,62543
4847,1216,82,4,40303
4848,1216,10,1,15030
4849,1216,22,2,20870
4850,1216,56,5,13545
4851,1216,25,4,95530
4852,1217,53,3,58950
4853,1217,78,4,21761
4854,1217,38,4,89599
4855,1218,29,4,27367
4856,1218,44,1,55170
4857,1218,64,3,18863
4858,1218,17,5,32785
4859,1219,94,3,54643
4860,1219,53,1,58950
4861,1219,2,1,16956
4862,1219,59,5,68303
4863,1219,3,4,92869
4864,1220,11,2,42580
4865,1220,38,2,89599
4866,1220,60,5,91851
4867,1220,80,4,14416
4868,1221,72,2,53594
4869,1221,36,1,50269
4870,1221,47,2,38951
4871,1221,9,3,24385
4872,1222,73,4,58762
4873,1222,93,4,25266
4874,1222,80,4,14416
4875,1223,98,5,88669
4876,1223,64,2,18863
4877,1223,96,5,93706
4878,1223,36,2,50269
4879,1224,62,3,39951
4880,1224,37,5,31314
4881,1224,50,3,53007
4882,1224,26,1,47395
4883,1224,49,2,86790
4884,1225,37,1,31314
4885,1225,72,5,53594
4886,1225,97,1,24578
4887,1226,68,3,92995
4888,1226,100,3,55240
4889,1226,14,4,61112
4890,1227,51,3,22310
4891,1227,91,4,87573
4892,1227,1,3,77345
4893,1227,15,1,59265
4894,1228,25,3,95530
4895,1228,93,4,25266
4896,1228,26,4,47395
4897,1229,3,3,92869
4898,1229,86,4,33028
4899,1229,81,3,69446
4900,1229,26,3,47395
4901,1229,93,3,25266
4902,1230,89,1,99643
4903,1230,22,2,20870
4904,1230,77,5,62543
4905,1230,92,3,43974
4906,1231,28,1,53426
4907,1231,71,3,62771
4908,1231,14,5,61112
4909,1231,9,2,24385
4910,1232,34,1,71809
4911,1232,25,5,95530
4912,1232,3,5,92869
4913,1233,27,4,85161
4914,1233,61,3,83461
4915,1233,63,2,59829
4916,1233,20,3,13940
4917,1233,65,4,95196
4918,1234,83,3,57341
4919,1234,59,4,68303
4920,1234,67,4,71990
4921,1235,64,4,18863
4922,1235,51,2,22310
4923,1235,1,3,77345
4924,1236,39,3,30610
4925,1236,45,3,89685
4926,1236,16,4,21730
4927,1236,72,5,53594
4928,1237,9,2,24385
4929,1237,39,5,30610
4930,1237,44,4,55170
4931,1237,43,1,37544
4932,1237,30,1,22486
4933,1238,78,4,21761
4934,1238,67,1,71990
4935,1238,79,4,37051
4936,1238,15,4,59265
4937,1238,43,2,37544
4938,1239,2,2,16956
4939,1239,55,1,50282
4940,1239,38,2,89599
4941,1239,43,1,37544
4942,1239,77,3,62543
4943,1240,24,5,96972
4944,1240,32,3,82134
4945,1240,63,4,59829
4946,1241,91,1,87573
4947,1241,14,3,61112
4948,1241,51,3,22310
4949,1241,19,1,24844
4950,1242,78,1,21761
4951,1242,57,4,87341
4952,1242,60,2,91851
4953,1242,34,1,71809
4954,1243,35,3,27106
4955,1243,60,4,91851
4956,1243,17,5,32785
4957,1244,44,3,55170
4958,1244,53,5,58950
4959,1244,57,4,87341
4960,1245,11,3,42580
4961,1245,39,5,30610
4962,1245,93,1,25266
4963,1246,5,3,35124
4964,1246,16,3,21730
4965,1246,61,4,83461
4966,1247,22,2,20870
4967,1247,3,1,92869
4968,1247,78,5,21761
4969,1248,70,5,16773
4970,1248,61,3,83461
4971,1248,9,3,24385
4972,1248,7,1,51167
4973,1249,66,4,21309
4974,1249,27,3,85161
4975,1249,4,5,72183
4976,1249,73,3,58762
4977,1250,18,1,49881
4978,1250,66,2,21309
4979,1250,48,3,56186
4980,1251,52,2,47423
4981,1251,72,4,53594
4982,1251,64,1,18863
4983,1251,17,1,32785
4984,1252,75,5,31489
4985,1252,28,2,53426
4986,1252,100,3,55240
4987,1253,7,3,51167
4988,1253,11,1,42580
4989,1253,56,3,13545
4990,1253,27,1,85161
4991,1253,4,1,72183
4992,1254,32,5,82134
4993,1254,12,1,31257
4994,1254,79,2,37051
4995,1255,92,4,43974
4996,1255,14,3,61112
4997,1255,76,5,95956
4998,1255,59,1,68303
4999,1255,8,1,71394
5000,1256,42,2,44615
5001,1256,68,1,92995
5002,1256,80,4,14416
5003,1257,82,1,40303
5004,1257,67,1,71990
5005,1257,71,1,62771
5006,1257,51,2,22310
5007,1257,44,1,55170
5008,1258,39,4,30610
5009,1258,91,3,87573
5010,1258,3,5,92869
5011,1259,99,4,64203
5012,1259,59,4,68303
5013,1259,56,2,13545
5014,1259,40,3,63117
5015,1259,13,5,60825
5016,1260,43,5,37544
5017,1260,35,2,27106
5018,1260,16,5,21730
5019,1260,12,3,31257
5020,1260,25,5,95530
5021,1261,40,2,63117
5022,1261,89,1,99643
5023,1261,20,3,13940
5024,1262,73,4,58762
5025,1262,1,4,77345
5026,1262,45,1,89685
5027,1262,7,3,51167
5028,1262,57,1,87341
5029,1263,30,1,22486
5030,1263,21,3,33591
5031,1263,80,5,14416
5032,1263,74,3,60296
5033,1263,46,1,39246
5034,1264,15,1,59265
5035,1264,28,4,53426
5036,1264,47,5,38951
5037,1264,99,2,64203
5038,1265,2,5,16956
5039,1265,73,4,58762
5040,1265,32,1,82134
5041,1265,74,3,60296
5042,1265,52,4,47423
5043,1266,7,4,51167
5044,1266,68,2,92995
5045,1266,40,1,63117
5046,1266,26,2,47395
5047,1267,43,1,37544
5048,1267,11,1,42580
5049,1267,41,5,16916
5050,1267,51,2,22310
5051,1267,68,3,92995
5052,1268,64,4,18863
5053,1268,53,5,58950
5054,1268,30,5,22486
5055,1269,19,3,24844
5056,1269,92,1,43974
5057,1269,33,1,67163
5058,1269,82,2,40303
5059,1270,78,4,21761
5060,1270,96,2,93706
5061,1270,91,5,87573
5062,1270,21,5,33591
5063,1271,74,3,60296
5064,1271,3,3,92869
5065,1271,43,3,37544
5066,1271,45,3,89685
5067,1271,25,1,95530
5068,1272,13,2,60825
5069,1272,58,4,66996
5070,1272,71,1,62771
5071,1272,89,5,99643
5072,1273,72,4,53594
5073,1273,76,2,95956
5074,1273,29,3,27367
5075,1273,36,4,50269
5076,1273,49,3,86790
5077,1274,56,1,13545
5078,1274,62,2,39951
5079,1274,7,3,51167
5080,1274,38,5,89599
5081,1274,93,5,25266
5082,1275,87,4,47322
5083,1275,94,1,54643
5084,1275,82,5,40303
5085,1276,22,5,20870
5086,1276,98,5,88669
5087,1276,92,2,43974
5088,1276,83,5,57341
5089,1276,74,5,60296
5090,1277,64,2,18863
5091,1277,44,4,55170
5092,1277,43,3,37544
5093,1278,27,2,85161
5094,1278,13,2,60825
5095,1278,10,3,15030
5096,1278,6,5,23328
5097,1279,18,3,49881
5098,1279,95,3,10177
5099,1279,96,4,93706
5100,1279,85,3,49747
5101,1280,84,2,78759
5102,1280,9,4,24385
5103,1280,66,2,21309
5104,1281,26,3,47395
5105,1281,66,2,21309
5106,1281,62,4,39951
5107,1281,64,4,18863
5108,1282,12,3,31257
5109,1282,54,5,55716
5110,1282,21,1,33591
5111,1283,28,3,53426
5112,1283,54,1,55716
5113,1283,42,2,44615
5114,1284,17,5,32785
5115,1284,29,5,27367
5116,1284,85,5,49747
5117,1284,57,5,87341
5118,1285,59,4,68303
5119,1285,10,4,15030
5120,1285,44,4,55170
5121,1285,64,4,18863
5122,1286,85,2,49747
5123,1286,81,5,69446
5124,1286,83,4,57341
5125,1287,26,1,47395
5126,1287,25,5,95530
5127,1287,43,2,37544
5128,1287,27,3,85161
5129,1287,78,2,21761
5130,1288,18,3,49881
5131,1288,36,1,50269
5132,1288,13,5,60825
5133,1288,69,3,66333
5134,1289,56,3,13545
5135,1289,42,1,44615
5136,1289,85,4,49747
5137,1290,70,4,16773
5138,1290,41,2,16916
5139,1290,82,4,40303
5140,1290,12,5,31257
5141,1291,89,2,99643
5142,1291,11,5,42580
5143,1291,74,5,60296
5144,1292,99,4,64203
5145,1292,80,5,14416
5146,1292,71,4,62771
5147,1292,35,1,27106
5148,1292,32,2,82134
5149,1293,20,2,13940
5150,1293,84,4,78759
5151,1293,63,4,59829
5152,1293,76,5,95956
5153,1294,75,2,31489
5154,1294,27,4,85161
5155,1294,80,1,14416
5156,1294,47,3,38951
5157,1295,18,4,49881
5158,1295,20,1,13940
5159,1295,71,3,62771
5160,1295,96,2,93706
5161,1295,68,1,92995
5162,1296,73,2,58762
5163,1296,5,4,35124
5164,1296,97,5,24578
5165,1297,62,5,39951
5166,1297,96,1,93706
5167,1297,10,4,15030
5168,1298,84,2,78759
5169,1298,77,1,62543
5170,1298,71,2,62771
5171,1298,80,2,14416
5172,1298,76,5,95956
5173,1299,48,3,56186
5174,1299,20,2,13940
5175,1299,59,3,68303
5176,1300,25,2,95530
5177,1300,26,1,47395
5178,1300,69,2,66333
5179,1301,42,4,44615
5180,1301,28,1,53426
5181,1301,73,2,58762
5182,1301,31,5,25080
5183,1302,74,2,60296
5184,1302,94,4,54643
5185,1302,44,2,55170
5186,1302,40,3,63117
5187,1303,64,5,18863
5188,1303,18,3,49881
5189,1303,28,3,53426
5190,1303,43,1,37544
5191,1304,55,2,50282
5192,1304,47,3,38951
5193,1304,29,3,27367
5194,1305,65,5,95196
5195,1305,39,2,30610
5196,1305,56,1,13545
5197,1305,57,1,87341
5198,1305,10,3,15030
5199,1306,70,2,16773
5200,1306,91,1,87573
5201,1306,67,1,71990
5202,1306,46,5,39246
5203,1307,91,3,87573
5204,1307,45,5,89685
5205,1307,67,2,71990
5206,1307,66,1,21309
5207,1307,38,2,89599
5208,1308,2,2,16956
5209,1308,6,1,23328
5210,1308,89,4,99643
5211,1308,69,3,66333
5212,1308,46,5,39246
5213,1309,84,2,78759
5214,1309,67,2,71990
5215,1309,95,5,10177
5216,1310,19,1,24844
5217,1310,25,3,95530
5218,1310,15,4,59265
5219,1310,82,3,40303
5220,1311,50,1,53007
5221,1311,41,3,16916
5222,1311,21,3,33591
5223,1311,56,2,13545
5224,1312,53,3,58950
5225,1312,70,3,16773
5226,1312,4,4,72183
5227,1312,21,2,33591
5228,1312,23,5,13902
5229,1313,40,5,63117
5230,1313,12,3,31257
5231,1313,27,5,85161
5232,1314,66,1,21309
5233,1314,7,3,51167
5234,1314,35,2,27106
5235,1314,88,4,82751
5236,1315,35,4,27106
5237,1315,14,3,61112
5238,1315,87,5,47322
5239,1315,79,1,37051
5240,1315,56,4,13545
5241,1316,3,2,92869
5242,1316,88,2,82751
5243,1316,82,2,40303
5244,1316,20,4,13940
5245,1316,94,4,54643
5246,1317,74,2,60296
5247,1317,73,5,58762
5248,1317,67,4,71990
5249,1317,61,2,83461
5250,1318,88,4,82751
5251,1318,78,1,21761
5252,1318,73,1,58762
5253,1318,34,1,71809
5254,1319,17,3,32785
5255,1319,57,5,87341
5256,1319,61,1,83461
5257,1319,89,4,99643
5258,1320,36,4,50269
5259,1320,77,4,62543
5260,1320,56,1,13545
5261,1321,6,5,23328
5262,1321,93,5,25266
5263,1321,69,5,66333
5264,1321,46,1,39246
5265,1322,12,3,31257
5266,1322,21,1,33591
5267,1322,77,3,62543
5268,1322,78,4,21761
5269,1322,10,3,15030
5270,1323,98,3,88669
5271,1323,25,1,95530
5272,1323,65,3,95196
5273,1324,88,5,82751
5274,1324,67,4,71990
5275,1324,93,5,25266
5276,1324,41,4,16916
5277,1325,89,3,99643
5278,1325,93,5,25266
5279,1325,96,5,93706
5280,1325,12,5,31257
5281,1326,84,2,78759
5282,1326,53,4,58950
5283,1326,97,2,24578
5284,1327,27,4,85161
5285,1327,37,1,31314
5286,1327,7,2,51167
5287,1327,47,4,38951
5288,1328,12,1,31257
5289,1328,38,3,89599
5290,1328,20,2,13940
5291,1328,61,1,83461
5292,1328,64,5,18863
5293,1329,26,4,47395
5294,1329,54,2,55716
5295,1329,60,4,91851
5296,1329,71,4,62771
5297,1329,16,3,21730
5298,1330,59,4,68303
5299,1330,24,5,96972
5300,1330,72,2,53594
5301,1331,78,3,21761
5302,1331,64,2,18863
5303,1331,83,5,57341
5304,1331,94,1,54643
5305,1331,87,4,47322
5306,1332,2,5,16956
5307,1332,51,2,22310
5308,1332,67,3,71990
5309,1332,15,2,59265
5310,1333,67,2,71990
5311,1333,20,4,13940
5312,1333,17,3,32785
5313,1334,94,5,54643
5314,1334,87,4,47322
5315,1334,67,2,71990
5316,1334,100,5,55240
5317,1334,40,4,63117
5318,1335,71,1,62771
5319,1335,59,4,68303
5320,1335,89,3,99643
5321,1335,24,1,96972
5322,1335,16,1,21730
5323,1336,96,3,93706
5324,1336,4,5,72183
5325,1336,100,5,55240
5326,1337,87,1,47322
5327,1337,35,4,27106
5328,1337,56,5,13545
5329,1338,95,3,10177
5330,1338,11,1,42580
5331,1338,23,1,13902
5332,1338,84,4,78759
5333,1339,40,4,63117
5334,1339,4,4,72183
5335,1339,29,4,27367
5336,1339,48,1,56186
5337,1339,44,1,55170
5338,1340,42,4,44615
5339,1340,37,3,31314
5340,1340,68,5,92995
5341,1341,19,3,24844
5342,1341,93,1,25266
5343,1341,4,5,72183
5344,1341,98,1,88669
5345,1341,83,5,57341
5346,1342,61,5,83461
5347,1342,86,5,33028
5348,1342,63,1,59829
5349,1343,99,3,64203
5350,1343,91,2,87573
5351,1343,44,4,55170
5352,1343,56,4,13545
5353,1343,30,5,22486
5354,1344,45,3,89685
5355,1344,53,1,58950
5356,1344,33,5,67163
5357,1344,92,3,43974
5358,1344,35,1,27106
5359,1345,62,1,39951
5360,1345,85,3,49747
5361,1345,84,1,78759
5362,1345,43,5,37544
5363,1346,58,1,66996
5364,1346,60,2,91851
5365,1346,7,3,51167
5366,1347,28,5,53426
5367,1347,99,5,64203
5368,1347,36,5,50269
5369,1347,80,4,14416
5370,1348,3,5,92869
5371,1348,35,1,27106
5372,1348,68,3,92995
5373,1348,25,3,95530
5374,1348,27,1,85161
5375,1349,18,5,49881
5376,1349,1,2,77345
5377,1349,95,3,10177
5378,1349,93,2,25266
5379,1350,99,5,64203
5380,1350,75,1,31489
5381,1350,8,2,71394
5382,1351,9,1,24385
5383,1351,32,3,82134
5384,1351,59,3,68303
5385,1351,45,5,89685
5386,1351,36,2,50269
5387,1352,40,2,63117
5388,1352,6,4,23328
5389,1352,24,3,96972
5390,1353,36,1,50269
5391,1353,58,1,66996
5392,1353,92,2,43974
5393,1353,78,1,21761
5394,1353,72,1,53594
5395,1354,10,5,15030
5396,1354,96,2,93706
5397,1354,30,2,22486
5398,1354,26,2,47395
5399,1354,12,5,31257
5400,1355,13,3,60825
5401,1355,87,1,47322
5402,1355,2,4,16956
5403,1355,92,1,43974
5404,1356,2,2,16956
5405,1356,41,5,16916
5406,1356,16,3,21730
5407,1357,36,2,50269
5408,1357,45,4,89685
5409,1357,68,2,92995
5410,1357,62,1,39951
5411,1357,26,3,47395
5412,1358,64,3,18863
5413,1358,8,5,71394
5414,1358,80,2,14416
5415,1358,11,4,42580
5416,1358,47,3,38951
5417,1359,54,4,55716
5418,1359,7,3,51167
5419,1359,18,3,49881
5420,1360,92,2,43974
5421,1360,30,5,22486
5422,1360,95,2,10177
5423,1360,28,5,53426
5424,1360,96,5,93706
5425,1361,18,1,49881
5426,1361,17,3,32785
5427,1361,44,3,55170
5428,1362,34,3,71809
5429,1362,17,1,32785
5430,1362,31,2,25080
5431,1362,43,4,37544
5432,1363,76,1,95956
5433,1363,49,2,86790
5434,1363,27,4,85161
5435,1364,15,4,59265
5436,1364,64,4,18863
5437,1364,45,4,89685
5438,1365,45,5,89685
5439,1365,14,3,61112
5440,1365,23,2,13902
5441,1365,52,2,47423
5442,1365,77,1,62543
5443,1366,56,5,13545
5444,1366,29,4,27367
5445,1366,4,2,72183
5446,1366,77,5,62543
5447,1366,73,2,58762
5448,1367,78,2,21761
5449,1367,51,3,22310
5450,1367,63,5,59829
5451,1367,55,2,50282
5452,1368,80,4,14416
5453,1368,99,5,64203
5454,1368,43,3,37544
5455,1368,33,3,67163
5456,1369,76,1,95956
5457,1369,1,3,77345
5458,1369,60,2,91851
5459,1369,43,1,37544
5460,1370,56,4,13545
5461,1370,17,4,32785
5462,1370,35,5,27106
5463,1370,49,4,86790
5464,1371,56,2,13545
5465,1371,55,5,50282
5466,1371,94,3,54643
5467,1371,75,2,31489
5468,1371,52,2,47423
5469,1372,69,2,66333
5470,1372,55,4,50282
5471,1372,88,3,82751
5472,1372,7,5,51167
5473,1372,27,5,85161
5474,1373,2,1,16956
5475,1373,53,5,58950
5476,1373,44,2,55170
5477,1373,5,4,35124
5478,1374,76,1,95956
5479,1374,62,1,39951
5480,1374,71,1,62771
5481,1375,94,2,54643
5482,1375,85,4,49747
5483,1375,39,2,30610
5484,1376,7,1,51167
5485,1376,10,2,15030
5486,1376,50,5,53007
5487,1376,66,3,21309
5488,1377,2,3,16956
5489,1377,22,2,20870
5490,1377,14,5,61112
5491,1377,86,1,33028
5492,1378,97,2,24578
5493,1378,75,5,31489
5494,1378,78,5,21761
5495,1379,93,5,25266
5496,1379,57,1,87341
5497,1379,25,3,95530
5498,1379,40,5,63117
5499,1380,34,2,71809
5500,1380,19,5,24844
5501,1380,17,1,32785
5502,1380,61,1,83461
5503,1380,20,2,13940
5504,1381,71,4,62771
5505,1381,70,3,16773
5506,1381,20,4,13940
5507,1382,11,2,42580
5508,1382,64,4,18863
5509,1382,52,1,47423
5510,1382,59,2,68303
5511,1382,86,3,33028
5512,1383,43,5,37544
5513,1383,92,4,43974
5514,1383,40,5,63117
5515,1383,83,5,57341
5516,1384,75,4,31489
5517,1384,67,2,71990
5518,1384,6,4,23328
5519,1384,65,1,95196
5520,1384,76,2,95956
5521,1385,64,4,18863
5522,1385,87,2,47322
5523,1385,31,1,25080
5524,1385,7,1,51167
5525,1385,90,5,99988
5526,1386,11,5,42580
5527,1386,16,4,21730
5528,1386,75,5,31489
5529,1387,7,5,51167
5530,1387,35,5,27106
5531,1387,81,3,69446
5532,1387,6,4,23328
5533,1387,5,5,35124
5534,1388,79,4,37051
5535,1388,2,3,16956
5536,1388,47,2,38951
5537,1388,29,5,27367
5538,1389,55,1,50282
5539,1389,97,2,24578
5540,1389,85,4,49747
5541,1389,8,3,71394
5542,1389,93,2,25266
5543,1390,18,1,49881
5544,1390,65,1,95196
5545,1390,7,4,51167
5546,1390,36,3,50269
5547,1391,51,1,22310
5548,1391,10,5,15030
5549,1391,100,1,55240
5550,1391,84,2,78759
5551,1392,75,3,31489
5552,1392,32,3,82134
5553,1392,17,4,32785
5554,1392,94,1,54643
5555,1393,63,1,59829
5556,1393,20,4,13940
5557,1393,19,1,24844
5558,1393,29,5,27367
5559,1394,94,2,54643
5560,1394,96,3,93706
5561,1394,63,1,59829
5562,1394,89,2,99643
5563,1395,91,5,87573
5564,1395,65,2,95196
5565,1395,41,4,16916
5566,1396,22,5,20870
5567,1396,39,5,30610
5568,1396,11,4,42580
5569,1396,45,1,89685
5570,1397,86,5,33028
5571,1397,84,1,78759
5572,1397,20,2,13940
5573,1397,7,4,51167
5574,1398,81,5,69446
5575,1398,87,5,47322
5576,1398,6,1,23328
5577,1399,81,2,69446
5578,1399,4,5,72183
5579,1399,20,3,13940
5580,1400,69,1,66333
5581,1400,67,2,71990
5582,1400,37,1,31314
5583,1400,5,5,35124
5584,1400,98,4,88669
5585,1401,25,4,95530
5586,1401,51,2,22310
5587,1401,14,3,61112
5588,1401,13,4,60825
5589,1401,4,5,72183
5590,1402,46,5,39246
5591,1402,20,5,13940
5592,1402,99,1,64203
5593,1402,68,2,92995
5594,1403,45,5,89685
5595,1403,77,1,62543
5596,1403,24,1,96972
5597,1403,41,4,16916
5598,1403,17,3,32785
5599,1404,81,3,69446
5600,1404,31,1,25080
5601,1404,56,2,13545
5602,1404,29,1,27367
5603,1404,97,2,24578
5604,1405,53,1,58950
5605,1405,51,4,22310
5606,1405,17,1,32785
5607,1405,20,1,13940
5608,1405,23,5,13902
5609,1406,8,3,71394
5610,1406,14,5,61112
5611,1406,68,5,92995
5612,1406,99,4,64203
5613,1407,8,5,71394
5614,1407,30,1,22486
5615,1407,58,3,66996
5616,1407,56,4,13545
5617,1407,54,3,55716
5618,1408,62,2,39951
5619,1408,69,4,66333
5620,1408,91,5,87573
5621,1408,26,4,47395
5622,1409,53,2,58950
5623,1409,13,3,60825
5624,1409,35,5,27106
5625,1409,16,5,21730
5626,1409,24,4,96972
5627,1410,28,4,53426
5628,1410,99,1,64203
5629,1410,13,1,60825
5630,1410,86,2,33028
5631,1411,81,4,69446
5632,1411,9,1,24385
5633,1411,57,5,87341
5634,1411,36,5,50269
5635,1412,89,4,99643
5636,1412,12,1,31257
5637,1412,48,3,56186
5638,1412,74,1,60296
5639,1413,64,1,18863
5640,1413,95,1,10177
5641,1413,34,5,71809
5642,1414,13,1,60825
5643,1414,6,4,23328
5644,1414,62,4,39951
5645,1414,66,2,21309
5646,1414,74,4,60296
5647,1415,54,2,55716
5648,1415,47,1,38951
5649,1415,48,2,56186
5650,1415,61,1,83461
5651,1415,35,2,27106
5652,1416,92,2,43974
5653,1416,75,5,31489
5654,1416,58,2,66996
5655,1417,85,3,49747
5656,1417,15,5,59265
5657,1417,88,3,82751
5658,1417,79,1,37051
5659,1417,56,4,13545
5660,1418,73,4,58762
5661,1418,59,2,68303
5662,1418,42,4,44615
5663,1419,63,1,59829
5664,1419,52,5,47423
5665,1419,26,2,47395
5666,1419,70,1,16773
5667,1420,21,3,33591
5668,1420,17,1,32785
5669,1420,11,5,42580
5670,1421,60,2,91851
5671,1421,91,1,87573
5672,1421,22,2,20870
5673,1421,40,2,63117
5674,1421,37,2,31314
5675,1422,27,3,85161
5676,1422,75,4,31489
5677,1422,12,5,31257
5678,1422,63,5,59829
5679,1422,57,3,87341
5680,1423,13,2,60825
5681,1423,7,5,51167
5682,1423,74,1,60296
5683,1423,17,1,32785
5684,1423,11,5,42580
5685,1424,88,3,82751
5686,1424,8,5,71394
5687,1424,23,4,13902
5688,1424,67,3,71990
5689,1425,99,5,64203
5690,1425,9,1,24385
5691,1425,35,1,27106
5692,1425,54,2,55716
5693,1425,91,1,87573
5694,1426,83,5,57341
5695,1426,54,1,55716
5696,1426,99,2,64203
5697,1426,93,2,25266
5698,1426,21,3,33591
5699,1427,51,4,22310
5700,1427,29,4,27367
5701,1427,11,5,42580
5702,1428,74,1,60296
5703,1428,14,3,61112
5704,1428,83,5,57341
5705,1429,86,1,33028
5706,1429,30,1,22486
5707,1429,88,2,82751
5708,1430,31,3,25080
5709,1430,74,3,60296
5710,1430,48,2,56186
5711,1431,26,3,47395
5712,1431,6,3,23328
5713,1431,29,3,27367
5714,1431,12,1,31257
5715,1431,44,5,55170
5716,1432,89,3,99643
5717,1432,85,3,49747
5718,1432,40,1,63117
5719,1433,51,3,22310
5720,1433,57,2,87341
5721,1433,32,3,82134
5722,1434,22,5,20870
5723,1434,98,5,88669
5724,1434,39,2,30610
5725,1434,24,2,96972
5726,1434,33,3,67163
5727,1435,82,2,40303
5728,1435,60,5,91851
5729,1435,6,4,23328
5730,1435,3,3,92869
5731,1435,11,1,42580
5732,1436,93,3,25266
5733,1436,75,4,31489
5734,1436,78,3,21761
5735,1436,70,5,16773
5736,1437,9,1,24385
5737,1437,99,4,64203
5738,1437,4,1,72183
5739,1438,56,1,13545
5740,1438,96,5,93706
5741,1438,50,4,53007
5742,1438,1,2,77345
5743,1439,82,3,40303
5744,1439,73,5,58762
5745,1439,87,1,47322
5746,1439,92,5,43974
5747,1439,49,2,86790
5748,1440,8,1,71394
5749,1440,74,5,60296
5750,1440,42,2,44615
5751,1441,52,5,47423
5752,1441,32,2,82134
5753,1441,63,1,59829
5754,1441,36,3,50269
5755,1442,16,1,21730
5756,1442,54,5,55716
5757,1442,61,2,83461
5758,1442,99,3,64203
5759,1442,94,5,54643
5760,1443,38,5,89599
5761,1443,71,5,62771
5762,1443,99,2,64203
5763,1444,23,1,13902
5764,1444,88,1,82751
5765,1444,4,2,72183
5766,1444,54,2,55716
5767,1445,53,4,58950
5768,1445,3,1,92869
5769,1445,51,5,22310
5770,1445,72,3,53594
5771,1445,76,4,95956
5772,1446,32,2,82134
5773,1446,35,3,27106
5774,1446,84,5,78759
5775,1446,20,5,13940
5776,1446,24,4,96972
5777,1447,96,2,93706
5778,1447,88,4,82751
5779,1447,50,3,53007
5780,1448,39,5,30610
5781,1448,12,3,31257
5782,1448,80,5,14416
5783,1448,74,2,60296
5784,1448,100,2,55240
5785,1449,24,2,96972
5786,1449,10,5,15030
5787,1449,57,2,87341
5788,1449,13,2,60825
5789,1450,21,4,33591
5790,1450,49,1,86790
5791,1450,90,3,99988
5792,1450,100,4,55240
5793,1451,33,1,67163
5794,1451,88,5,82751
5795,1451,19,5,24844
5796,1452,80,4,14416
5797,1452,24,1,96972
5798,1452,69,4,66333
5799,1452,94,1,54643
5800,1452,76,5,95956
5801,1453,64,3,18863
5802,1453,24,1,96972
5803,1453,36,1,50269
5804,1453,100,2,55240
5805,1453,76,5,95956
5806,1454,51,2,22310
5807,1454,61,1,83461
5808,1454,9,2,24385
5809,1455,35,1,27106
5810,1455,48,2,56186
5811,1455,98,2,88669
5812,1455,42,1,44615
5813,1456,41,2,16916
5814,1456,23,4,13902
5815,1456,56,4,13545
5816,1456,20,3,13940
5817,1457,55,1,50282
5818,1457,59,4,68303
5819,1457,88,4,82751
5820,1457,74,2,60296
5821,1457,89,1,99643
5822,1458,49,3,86790
5823,1458,87,4,47322
5824,1458,51,3,22310
5825,1459,68,5,92995
5826,1459,86,5,33028
5827,1459,62,4,39951
5828,1459,50,1,53007
5829,1459,1,1,77345
5830,1460,52,4,47423
5831,1460,4,5,72183
5832,1460,33,4,67163
5833,1460,46,1,39246
5834,1460,7,2,51167
5835,1461,11,4,42580
5836,1461,1,5,77345
5837,1461,58,3,66996
5838,1461,76,3,95956
5839,1461,91,5,87573
5840,1462,29,5,27367
5841,1462,31,3,25080
5842,1462,70,1,16773
5843,1463,100,4,55240
5844,1463,92,2,43974
5845,1463,18,3,49881
5846,1463,3,3,92869
5847,1464,30,1,22486
5848,1464,69,3,66333
5849,1464,90,2,99988
5850,1465,44,2,55170
5851,1465,21,2,33591
5852,1465,23,4,13902
5853,1466,69,4,66333
5854,1466,68,4,92995
5855,1466,12,1,31257
5856,1467,21,5,33591
5857,1467,43,1,37544
5858,1467,57,2,87341
5859,1467,1,4,77345
5860,1468,20,4,13940
5861,1468,15,5,59265
5862,1468,27,2,85161
5863,1468,29,4,27367
5864,1468,92,5,43974
5865,1469,11,4,42580
5866,1469,40,4,63117
5867,1469,57,4,87341
5868,1469,26,3,47395
5869,1470,6,1,23328
5870,1470,54,5,55716
5871,1470,30,2,22486
5872,1470,24,4,96972
5873,1471,85,5,49747
5874,1471,95,2,10177
5875,1471,81,1,69446
5876,1471,49,1,86790
5877,1471,42,3,44615
5878,1472,74,5,60296
5879,1472,99,3,64203
5880,1472,56,4,13545
5881,1472,46,2,39246
5882,1473,37,1,31314
5883,1473,9,1,24385
5884,1473,53,5,58950
5885,1473,92,4,43974
5886,1474,39,5,30610
5887,1474,93,3,25266
5888,1474,46,5,39246
5889,1474,6,2,23328
5890,1474,67,2,71990
5891,1475,19,5,24844
5892,1475,7,1,51167
5893,1475,4,5,72183
5894,1475,76,3,95956
5895,1476,41,5,16916
5896,1476,88,1,82751
5897,1476,83,5,57341
5898,1477,18,2,49881
5899,1477,70,2,16773
5900,1477,15,1,59265
5901,1477,59,4,68303
5902,1477,88,1,82751
5903,1478,60,5,91851
5904,1478,7,5,51167
5905,1478,8,3,71394
5906,1478,82,4,40303
5907,1479,24,2,96972
5908,1479,83,2,57341
5909,1479,94,4,54643
5910,1479,59,5,68303
5911,1479,96,1,93706
5912,1480,61,1,83461
5913,1480,100,1,55240
5914,1480,11,1,42580
5915,1480,45,2,89685
5916,1480,44,5,55170
5917,1481,97,4,24578
5918,1481,96,5,93706
5919,1481,17,1,32785
5920,1482,8,3,71394
5921,1482,50,2,53007
5922,1482,13,2,60825
5923,1482,87,5,47322
5924,1482,99,5,64203
5925,1483,6,4,23328
5926,1483,69,4,66333
5927,1483,33,1,67163
5928,1483,3,2,92869
5929,1483,34,1,71809
5930,1484,32,4,82134
5931,1484,66,5,21309
5932,1484,54,3,55716
5933,1484,35,1,27106
5934,1484,68,1,92995
5935,1485,70,3,16773
5936,1485,62,1,39951
5937,1485,85,5,49747
5938,1486,41,5,16916
5939,1486,25,5,95530
5940,1486,19,3,24844
5941,1486,32,3,82134
5942,1487,59,3,68303
5943,1487,99,3,64203
5944,1487,37,4,31314
5945,1487,52,2,47423
5946,1488,13,4,60825
5947,1488,25,4,95530
5948,1488,14,4,61112
5949,1488,52,3,47423
5950,1489,23,1,13902
5951,1489,80,5,14416
5952,1489,13,5,60825
5953,1490,87,3,47322
5954,1490,1,5,77345
5955,1490,17,1,32785
5956,1490,57,4,87341
5957,1491,37,5,31314
5958,1491,67,1,71990
5959,1491,42,5,44615
5960,1491,74,4,60296
5961,1492,9,3,24385
5962,1492,17,5,32785
5963,1492,32,5,82134
5964,1492,37,3,31314
5965,1492,82,5,40303
5966,1493,64,4,18863
5967,1493,73,1,58762
5968,1493,58,1,66996
5969,1493,79,4,37051
5970,1493,71,5,62771
5971,1494,9,3,24385
5972,1494,90,5,99988
5973,1494,76,5,95956
5974,1494,11,4,42580
5975,1494,26,1,47395
5976,1495,28,2,53426
5977,1495,36,3,50269
5978,1495,87,1,47322
5979,1496,47,1,38951
5980,1496,23,5,13902
5981,1496,94,5,54643
5982,1496,74,2,60296
5983,1497,78,4,21761
5984,1497,5,4,35124
5985,1497,19,3,24844
5986,1498,70,1,16773
5987,1498,61,5,83461
5988,1498,10,2,15030
5989,1498,72,4,53594
5990,1498,3,4,92869
5991,1499,72,5,53594
5992,1499,13,5,60825
5993,1499,58,2,66996
5994,1499,29,3,27367
5995,1500,83,5,57341
5996,1500,8,3,71394
5997,1500,39,2,30610
5998,1500,31,4,25080
5999,1501,67,4,71990
6000,1501,20,4,13940
6001,1501,81,2,69446
6002,1502,12,2,31257
6003,1502,65,1,95196
6004,1502,15,3,59265
6005,1502,19,1,24844
6006,1503,38,5,89599
6007,1503,32,3,82134
6008,1503,82,2,40303
6009,1504,19,5,24844
6010,1504,55,2,50282
6011,1504,10,5,15030
6012,1504,45,2,89685
6013,1505,28,3,53426
6014,1505,15,2,59265
6015,1505,29,2,27367
6016,1505,51,2,22310
6017,1505,14,3,61112
6018,1506,73,5,58762
6019,1506,42,1,44615
6020,1506,40,3,63117
6021,1506,67,2,71990
6022,1507,44,1,55170
6023,1507,41,5,16916
6024,1507,55,4,50282
6025,1507,62,1,39951
6026,1508,80,4,14416
6027,1508,45,3,89685
6028,1508,9,5,24385
6029,1508,46,2,39246
6030,1509,18,1,49881
6031,1509,20,2,13940
6032,1509,10,1,15030
6033,1509,2,4,16956
6034,1509,67,5,71990
6035,1510,6,5,23328
6036,1510,11,4,42580
6037,1510,59,2,68303
6038,1510,41,3,16916
6039,1511,25,5,95530
6040,1511,87,5,47322
6041,1511,30,1,22486
6042,1511,39,5,30610
6043,1512,3,5,92869
6044,1512,38,2,89599
6045,1512,34,1,71809
6046,1512,86,3,33028
6047,1512,81,2,69446
6048,1513,64,1,18863
6049,1513,61,3,83461
6050,1513,88,4,82751
6051,1514,77,1,62543
6052,1514,47,3,38951
6053,1514,20,3,13940
6054,1514,50,1,53007
6055,1515,39,3,30610
6056,1515,14,2,61112
6057,1515,54,3,55716
6058,1516,61,2,83461
6059,1516,32,3,82134
6060,1516,3,3,92869
6061,1516,48,5,56186
6062,1517,99,5,64203
6063,1517,86,4,33028
6064,1517,57,3,87341
6065,1518,17,3,32785
6066,1518,41,2,16916
6067,1518,25,1,95530
6068,1518,40,1,63117
6069,1519,50,1,53007
6070,1519,83,2,57341
6071,1519,41,4,16916
6072,1519,11,4,42580
6073,1519,57,5,87341
6074,1520,22,2,20870
6075,1520,26,4,47395
6076,1520,50,2,53007
6077,1520,46,2,39246
6078,1520,44,5,55170
6079,1521,79,1,37051
6080,1521,92,1,43974
6081,1521,31,3,25080
6082,1521,89,5,99643
6083,1522,29,1,27367
6084,1522,75,5,31489
6085,1522,66,3,21309
6086,1522,18,1,49881
6087,1523,13,1,60825
6088,1523,49,3,86790
6089,1523,89,5,99643
6090,1523,83,3,57341
6091,1524,2,3,16956
6092,1524,35,5,27106
6093,1524,43,2,37544
6094,1524,53,5,58950
6095,1525,41,1,16916
6096,1525,21,1,33591
6097,1525,89,3,99643
6098,1525,60,5,91851
6099,1526,4,5,72183
6100,1526,36,2,50269
6101,1526,99,3,64203
6102,1526,96,2,93706
6103,1526,39,5,30610
6104,1527,75,1,31489
6105,1527,50,2,53007
6106,1527,95,1,10177
6107,1527,10,1,15030
6108,1528,56,3,13545
6109,1528,13,3,60825
6110,1528,85,5,49747
6111,1528,68,2,92995
6112,1528,78,2,21761
6113,1529,30,4,22486
6114,1529,21,1,33591
6115,1529,15,4,59265
6116,1529,4,4,72183
6117,1530,86,2,33028
6118,1530,22,3,20870
6119,1530,25,4,95530
6120,1531,8,4,71394
6121,1531,6,4,23328
6122,1531,66,1,21309
6123,1531,61,5,83461
6124,1532,15,4,59265
6125,1532,71,1,62771
6126,1532,52,4,47423
6127,1532,16,1,21730
6128,1532,94,1,54643
6129,1533,69,5,66333
6130,1533,34,2,71809
6131,1533,59,3,68303
6132,1534,4,3,72183
6133,1534,2,5,16956
6134,1534,94,2,54643
6135,1534,76,1,95956
6136,1535,91,5,87573
6137,1535,70,3,16773
6138,1535,59,1,68303
6139,1535,72,3,53594
6140,1536,82,2,40303
6141,1536,57,3,87341
6142,1536,61,4,83461
6143,1536,42,5,44615
6144,1537,48,1,56186
6145,1537,15,1,59265
6146,1537,8,2,71394
6147,1537,83,4,57341
6148,1538,46,4,39246
6149,1538,65,4,95196
6150,1538,83,1,57341
6151,1538,92,2,43974
6152,1539,85,1,49747
6153,1539,88,4,82751
6154,1539,91,5,87573
6155,1539,97,4,24578
6156,1539,67,3,71990
6157,1540,18,2,49881
6158,1540,8,5,71394
6159,1540,13,1,60825
6160,1541,99,3,64203
6161,1541,100,1,55240
6162,1541,10,1,15030
6163,1541,94,5,54643
6164,1542,81,2,69446
6165,1542,84,1,78759
6166,1542,39,5,30610
6167,1542,87,2,47322
6168,1542,15,3,59265
6169,1543,23,2,13902
6170,1543,43,2,37544
6171,1543,91,1,87573
6172,1544,45,5,89685
6173,1544,81,5,69446
6174,1544,54,5,55716
6175,1544,57,1,87341
6176,1544,30,4,22486
6177,1545,11,1,42580
6178,1545,78,5,21761
6179,1545,58,3,66996
6180,1545,99,5,64203
6181,1545,31,2,25080
6182,1546,34,5,71809
6183,1546,92,4,43974
6184,1546,61,1,83461
6185,1547,5,3,35124
6186,1547,47,4,38951
6187,1547,6,3,23328
6188,1547,2,4,16956
6189,1548,1,5,77345
6190,1548,54,3,55716
6191,1548,94,3,54643
6192,1548,62,4,39951
6193,1549,23,3,13902
6194,1549,45,1,89685
6195,1549,58,3,66996
6196,1550,93,3,25266
6197,1550,47,1,38951
6198,1550,63,1,59829
6199,1550,15,2,59265
6200,1550,66,2,21309
6201,1551,18,5,49881
6202,1551,56,2,13545
6203,1551,75,1,31489
6204,1551,21,2,33591
6205,1551,95,1,10177
6206,1552,1,2,77345
6207,1552,68,2,92995
6208,1552,32,5,82134
6209,1553,37,4,31314
6210,1553,90,5,99988
6211,1553,6,1,23328
6212,1553,51,1,22310
6213,1554,83,3,57341
6214,1554,54,2,55716
6215,1554,38,5,89599
6216,1554,55,2,50282
6217,1554,20,4,13940
6218,1555,23,5,13902
6219,1555,35,3,27106
6220,1555,6,4,23328
6221,1555,87,2,47322
6222,1556,65,1,95196
6223,1556,95,5,10177
6224,1556,33,4,67163
6225,1556,88,5,82751
6226,1557,90,1,99988
6227,1557,6,5,23328
6228,1557,45,2,89685
6229,1557,79,1,37051
6230,1557,87,5,47322
6231,1558,80,5,14416
6232,1558,30,4,22486
6233,1558,98,1,88669
6234,1558,66,2,21309
6235,1559,94,4,54643
6236,1559,78,4,21761
6237,1559,34,4,71809
6238,1560,6,5,23328
6239,1560,91,3,87573
6240,1560,21,4,33591
6241,1560,99,1,64203
6242,1560,65,5,95196
6243,1561,61,2,83461
6244,1561,11,5,42580
6245,1561,94,2,54643
6246,1561,89,4,99643
6247,1562,50,1,53007
6248,1562,7,2,51167
6249,1562,8,2,71394
6250,1562,63,5,59829
6251,1562,79,4,37051
6252,1563,96,3,93706
6253,1563,54,5,55716
6254,1563,34,4,71809
6255,1563,22,5,20870
6256,1564,22,5,20870
6257,1564,86,1,33028
6258,1564,52,1,47423
6259,1564,74,4,60296
6260,1564,25,3,95530
6261,1565,60,2,91851
6262,1565,11,5,42580
6263,1565,23,2,13902
6264,1565,7,1,51167
6265,1566,87,1,47322
6266,1566,90,1,99988
6267,1566,39,3,30610
6268,1567,29,2,27367
6269,1567,4,1,72183
6270,1567,9,4,24385
6271,1567,72,5,53594
6272,1567,38,2,89599
6273,1568,96,4,93706
6274,1568,51,4,22310
6275,1568,8,1,71394
6276,1568,84,5,78759
6277,1569,8,2,71394
6278,1569,31,5,25080
6279,1569,36,1,50269
6280,1569,44,1,55170
6281,1569,56,2,13545
6282,1570,37,4,31314
6283,1570,45,4,89685
6284,1570,23,1,13902
6285,1571,5,3,35124
6286,1571,28,1,53426
6287,1571,95,3,10177
6288,1572,12,3,31257
6289,1572,48,3,56186
6290,1572,71,3,62771
6291,1573,3,5,92869
6292,1573,37,2,31314
6293,1573,44,4,55170
6294,1573,16,3,21730
6295,1574,87,1,47322
6296,1574,68,3,92995
6297,1574,9,5,24385
6298,1574,65,4,95196
6299,1574,52,4,47423
6300,1575,70,2,16773
6301,1575,94,2,54643
6302,1575,45,3,89685
6303,1575,26,1,47395
6304,1576,26,3,47395
6305,1576,77,5,62543
6306,1576,61,5,83461
6307,1577,22,2,20870
6308,1577,95,2,10177
6309,1577,56,4,13545
6310,1577,51,1,22310
6311,1578,25,2,95530
6312,1578,30,1,22486
6313,1578,61,4,83461
6314,1578,1,3,77345
6315,1579,6,3,23328
6316,1579,99,2,64203
6317,1579,10,4,15030
6318,1579,62,3,39951
6319,1579,55,4,50282
6320,1580,94,5,54643
6321,1580,88,1,82751
6322,1580,59,2,68303
6323,1581,83,1,57341
6324,1581,59,4,68303
6325,1581,78,4,21761
6326,1581,15,1,59265
6327,1581,80,4,14416
6328,1582,48,5,56186
6329,1582,12,2,31257
6330,1582,72,1,53594
6331,1583,8,5,71394
6332,1583,36,4,50269
6333,1583,74,5,60296
6334,1583,30,5,22486
6335,1583,56,1,13545
6336,1584,53,1,58950
6337,1584,18,2,49881
6338,1584,90,3,99988
6339,1584,48,1,56186
6340,1584,100,1,55240
6341,1585,24,1,96972
6342,1585,94,2,54643
6343,1585,100,5,55240
6344,1585,18,2,49881
6345,1585,66,5,21309
6346,1586,32,4,82134
6347,1586,91,5,87573
6348,1586,38,3,89599
6349,1586,93,3,25266
6350,1587,13,4,60825
6351,1587,57,2,87341
6352,1587,24,1,96972
6353,1588,50,4,53007
6354,1588,99,2,64203
6355,1588,64,2,18863
6356,1588,33,5,67163
6357,1589,5,5,35124
6358,1589,91,4,87573
6359,1589,65,4,95196
6360,1589,15,4,59265
6361,1589,38,1,89599
6362,1590,69,3,66333
6363,1590,61,5,83461
6364,1590,32,4,82134
6365,1591,80,2,14416
6366,1591,60,1,91851
6367,1591,2,2,16956
6368,1592,88,2,82751
6369,1592,84,2,78759
6370,1592,18,4,49881
6371,1592,56,1,13545
6372,1593,86,5,33028
6373,1593,93,5,25266
6374,1593,74,4,60296
6375,1594,76,4,95956
6376,1594,89,5,99643
6377,1594,23,4,13902
6378,1594,93,3,25266
6379,1594,51,1,22310
6380,1595,30,3,22486
6381,1595,15,1,59265
6382,1595,95,5,10177
6383,1595,67,5,71990
6384,1596,39,3,30610
6385,1596,33,2,67163
6386,1596,12,5,31257
6387,1596,48,5,56186
6388,1596,97,3,24578
6389,1597,26,2,47395
6390,1597,9,4,24385
6391,1597,43,3,37544
6392,1597,46,1,39246
6393,1597,63,5,59829
6394,1598,12,2,31257
6395,1598,36,5,50269
6396,1598,3,5,92869
6397,1599,58,4,66996
6398,1599,61,2,83461
6399,1599,51,4,22310
6400,1599,83,3,57341
6401,1600,46,4,39246
6402,1600,44,1,55170
6403,1600,63,3,59829
6404,1601,20,1,13940
6405,1601,16,3,21730
6406,1601,61,3,83461
6407,1601,33,5,67163
6408,1602,74,3,60296
6409,1602,73,5,58762
6410,1602,68,3,92995
6411,1602,85,5,49747
6412,1603,20,4,13940
6413,1603,44,3,55170
6414,1603,42,3,44615
6415,1603,85,3,49747
6416,1603,10,3,15030
6417,1604,58,5,66996
6418,1604,88,5,82751
6419,1604,93,1,25266
6420,1604,94,1,54643
6421,1605,1,2,77345
6422,1605,93,1,25266
6423,1605,19,1,24844
6424,1606,45,4,89685
6425,1606,100,2,55240
6426,1606,37,2,31314
6427,1606,60,3,91851
6428,1607,81,1,69446
6429,1607,33,5,67163
6430,1607,47,4,38951
6431,1607,96,3,93706
6432,1607,13,2,60825
6433,1608,93,5,25266
6434,1608,21,4,33591
6435,1608,17,1,32785
6436,1609,60,4,91851
6437,1609,57,3,87341
6438,1609,39,2,30610
6439,1610,7,4,51167
6440,1610,93,2,25266
6441,1610,54,4,55716
6442,1610,4,3,72183
6443,1610,96,4,93706
6444,1611,51,5,22310
6445,1611,24,4,96972
6446,1611,15,4,59265
6447,1611,66,1,21309
6448,1612,68,4,92995
6449,1612,75,4,31489
6450,1612,52,4,47423
6451,1612,5,1,35124
6452,1612,32,4,82134
6453,1613,47,5,38951
6454,1613,50,3,53007
6455,1613,34,4,71809
6456,1613,42,2,44615
6457,1613,75,3,31489
6458,1614,64,3,18863
6459,1614,62,2,39951
6460,1614,2,1,16956
6461,1614,22,4,20870
6462,1614,85,4,49747
6463,1615,22,5,20870
6464,1615,29,5,27367
6465,1615,10,5,15030
6466,1615,80,4,14416
6467,1615,9,4,24385
6468,1616,54,3,55716
6469,1616,12,3,31257
6470,1616,71,3,62771
6471,1617,18,2,49881
6472,1617,36,3,50269
6473,1617,12,1,31257
6474,1617,44,5,55170
6475,1618,6,4,23328
6476,1618,87,5,47322
6477,1618,38,1,89599
6478,1619,53,3,58950
6479,1619,86,5,33028
6480,1619,66,5,21309
6481,1619,88,5,82751
6482,1619,96,5,93706
6483,1620,95,2,10177
6484,1620,56,3,13545
6485,1620,1,1,77345
6486,1620,62,4,39951
6487,1621,63,3,59829
6488,1621,49,4,86790
6489,1621,73,5,58762
6490,1622,39,2,30610
6491,1622,17,3,32785
6492,1622,42,4,44615
6493,1622,97,4,24578
6494,1622,8,4,71394
6495,1623,73,2,58762
6496,1623,91,3,87573
6497,1623,61,4,83461
6498,1624,41,4,16916
6499,1624,14,4,61112
6500,1624,6,5,23328
6501,1624,25,4,95530
6502,1624,71,3,62771
6503,1625,60,5,91851
6504,1625,30,5,22486
6505,1625,21,4,33591
6506,1625,37,4,31314
6507,1625,45,4,89685
6508,1626,54,4,55716
6509,1626,24,4,96972
6510,1626,41,3,16916
6511,1626,74,5,60296
6512,1626,27,5,85161
6513,1627,69,1,66333
6514,1627,4,2,72183
6515,1627,28,5,53426
6516,1628,68,2,92995
6517,1628,45,5,89685
6518,1628,27,3,85161
6519,1629,62,5,39951
6520,1629,35,5,27106
6521,1629,24,3,96972
6522,1630,18,5,49881
6523,1630,38,2,89599
6524,1630,16,2,21730
6525,1630,32,2,82134
6526,1631,19,5,24844
6527,1631,95,4,10177
6528,1631,64,2,18863
6529,1631,83,5,57341
6530,1631,3,2,92869
6531,1632,30,5,22486
6532,1632,22,3,20870
6533,1632,47,1,38951
6534,1633,77,2,62543
6535,1633,13,3,60825
6536,1633,95,3,10177
6537,1633,69,2,66333
6538,1633,52,2,47423
6539,1634,81,1,69446
6540,1634,10,2,15030
6541,1634,42,5,44615
6542,1634,35,5,27106
6543,1635,35,2,27106
6544,1635,38,4,89599
6545,1635,86,4,33028
6546,1636,53,3,58950
6547,1636,94,3,54643
6548,1636,44,1,55170
6549,1636,24,5,96972
6550,1637,61,4,83461
6551,1637,83,4,57341
6552,1637,20,5,13940
6553,1637,94,4,54643
6554,1637,22,3,20870
6555,1638,64,4,18863
6556,1638,85,1,49747
6557,1638,34,2,71809
6558,1638,14,5,61112
6559,1639,31,2,25080
6560,1639,49,1,86790
6561,1639,70,3,16773
6562,1640,54,3,55716
6563,1640,46,1,39246
6564,1640,83,4,57341
6565,1641,93,1,25266
6566,1641,15,5,59265
6567,1641,53,3,58950
6568,1642,82,4,40303
6569,1642,50,5,53007
6570,1642,93,5,25266
6571,1642,26,4,47395
6572,1642,47,3,38951
6573,1643,34,2,71809
6574,1643,71,4,62771
6575,1643,89,4,99643
6576,1643,81,2,69446
6577,1643,46,3,39246
6578,1644,36,1,50269
6579,1644,51,4,22310
6580,1644,85,5,49747
6581,1644,32,2,82134
6582,1645,2,5,16956
6583,1645,54,1,55716
6584,1645,72,3,53594
6585,1645,18,3,49881
6586,1646,16,4,21730
6587,1646,6,2,23328
6588,1646,61,4,83461
6589,1646,14,1,61112
6590,1646,94,2,54643
6591,1647,67,3,71990
6592,1647,100,1,55240
6593,1647,2,1,16956
6594,1647,61,4,83461
6595,1648,28,3,53426
6596,1648,70,2,16773
6597,1648,77,2,62543
6598,1648,14,1,61112
6599,1649,32,2,82134
6600,1649,81,5,69446
6601,1649,57,5,87341
6602,1649,72,2,53594
6603,1650,85,5,49747
6604,1650,21,1,33591
6605,1650,37,1,31314
6606,1650,10,4,15030
6607,1650,94,1,54643
6608,1651,75,5,31489
6609,1651,33,2,67163
6610,1651,98,3,88669
6611,1652,95,5,10177
6612,1652,30,4,22486
6613,1652,83,2,57341
6614,1652,47,4,38951
6615,1652,89,3,99643
6616,1653,90,3,99988
6617,1653,77,3,62543
6618,1653,62,4,39951
6619,1654,36,4,50269
6620,1654,55,4,50282
6621,1654,35,5,27106
6622,1654,57,5,87341
6623,1654,73,5,58762
6624,1655,2,3,16956
6625,1655,62,5,39951
6626,1655,29,3,27367
6627,1655,96,5,93706
6628,1656,21,4,33591
6629,1656,72,4,53594
6630,1656,26,3,47395
6631,1656,65,2,95196
6632,1656,14,2,61112
6633,1657,39,5,30610
6634,1657,19,1,24844
6635,1657,46,4,39246
6636,1658,84,4,78759
6637,1658,40,2,63117
6638,1658,58,5,66996
6639,1658,24,2,96972
6640,1659,63,4,59829
6641,1659,88,4,82751
6642,1659,83,4,57341
6643,1659,54,3,55716
6644,1660,27,2,85161
6645,1660,76,2,95956
6646,1660,5,4,35124
6647,1660,11,5,42580
6648,1661,36,4,50269
6649,1661,97,5,24578
6650,1661,45,2,89685
6651,1661,99,1,64203
6652,1661,31,3,25080
6653,1662,48,1,56186
6654,1662,11,3,42580
6655,1662,52,2,47423
6656,1663,76,3,95956
6657,1663,50,5,53007
6658,1663,77,5,62543
6659,1664,53,4,58950
6660,1664,80,5,14416
6661,1664,73,3,58762
6662,1664,42,3,44615
6663,1664,26,2,47395
6664,1665,49,2,86790
6665,1665,38,2,89599
6666,1665,62,1,39951
6667,1666,26,5,47395
6668,1666,41,4,16916
6669,1666,60,2,91851
6670,1666,37,1,31314
6671,1666,96,5,93706
6672,1667,69,2,66333
6673,1667,20,1,13940
6674,1667,71,4,62771
6675,1668,90,4,99988
6676,1668,73,2,58762
6677,1668,52,4,47423
6678,1669,98,5,88669
6679,1669,70,2,16773
6680,1669,57,1,87341
6681,1669,62,5,39951
6682,1670,72,5,53594
6683,1670,27,1,85161
6684,1670,60,5,91851
6685,1670,85,3,49747
6686,1670,34,2,71809
6687,1671,12,4,31257
6688,1671,32,5,82134
6689,1671,35,3,27106
6690,1671,87,1,47322
6691,1671,80,3,14416
6692,1672,87,2,47322
6693,1672,15,2,59265
6694,1672,13,4,60825
6695,1672,1,4,77345
6696,1672,91,2,87573
6697,1673,72,2,53594
6698,1673,2,3,16956
6699,1673,37,4,31314
6700,1673,54,1,55716
6701,1673,3,5,92869
6702,1674,19,3,24844
6703,1674,22,3,20870
6704,1674,89,1,99643
6705,1675,17,3,32785
6706,1675,6,2,23328
6707,1675,72,2,53594
6708,1675,10,3,15030
6709,1676,57,3,87341
6710,1676,76,1,95956
6711,1676,31,1,25080
6712,1676,43,4,37544
6713,1677,58,2,66996
6714,1677,91,3,87573
6715,1677,30,1,22486
6716,1677,77,1,62543
6717,1677,41,3,16916
6718,1678,37,1,31314
6719,1678,50,2,53007
6720,1678,45,2,89685
6721,1678,7,1,51167
6722,1678,29,4,27367
6723,1679,8,3,71394
6724,1679,42,5,44615
6725,1679,22,4,20870
6726,1679,48,1,56186
6727,1679,66,5,21309
6728,1680,77,5,62543
6729,1680,58,5,66996
6730,1680,59,4,68303
6731,1681,45,1,89685
6732,1681,70,5,16773
6733,1681,49,3,86790
6734,1681,34,2,71809
6735,1681,38,2,89599
6736,1682,23,1,13902
6737,1682,77,2,62543
6738,1682,16,4,21730
6739,1683,47,2,38951
6740,1683,2,4,16956
6741,1683,95,5,10177
6742,1683,70,3,16773
6743,1684,83,1,57341
6744,1684,57,5,87341
6745,1684,10,2,15030
6746,1684,73,5,58762
6747,1685,73,3,58762
6748,1685,64,3,18863
6749,1685,95,4,10177
6750,1685,32,3,82134
6751,1686,46,2,39246
6752,1686,56,4,13545
6753,1686,18,5,49881
6754,1687,5,4,35124
6755,1687,1,4,77345
6756,1687,16,2,21730
6757,1688,53,3,58950
6758,1688,56,4,13545
6759,1688,89,2,99643
6760,1688,48,4,56186
6761,1688,90,4,99988
6762,1689,87,2,47322
6763,1689,47,2,38951
6764,1689,81,2,69446
6765,1689,49,3,86790
6766,1690,40,4,63117
6767,1690,86,2,33028
6768,1690,19,1,24844
6769,1690,10,1,15030
6770,1691,72,3,53594
6771,1691,85,5,49747
6772,1691,91,3,87573
6773,1691,19,3,24844
6774,1692,72,4,53594
6775,1692,54,5,55716
6776,1692,48,3,56186
6777,1692,87,5,47322
6778,1692,21,3,33591
6779,1693,34,3,71809
6780,1693,92,2,43974
6781,1693,10,3,15030
6782,1693,50,2,53007
6783,1693,8,4,71394
6784,1694,49,4,86790
6785,1694,79,2,37051
6786,1694,74,3,60296
6787,1694,43,1,37544
6788,1695,80,3,14416
6789,1695,79,2,37051
6790,1695,96,2,93706
6791,1695,19,4,24844
6792,1696,89,5,99643
6793,1696,45,1,89685
6794,1696,26,3,47395
6795,1696,77,4,62543
6796,1696,3,5,92869
6797,1697,45,4,89685
6798,1697,13,5,60825
6799,1697,27,5,85161
6800,1698,23,5,13902
6801,1698,59,3,68303
6802,1698,68,5,92995
6803,1698,69,5,66333
6804,1699,90,3,99988
6805,1699,56,3,13545
6806,1699,48,2,56186
6807,1699,14,4,61112
6808,1699,25,3,95530
6809,1700,55,2,50282
6810,1700,18,5,49881
6811,1700,80,3,14416
6812,1700,67,5,71990
6813,1701,55,4,50282
6814,1701,91,3,87573
6815,1701,1,5,77345
6816,1701,51,4,22310
6817,1701,37,4,31314
6818,1702,59,4,68303
6819,1702,79,4,37051
6820,1702,38,3,89599
6821,1702,76,4,95956
6822,1702,72,5,53594
6823,1703,86,2,33028
6824,1703,44,4,55170
6825,1703,25,5,95530
6826,1704,67,1,71990
6827,1704,13,3,60825
6828,1704,32,2,82134
6829,1705,24,1,96972
6830,1705,23,4,13902
6831,1705,86,4,33028
6832,1705,61,3,83461
6833,1705,81,5,69446
6834,1706,58,1,66996
6835,1706,94,2,54643
6836,1706,9,2,24385
6837,1706,49,5,86790
6838,1706,11,1,42580
6839,1707,78,4,21761
6840,1707,6,1,23328
6841,1707,60,1,91851
6842,1707,95,1,10177
6843,1707,12,1,31257
6844,1708,68,2,92995
6845,1708,28,5,53426
6846,1708,64,2,18863
6847,1708,36,3,50269
6848,1709,64,5,18863
6849,1709,19,1,24844
6850,1709,66,5,21309
6851,1710,75,1,31489
6852,1710,4,4,72183
6853,1710,46,1,39246
6854,1711,99,5,64203
6855,1711,1,1,77345
6856,1711,98,4,88669
6857,1711,63,2,59829
6858,1711,14,4,61112
6859,1712,60,3,91851
6860,1712,88,1,82751
6861,1712,7,1,51167
6862,1713,30,4,22486
6863,1713,6,1,23328
6864,1713,96,4,93706
6865,1713,97,2,24578
6866,1713,12,4,31257
6867,1714,93,4,25266
6868,1714,57,1,87341
6869,1714,17,1,32785
6870,1715,25,4,95530
6871,1715,42,3,44615
6872,1715,1,5,77345
6873,1715,63,1,59829
6874,1716,79,4,37051
6875,1716,44,1,55170
6876,1716,3,2,92869
6877,1717,7,1,51167
6878,1717,44,5,55170
6879,1717,78,2,21761
6880,1718,55,2,50282
6881,1718,80,2,14416
6882,1718,98,2,88669
6883,1719,96,4,93706
6884,1719,18,3,49881
6885,1719,77,1,62543
6886,1720,22,2,20870
6887,1720,71,1,62771
6888,1720,40,4,63117
6889,1720,59,2,68303
6890,1720,39,4,30610
6891,1721,43,5,37544
6892,1721,52,4,47423
6893,1721,54,5,55716
6894,1721,38,3,89599
6895,1722,24,5,96972
6896,1722,56,2,13545
6897,1722,11,5,42580
6898,1722,80,2,14416
6899,1723,62,3,39951
6900,1723,64,3,18863
6901,1723,51,3,22310
6902,1724,68,2,92995
6903,1724,100,1,55240
6904,1724,2,5,16956
6905,1724,37,5,31314
6906,1725,56,5,13545
6907,1725,23,2,13902
6908,1725,83,5,57341
6909,1725,48,4,56186
6910,1726,83,3,57341
6911,1726,70,5,16773
6912,1726,92,4,43974
6913,1727,44,4,55170
6914,1727,34,1,71809
6915,1727,21,1,33591
6916,1727,64,4,18863
6917,1728,32,5,82134
6918,1728,40,5,63117
6919,1728,54,1,55716
6920,1728,77,1,62543
6921,1728,62,1,39951
6922,1729,81,2,69446
6923,1729,86,1,33028
6924,1729,15,1,59265
6925,1730,11,5,42580
6926,1730,16,4,21730
6927,1730,66,5,21309
6928,1730,88,1,82751
6929,1730,58,5,66996
6930,1731,67,2,71990
6931,1731,45,4,89685
6932,1731,3,1,92869
6933,1731,32,5,82134
6934,1732,98,5,88669
6935,1732,28,4,53426
6936,1732,18,2,49881
6937,1732,31,2,25080
6938,1733,55,5,50282
6939,1733,99,2,64203
6940,1733,25,2,95530
6941,1733,54,2,55716
6942,1734,34,3,71809
6943,1734,52,3,47423
6944,1734,91,3,87573
6945,1735,73,4,58762
6946,1735,52,5,47423
6947,1735,23,5,13902
6948,1735,27,2,85161
6949,1736,31,3,25080
6950,1736,60,3,91851
6951,1736,5,2,35124
6952,1736,2,1,16956
6953,1737,64,5,18863
6954,1737,62,5,39951
6955,1737,45,5,89685
6956,1737,24,3,96972
6957,1737,52,4,47423
6958,1738,70,4,16773
6959,1738,96,4,93706
6960,1738,90,5,99988
6961,1739,19,1,24844
6962,1739,26,3,47395
6963,1739,68,5,92995
6964,1740,70,3,16773
6965,1740,29,5,27367
6966,1740,44,2,55170
6967,1741,92,2,43974
6968,1741,14,2,61112
6969,1741,68,4,92995
6970,1741,85,2,49747
6971,1742,86,5,33028
6972,1742,16,2,21730
6973,1742,48,4,56186
6974,1742,85,1,49747
6975,1743,95,5,10177
6976,1743,1,5,77345
6977,1743,28,3,53426
6978,1743,69,1,66333
6979,1744,27,3,85161
6980,1744,51,2,22310
6981,1744,18,4,49881
6982,1744,61,3,83461
6983,1745,3,1,92869
6984,1745,19,3,24844
6985,1745,66,3,21309
6986,1746,56,4,13545
6987,1746,37,1,31314
6988,1746,24,3,96972
6989,1746,42,2,44615
6990,1746,13,4,60825
6991,1747,96,3,93706
6992,1747,72,3,53594
6993,1747,78,3,21761
6994,1747,85,3,49747
6995,1747,30,2,22486
6996,1748,13,1,60825
6997,1748,87,3,47322
6998,1748,78,5,21761
6999,1748,53,1,58950
7000,1749,65,2,95196
7001,1749,59,4,68303
7002,1749,51,1,22310
7003,1749,50,5,53007
7004,1750,81,2,69446
7005,1750,71,5,62771
7006,1750,98,1,88669
7007,1751,8,5,71394
7008,1751,74,2,60296
7009,1751,22,3,20870
7010,1751,71,5,62771
7011,1752,9,3,24385
7012,1752,93,1,25266
7013,1752,81,1,69446
7014,1752,5,3,35124
7015,1752,73,4,58762
7016,1753,4,2,72183
7017,1753,96,3,93706
7018,1753,42,2,44615
7019,1753,57,2,87341
7020,1753,8,1,71394
7021,1754,88,4,82751
7022,1754,16,4,21730
7023,1754,46,5,39246
7024,1755,95,4,10177
7025,1755,22,2,20870
7026,1755,16,3,21730
7027,1755,41,2,16916
7028,1755,74,5,60296
7029,1756,96,4,93706
7030,1756,55,4,50282
7031,1756,41,4,16916
7032,1756,79,4,37051
7033,1756,73,4,58762
7034,1757,4,4,72183
7035,1757,30,3,22486
7036,1757,65,5,95196
7037,1758,12,1,31257
7038,1758,29,1,27367
7039,1758,75,4,31489
7040,1758,53,3,58950
7041,1759,32,4,82134
7042,1759,44,4,55170
7043,1759,12,1,31257
7044,1759,83,1,57341
7045,1760,40,1,63117
7046,1760,98,2,88669
7047,1760,9,3,24385
7048,1760,77,3,62543
7049,1760,61,4,83461
7050,1761,98,2,88669
7051,1761,73,4,58762
7052,1761,100,4,55240
7053,1761,61,4,83461
7054,1761,57,3,87341
7055,1762,91,5,87573
7056,1762,33,4,67163
7057,1762,41,3,16916
7058,1762,3,3,92869
7059,1763,55,5,50282
7060,1763,19,2,24844
7061,1763,35,4,27106
7062,1763,49,3,86790
7063,1763,21,4,33591
7064,1764,98,3,88669
7065,1764,100,1,55240
7066,1764,50,4,53007
7067,1765,52,4,47423
7068,1765,22,5,20870
7069,1765,74,1,60296
7070,1766,77,1,62543
7071,1766,65,4,95196
7072,1766,83,1,57341
7073,1767,79,1,37051
7074,1767,89,5,99643
7075,1767,80,1,14416
7076,1768,4,2,72183
7077,1768,49,3,86790
7078,1768,29,5,27367
7079,1768,98,5,88669
7080,1768,53,1,58950
7081,1769,2,2,16956
7082,1769,66,5,21309
7083,1769,86,4,33028
7084,1769,43,5,37544
7085,1769,41,1,16916
7086,1770,31,1,25080
7087,1770,24,4,96972
7088,1770,62,3,39951
7089,1771,71,2,62771
7090,1771,19,3,24844
7091,1771,17,3,32785
7092,1771,25,4,95530
7093,1772,51,5,22310
7094,1772,46,5,39246
7095,1772,8,4,71394
7096,1772,6,5,23328
7097,1773,26,4,47395
7098,1773,54,1,55716
7099,1773,5,2,35124
7100,1774,53,5,58950
7101,1774,80,5,14416
7102,1774,27,3,85161
7103,1774,84,5,78759
7104,1774,65,5,95196
7105,1775,34,2,71809
7106,1775,71,4,62771
7107,1775,36,1,50269
7108,1775,47,4,38951
7109,1776,78,4,21761
7110,1776,31,3,25080
7111,1776,29,5,27367
7112,1776,39,1,30610
7113,1777,36,3,50269
7114,1777,43,3,37544
7115,1777,78,5,21761
7116,1778,3,1,92869
7117,1778,97,3,24578
7118,1778,29,3,27367
7119,1778,40,4,63117
7120,1778,21,3,33591
7121,1779,33,3,67163
7122,1779,23,4,13902
7123,1779,85,3,49747
7124,1779,58,2,66996
7125,1779,98,4,88669
7126,1780,19,3,24844
7127,1780,50,4,53007
7128,1780,90,4,99988
7129,1781,18,2,49881
7130,1781,58,1,66996
7131,1781,8,5,71394
7132,1781,1,2,77345
7133,1782,27,2,85161
7134,1782,54,2,55716
7135,1782,60,2,91851
7136,1783,36,1,50269
7137,1783,51,1,22310
7138,1783,44,4,55170
7139,1784,44,1,55170
7140,1784,28,1,53426
7141,1784,7,1,51167
7142,1784,51,1,22310
7143,1784,52,4,47423
7144,1785,37,4,31314
7145,1785,36,3,50269
7146,1785,59,5,68303
7147,1785,78,5,21761
7148,1785,21,3,33591
7149,1786,52,4,47423
7150,1786,10,5,15030
7151,1786,86,4,33028
7152,1787,17,3,32785
7153,1787,67,5,71990
7154,1787,63,2,59829
7155,1787,46,3,39246
7156,1787,68,2,92995
7157,1788,100,3,55240
7158,1788,49,3,86790
7159,1788,95,5,10177
7160,1788,85,2,49747
7161,1788,8,4,71394
7162,1789,93,3,25266
7163,1789,38,5,89599
7164,1789,79,1,37051
7165,1789,95,1,10177
7166,1790,87,5,47322
7167,1790,19,3,24844
7168,1790,78,1,21761
7169,1790,99,4,64203
7170,1790,35,4,27106
7171,1791,73,4,58762
7172,1791,44,4,55170
7173,1791,72,3,53594
7174,1792,41,1,16916
7175,1792,52,4,47423
7176,1792,74,3,60296
7177,1793,75,3,31489
7178,1793,45,5,89685
7179,1793,68,2,92995
7180,1793,18,1,49881
7181,1794,59,5,68303
7182,1794,71,2,62771
7183,1794,8,5,71394
7184,1794,36,3,50269
7185,1795,45,5,89685
7186,1795,66,4,21309
7187,1795,37,4,31314
7188,1795,74,1,60296
7189,1796,38,3,89599
7190,1796,7,1,51167
7191,1796,32,4,82134
7192,1796,42,1,44615
7193,1796,52,5,47423
7194,1797,94,2,54643
7195,1797,15,2,59265
7196,1797,2,4,16956
7197,1797,99,4,64203
7198,1797,13,3,60825
7199,1798,25,3,95530
7200,1798,69,1,66333
7201,1798,6,1,23328
7202,1799,10,1,15030
7203,1799,2,4,16956
7204,1799,41,3,16916
7205,1799,96,2,93706
7206,1799,18,4,49881
7207,1800,83,2,57341
7208,1800,44,4,55170
7209,1800,38,3,89599
7210,1801,34,4,71809
7211,1801,53,4,58950
7212,1801,8,3,71394
7213,1802,55,2,50282
7214,1802,2,3,16956
7215,1802,43,4,37544
7216,1802,61,3,83461
7217,1802,52,4,47423
7218,1803,2,4,16956
7219,1803,50,2,53007
7220,1803,87,1,47322
7221,1804,34,4,71809
7222,1804,67,5,71990
7223,1804,53,2,58950
7224,1805,18,2,49881
7225,1805,51,5,22310
7226,1805,91,4,87573
7227,1806,29,3,27367
7228,1806,7,3,51167
7229,1806,69,1,66333
7230,1806,33,2,67163
7231,1806,9,2,24385
7232,1807,97,1,24578
7233,1807,82,3,40303
7234,1807,3,1,92869
7235,1807,30,3,22486
7236,1808,51,4,22310
7237,1808,63,2,59829
7238,1808,18,1,49881
7239,1808,12,3,31257
7240,1808,48,5,56186
7241,1809,72,2,53594
7242,1809,77,2,62543
7243,1809,4,2,72183
7244,1809,38,2,89599
7245,1810,48,3,56186
7246,1810,53,2,58950
7247,1810,32,5,82134
7248,1810,50,3,53007
7249,1810,6,1,23328
7250,1811,33,1,67163
7251,1811,83,4,57341
7252,1811,20,1,13940
7253,1811,49,5,86790
7254,1811,21,1,33591
7255,1812,78,3,21761
7256,1812,60,2,91851
7257,1812,36,1,50269
7258,1812,87,5,47322
7259,1813,54,3,55716
7260,1813,82,1,40303
7261,1813,43,1,37544
7262,1813,80,1,14416
7263,1814,85,5,49747
7264,1814,70,4,16773
7265,1814,73,1,58762
7266,1814,16,3,21730
7267,1814,81,1,69446
7268,1815,5,1,35124
7269,1815,67,4,71990
7270,1815,11,3,42580
7271,1816,4,1,72183
7272,1816,73,4,58762
7273,1816,71,1,62771
7274,1817,2,2,16956
7275,1817,41,3,16916
7276,1817,22,2,20870
7277,1817,99,2,64203
7278,1818,75,4,31489
7279,1818,4,5,72183
7280,1818,8,2,71394
7281,1818,11,4,42580
7282,1819,100,1,55240
7283,1819,66,2,21309
7284,1819,2,2,16956
7285,1819,63,3,59829
7286,1819,57,2,87341
7287,1820,6,4,23328
7288,1820,44,1,55170
7289,1820,37,4,31314
7290,1820,64,3,18863
7291,1820,75,4,31489
7292,1821,74,3,60296
7293,1821,53,5,58950
7294,1821,43,4,37544
7295,1822,24,4,96972
7296,1822,17,5,32785
7297,1822,14,5,61112
7298,1822,8,5,71394
7299,1822,70,3,16773
7300,1823,86,4,33028
7301,1823,88,3,82751
7302,1823,45,2,89685
7303,1823,33,2,67163
7304,1824,35,5,27106
7305,1824,18,4,49881
7306,1824,25,2,95530
7307,1825,94,3,54643
7308,1825,2,1,16956
7309,1825,35,3,27106
7310,1826,69,2,66333
7311,1826,27,1,85161
7312,1826,9,5,24385
7313,1827,35,4,27106
7314,1827,56,1,13545
7315,1827,89,1,99643
7316,1827,51,3,22310
7317,1827,64,3,18863
7318,1828,24,2,96972
7319,1828,95,2,10177
7320,1828,13,3,60825
7321,1829,81,4,69446
7322,1829,72,5,53594
7323,1829,74,3,60296
7324,1829,33,3,67163
7325,1829,60,3,91851
7326,1830,22,3,20870
7327,1830,58,1,66996
7328,1830,45,5,89685
7329,1831,38,3,89599
7330,1831,11,5,42580
7331,1831,97,5,24578
7332,1831,34,4,71809
7333,1831,95,3,10177
7334,1832,87,3,47322
7335,1832,61,3,83461
7336,1832,14,5,61112
7337,1832,57,1,87341
7338,1833,2,3,16956
7339,1833,30,2,22486
7340,1833,63,1,59829
7341,1834,72,2,53594
7342,1834,73,5,58762
7343,1834,6,4,23328
7344,1835,20,4,13940
7345,1835,77,4,62543
7346,1835,15,3,59265
7347,1835,94,5,54643
7348,1836,29,5,27367
7349,1836,81,3,69446
7350,1836,86,2,33028
7351,1836,61,2,83461
7352,1836,27,1,85161
7353,1837,66,1,21309
7354,1837,86,5,33028
7355,1837,23,5,13902
7356,1837,63,3,59829
7357,1838,89,5,99643
7358,1838,94,1,54643
7359,1838,53,1,58950
7360,1838,74,5,60296
7361,1839,26,5,47395
7362,1839,6,3,23328
7363,1839,90,4,99988
7364,1840,6,5,23328
7365,1840,17,2,32785
7366,1840,67,4,71990
7367,1840,89,3,99643
7368,1841,71,3,62771
7369,1841,28,5,53426
7370,1841,8,4,71394
7371,1841,51,2,22310
7372,1842,17,3,32785
7373,1842,86,2,33028
7374,1842,26,2,47395
7375,1843,16,4,21730
7376,1843,18,2,49881
7377,1843,97,4,24578
7378,1843,28,2,53426
7379,1844,23,2,13902
7380,1844,79,3,37051
7381,1844,5,3,35124
7382,1844,59,1,68303
7383,1844,81,2,69446
7384,1845,49,5,86790
7385,1845,7,3,51167
7386,1845,72,2,53594
7387,1846,26,2,47395
7388,1846,24,2,96972
7389,1846,4,4,72183
7390,1846,66,2,21309
7391,1846,47,4,38951
7392,1847,88,5,82751
7393,1847,75,2,31489
7394,1847,48,4,56186
7395,1847,98,3,88669
7396,1847,62,1,39951
7397,1848,30,3,22486
7398,1848,38,2,89599
7399,1848,48,3,56186
7400,1848,100,2,55240
7401,1848,10,3,15030
7402,1849,46,3,39246
7403,1849,62,4,39951
7404,1849,10,1,15030
7405,1849,29,4,27367
7406,1849,20,2,13940
7407,1850,50,1,53007
7408,1850,88,1,82751
7409,1850,81,2,69446
7410,1851,70,1,16773
7411,1851,21,1,33591
7412,1851,63,4,59829
7413,1851,100,3,55240
7414,1851,66,4,21309
7415,1852,36,3,50269
7416,1852,15,4,59265
7417,1852,83,1,57341
7418,1853,72,2,53594
7419,1853,62,2,39951
7420,1853,23,1,13902
7421,1853,30,2,22486
7422,1853,44,3,55170
7423,1854,93,4,25266
7424,1854,23,4,13902
7425,1854,67,4,71990
7426,1854,4,3,72183
7427,1855,42,3,44615
7428,1855,81,2,69446
7429,1855,66,3,21309
7430,1855,90,5,99988
7431,1856,40,3,63117
7432,1856,54,5,55716
7433,1856,41,2,16916
7434,1856,32,3,82134
7435,1856,38,2,89599
7436,1857,54,2,55716
7437,1857,70,2,16773
7438,1857,33,4,67163
7439,1857,24,3,96972
7440,1857,88,2,82751
7441,1858,20,5,13940
7442,1858,21,4,33591
7443,1858,70,2,16773
7444,1858,39,5,30610
7445,1859,20,5,13940
7446,1859,82,2,40303
7447,1859,12,2,31257
7448,1859,31,5,25080
7449,1859,56,1,13545
7450,1860,3,3,92869
7451,1860,47,2,38951
7452,1860,7,1,51167
7453,1860,29,5,27367
7454,1860,38,5,89599
7455,1861,77,2,62543
7456,1861,36,2,50269
7457,1861,45,1,89685
7458,1861,17,1,32785
7459,1861,52,4,47423
7460,1862,55,4,50282
7461,1862,78,5,21761
7462,1862,84,1,78759
7463,1862,38,2,89599
7464,1862,89,2,99643
7465,1863,46,4,39246
7466,1863,92,3,43974
7467,1863,45,2,89685
7468,1863,39,2,30610
7469,1863,52,3,47423
7470,1864,74,1,60296
7471,1864,22,2,20870
7472,1864,5,4,35124
7473,1864,100,2,55240
7474,1864,40,1,63117
7475,1865,92,1,43974
7476,1865,16,2,21730
7477,1865,12,3,31257
7478,1865,13,5,60825
7479,1865,32,3,82134
7480,1866,17,5,32785
7481,1866,6,4,23328
7482,1866,69,4,66333
7483,1866,93,4,25266
7484,1867,23,1,13902
7485,1867,6,3,23328
7486,1867,86,5,33028
7487,1868,28,5,53426
7488,1868,53,3,58950
7489,1868,100,3,55240
7490,1868,81,2,69446
7491,1869,65,2,95196
7492,1869,60,1,91851
7493,1869,46,1,39246
7494,1869,67,1,71990
7495,1870,95,5,10177
7496,1870,4,4,72183
7497,1870,68,5,92995
7498,1870,15,4,59265
7499,1871,49,5,86790
7500,1871,21,3,33591
7501,1871,10,1,15030
7502,1871,13,4,60825
7503,1871,36,2,50269
7504,1872,38,4,89599
7505,1872,10,4,15030
7506,1872,100,4,55240
7507,1872,40,2,63117
7508,1873,13,2,60825
7509,1873,17,1,32785
7510,1873,72,3,53594
7511,1873,26,4,47395
7512,1874,23,3,13902
7513,1874,82,4,40303
7514,1874,46,4,39246
7515,1875,83,5,57341
7516,1875,88,2,82751
7517,1875,67,1,71990
7518,1875,23,1,13902
7519,1875,62,1,39951
7520,1876,57,4,87341
7521,1876,62,3,39951
7522,1876,8,1,71394
7523,1877,73,1,58762
7524,1877,17,3,32785
7525,1877,23,5,13902
7526,1878,29,1,27367
7527,1878,82,3,40303
7528,1878,22,1,20870
7529,1879,89,5,99643
7530,1879,94,1,54643
7531,1879,84,3,78759
7532,1879,41,3,16916
7533,1880,49,1,86790
7534,1880,73,2,58762
7535,1880,21,2,33591
7536,1880,52,3,47423
7537,1880,60,4,91851
7538,1881,51,2,22310
7539,1881,6,4,23328
7540,1881,37,1,31314
7541,1881,8,5,71394
7542,1882,60,4,91851
7543,1882,31,1,25080
7544,1882,64,2,18863
7545,1882,24,5,96972
7546,1882,67,3,71990
7547,1883,71,1,62771
7548,1883,49,3,86790
7549,1883,100,4,55240
7550,1883,88,4,82751
7551,1884,1,4,77345
7552,1884,74,3,60296
7553,1884,97,5,24578
7554,1884,71,3,62771
7555,1884,15,1,59265
7556,1885,22,1,20870
7557,1885,71,1,62771
7558,1885,9,5,24385
7559,1885,33,2,67163
7560,1886,97,2,24578
7561,1886,20,3,13940
7562,1886,76,2,95956
7563,1886,8,2,71394
7564,1887,88,4,82751
7565,1887,87,3,47322
7566,1887,27,2,85161
7567,1887,62,1,39951
7568,1888,32,2,82134
7569,1888,52,5,47423
7570,1888,86,4,33028
7571,1888,68,3,92995
7572,1889,39,4,30610
7573,1889,42,1,44615
7574,1889,8,1,71394
7575,1890,72,4,53594
7576,1890,54,4,55716
7577,1890,83,2,57341
7578,1890,42,2,44615
7579,1891,81,1,69446
7580,1891,84,5,78759
7581,1891,16,1,21730
7582,1891,40,4,63117
7583,1892,7,5,51167
7584,1892,95,3,10177
7585,1892,56,3,13545
7586,1892,96,1,93706
7587,1893,21,3,33591
7588,1893,24,5,96972
7589,1893,42,4,44615
7590,1893,86,1,33028
7591,1894,23,1,13902
7592,1894,91,3,87573
7593,1894,63,1,59829
7594,1894,97,1,24578
7595,1895,44,1,55170
7596,1895,46,5,39246
7597,1895,37,5,31314
7598,1896,50,3,53007
7599,1896,35,1,27106
7600,1896,25,4,95530
7601,1897,56,1,13545
7602,1897,93,4,25266
7603,1897,58,3,66996
7604,1897,95,3,10177
7605,1898,35,2,27106
7606,1898,78,3,21761
7607,1898,92,3,43974
7608,1898,87,5,47322
7609,1898,2,3,16956
7610,1899,6,4,23328
7611,1899,57,1,87341
7612,1899,23,5,13902
7613,1899,75,2,31489
7614,1900,60,4,91851
7615,1900,8,4,71394
7616,1900,6,3,23328
7617,1900,29,4,27367
7618,1900,27,2,85161
7619,1901,38,5,89599
7620,1901,47,3,38951
7621,1901,68,3,92995
7622,1901,35,1,27106
7623,1901,43,4,37544
7624,1902,17,4,32785
7625,1902,1,3,77345
7626,1902,21,3,33591
7627,1902,41,1,16916
7628,1903,34,3,71809
7629,1903,65,3,95196
7630,1903,93,4,25266
7631,1903,73,1,58762
7632,1904,83,3,57341
7633,1904,10,3,15030
7634,1904,100,5,55240
7635,1905,49,3,86790
7636,1905,36,5,50269
7637,1905,86,5,33028
7638,1905,5,5,35124
7639,1905,2,5,16956
7640,1906,52,2,47423
7641,1906,77,2,62543
7642,1906,36,1,50269
7643,1906,27,3,85161
7644,1907,56,2,13545
7645,1907,57,5,87341
7646,1907,16,1,21730
7647,1907,26,1,47395
7648,1908,38,1,89599
7649,1908,68,4,92995
7650,1908,76,4,95956
7651,1908,33,2,67163
7652,1909,45,4,89685
7653,1909,73,2,58762
7654,1909,48,1,56186
7655,1910,89,3,99643
7656,1910,27,5,85161
7657,1910,51,2,22310
7658,1911,35,1,27106
7659,1911,90,2,99988
7660,1911,85,2,49747
7661,1911,2,1,16956
7662,1911,6,4,23328
7663,1912,13,5,60825
7664,1912,50,1,53007
7665,1912,35,3,27106
7666,1913,98,3,88669
7667,1913,49,5,86790
7668,1913,16,4,21730
7669,1913,92,3,43974
7670,1914,80,1,14416
7671,1914,98,5,88669
7672,1914,70,4,16773
7673,1914,41,3,16916
7674,1914,40,2,63117
7675,1915,5,1,35124
7676,1915,39,5,30610
7677,1915,57,4,87341
7678,1916,70,2,16773
7679,1916,99,1,64203
7680,1916,69,1,66333
7681,1917,64,4,18863
7682,1917,26,1,47395
7683,1917,77,1,62543
7684,1917,29,3,27367
7685,1918,14,1,61112
7686,1918,82,4,40303
7687,1918,10,5,15030
7688,1919,4,4,72183
7689,1919,35,1,27106
7690,1919,49,2,86790
7691,1919,14,1,61112
7692,1919,84,5,78759
7693,1920,98,1,88669
7694,1920,80,3,14416
7695,1920,63,3,59829
7696,1920,34,3,71809
7697,1920,91,2,87573
7698,1921,73,3,58762
7699,1921,22,2,20870
7700,1921,63,1,59829
7701,1921,49,3,86790
7702,1922,20,4,13940
7703,1922,27,5,85161
7704,1922,99,3,64203
7705,1923,36,2,50269
7706,1923,66,1,21309
7707,1923,99,2,64203
7708,1923,90,3,99988
7709,1924,63,4,59829
7710,1924,80,1,14416
7711,1924,18,5,49881
7712,1925,12,1,31257
7713,1925,51,5,22310
7714,1925,99,2,64203
7715,1926,89,2,99643
7716,1926,1,3,77345
7717,1926,30,1,22486
7718,1926,93,2,25266
7719,1926,31,3,25080
7720,1927,93,5,25266
7721,1927,43,1,37544
7722,1927,4,4,72183
7723,1928,95,4,10177
7724,1928,31,4,25080
7725,1928,53,2,58950
7726,1928,90,4,99988
7727,1928,32,2,82134
7728,1929,41,2,16916
7729,1929,63,5,59829
7730,1929,79,4,37051
7731,1929,75,5,31489
7732,1930,6,1,23328
7733,1930,45,5,89685
7734,1930,12,1,31257
7735,1930,22,1,20870
7736,1930,68,1,92995
7737,1931,90,4,99988
7738,1931,46,3,39246
7739,1931,41,4,16916
7740,1931,82,3,40303
7741,1931,58,3,66996
7742,1932,12,4,31257
7743,1932,18,1,49881
7744,1932,46,4,39246
7745,1933,80,2,14416
7746,1933,15,2,59265
7747,1933,1,4,77345
7748,1933,32,1,82134
7749,1934,12,4,31257
7750,1934,97,5,24578
7751,1934,90,1,99988
7752,1934,78,1,21761
7753,1935,39,5,30610
7754,1935,46,1,39246
7755,1935,7,1,51167
7756,1935,62,5,39951
7757,1936,32,2,82134
7758,1936,55,1,50282
7759,1936,88,2,82751
7760,1936,83,1,57341
7761,1936,90,1,99988
7762,1937,77,1,62543
7763,1937,12,4,31257
7764,1937,24,2,96972
7765,1937,85,1,49747
7766,1938,7,1,51167
7767,1938,82,5,40303
7768,1938,58,2,66996
7769,1939,25,4,95530
7770,1939,26,1,47395
7771,1939,7,1,51167
7772,1940,59,3,68303
7773,1940,68,1,92995
7774,1940,87,2,47322
7775,1941,44,2,55170
7776,1941,64,1,18863
7777,1941,41,1,16916
7778,1941,84,5,78759
7779,1942,48,2,56186
7780,1942,75,5,31489
7781,1942,57,1,87341
7782,1943,15,3,59265
7783,1943,78,1,21761
7784,1943,13,4,60825
7785,1943,97,1,24578
7786,1943,56,3,13545
7787,1944,92,5,43974
7788,1944,4,4,72183
7789,1944,71,1,62771
7790,1944,82,4,40303
7791,1945,85,2,49747
7792,1945,14,2,61112
7793,1945,45,3,89685
7794,1945,51,3,22310
7795,1945,35,5,27106
7796,1946,17,1,32785
7797,1946,57,3,87341
7798,1946,13,2,60825
7799,1947,54,1,55716
7800,1947,14,1,61112
7801,1947,61,5,83461
7802,1948,82,5,40303
7803,1948,69,1,66333
7804,1948,42,3,44615
7805,1949,62,5,39951
7806,1949,8,3,71394
7807,1949,27,5,85161
7808,1950,52,1,47423
7809,1950,44,2,55170
7810,1950,8,5,71394
7811,1951,98,5,88669
7812,1951,2,1,16956
7813,1951,83,1,57341
7814,1952,16,4,21730
7815,1952,82,1,40303
7816,1952,57,5,87341
7817,1952,94,4,54643
7818,1952,37,3,31314
7819,1953,76,4,95956
7820,1953,22,1,20870
7821,1953,79,3,37051
7822,1953,20,3,13940
7823,1954,5,4,35124
7824,1954,85,5,49747
7825,1954,89,2,99643
7826,1954,30,2,22486
7827,1954,84,3,78759
7828,1955,99,4,64203
7829,1955,40,3,63117
7830,1955,7,5,51167
7831,1955,47,4,38951
7832,1955,50,4,53007
7833,1956,22,4,20870
7834,1956,51,5,22310
7835,1956,59,4,68303
7836,1956,68,3,92995
7837,1957,24,5,96972
7838,1957,45,4,89685
7839,1957,50,4,53007
7840,1958,66,5,21309
7841,1958,55,2,50282
7842,1958,34,4,71809
7843,1958,47,5,38951
7844,1959,72,1,53594
7845,1959,84,5,78759
7846,1959,57,2,87341
7847,1959,17,1,32785
7848,1959,89,5,99643
7849,1960,55,2,50282
7850,1960,23,1,13902
7851,1960,19,5,24844
7852,1960,69,4,66333
7853,1961,8,4,71394
7854,1961,24,4,96972
7855,1961,13,1,60825
7856,1962,2,3,16956
7857,1962,86,4,33028
7858,1962,38,5,89599
7859,1963,75,3,31489
7860,1963,89,2,99643
7861,1963,48,1,56186
7862,1963,95,4,10177
7863,1964,92,2,43974
7864,1964,11,3,42580
7865,1964,5,5,35124
7866,1964,9,3,24385
7867,1964,83,2,57341
7868,1965,62,4,39951
7869,1965,6,3,23328
7870,1965,3,1,92869
7871,1965,20,5,13940
7872,1966,24,5,96972
7873,1966,64,3,18863
7874,1966,43,2,37544
7875,1967,48,1,56186
7876,1967,54,1,55716
7877,1967,99,2,64203
7878,1967,14,5,61112
7879,1967,20,1,13940
7880,1968,37,1,31314
7881,1968,27,3,85161
7882,1968,26,5,47395
7883,1969,97,5,24578
7884,1969,82,2,40303
7885,1969,15,1,59265
7886,1969,72,3,53594
7887,1970,89,1,99643
7888,1970,11,4,42580
7889,1970,21,4,33591
7890,1971,98,5,88669
7891,1971,39,3,30610
7892,1971,4,3,72183
7893,1971,53,1,58950
7894,1972,63,5,59829
7895,1972,79,1,37051
7896,1972,98,1,88669
7897,1973,32,3,82134
7898,1973,22,5,20870
7899,1973,92,4,43974
7900,1974,38,5,89599
7901,1974,6,2,23328
7902,1974,53,4,58950
7903,1974,72,3,53594
7904,1974,67,3,71990
7905,1975,12,4,31257
7906,1975,52,2,47423
7907,1975,24,2,96972
7908,1975,20,4,13940
7909,1975,68,3,92995
7910,1976,77,4,62543
7911,1976,42,2,44615
7912,1976,46,2,39246
7913,1977,33,5,67163
7914,1977,64,4,18863
7915,1977,37,2,31314
7916,1977,26,3,47395
7917,1978,30,3,22486
7918,1978,20,1,13940
7919,1978,8,2,71394
7920,1978,47,3,38951
7921,1978,94,1,54643
7922,1979,39,3,30610
7923,1979,100,1,55240
7924,1979,63,3,59829
7925,1979,55,2,50282
7926,1979,4,2,72183
7927,1980,61,1,83461
7928,1980,94,5,54643
7929,1980,14,5,61112
7930,1980,79,1,37051
7931,1980,89,1,99643
7932,1981,13,3,60825
7933,1981,1,5,77345
7934,1981,44,4,55170
7935,1981,82,1,40303
7936,1981,69,4,66333
7937,1982,26,4,47395
7938,1982,46,4,39246
7939,1982,84,5,78759
7940,1982,3,4,92869
7941,1982,21,2,33591
7942,1983,38,5,89599
7943,1983,83,4,57341
7944,1983,26,4,47395
7945,1984,55,3,50282
7946,1984,78,2,21761
7947,1984,73,4,58762
7948,1984,97,2,24578
7949,1985,10,5,15030
7950,1985,69,3,66333
7951,1985,21,4,33591
7952,1986,64,3,18863
7953,1986,56,3,13545
7954,1986,15,3,59265
7955,1987,20,3,13940
7956,1987,28,5,53426
7957,1987,42,4,44615
7958,1988,64,1,18863
7959,1988,14,1,61112
7960,1988,73,5,58762
7961,1988,31,1,25080
7962,1988,69,3,66333
7963,1989,85,4,49747
7964,1989,20,4,13940
7965,1989,41,2,16916
7966,1990,89,1,99643
7967,1990,33,5,67163
7968,1990,61,3,83461
7969,1991,38,5,89599
7970,1991,46,5,39246
7971,1991,35,1,27106
7972,1992,50,5,53007
7973,1992,9,4,24385
7974,1992,86,5,33028
7975,1992,54,5,55716
7976,1993,24,2,96972
7977,1993,62,4,39951
7978,1993,80,2,14416
7979,1994,63,4,59829
7980,1994,7,2,51167
7981,1994,48,1,56186
7982,1994,53,4,58950
7983,1994,56,5,13545
7984,1995,38,4,89599
7985,1995,83,1,57341
7986,1995,53,3,58950
7987,1996,28,4,53426
7988,1996,60,3,91851
7989,1996,21,1,33591
7990,1996,65,1,95196
7991,1996,10,3,15030
7992,1997,9,1,24385
7993,1997,60,4,91851
7994,1997,40,2,63117
7995,1997,61,2,83461
7996,1998,98,4,88669
7997,1998,13,2,60825
7998,1998,71,4,62771
7999,1998,39,5,30610
8000,1999,88,1,82751
8001,1999,54,4,55716
8002,1999,79,4,37051
8003,1999,47,5,38951
8004,2000,19,2,24844
8005,2000,22,1,20870
8006,2000,80,1,14416
8007,2000,37,3,31314
8008,2001,82,4,40303
8009,2001,38,4,89599
8010,2001,85,2,49747
8011,2001,92,4,43974
8012,2001,56,4,13545
8013,2002,78,5,21761
8014,2002,54,3,55716
8015,2002,84,3,78759
8016,2003,11,1,42580
8017,2003,95,1,10177
8018,2003,2,1,16956
8019,2004,6,3,23328
8020,2004,92,3,43974
8021,2004,18,2,49881
8022,2004,43,4,37544
8023,2005,14,1,61112
8024,2005,80,5,14416
8025,2005,48,5,56186
8026,2005,37,3,31314
8027,2005,87,3,47322
8028,2006,82,2,40303
8029,2006,16,3,21730
8030,2006,62,1,39951
8031,2006,53,1,58950
8032,2007,41,3,16916
8033,2007,84,3,78759
8034,2007,93,5,25266
8035,2007,82,2,40303
8036,2007,72,1,53594
8037,2008,83,4,57341
8038,2008,67,4,71990
8039,2008,1,3,77345
8040,2008,75,4,31489
8041,2009,67,4,71990
8042,2009,99,5,64203
8043,2009,87,2,47322
8044,2009,37,1,31314
8045,2009,70,1,16773
8046,2010,71,5,62771
8047,2010,90,1,99988
8048,2010,41,5,16916
8049,2011,69,1,66333
8050,2011,9,5,24385
8051,2011,25,1,95530
8052,2012,81,1,69446
8053,2012,99,1,64203
8054,2012,56,5,13545
8055,2012,22,2,20870
8056,2012,2,4,16956
8057,2013,19,3,24844
8058,2013,34,5,71809
8059,2013,56,2,13545
8060,2014,80,2,14416
8061,2014,22,5,20870
8062,2014,7,4,51167
8063,2015,19,4,24844
8064,2015,32,3,82134
8065,2015,95,2,10177
8066,2015,99,5,64203
8067,2016,21,2,33591
8068,2016,66,2,21309
8069,2016,47,2,38951
8070,2016,73,4,58762
8071,2016,72,2,53594
8072,2017,1,5,77345
8073,2017,92,4,43974
8074,2017,16,5,21730
8075,2018,9,5,24385
8076,2018,67,1,71990
8077,2018,93,1,25266
8078,2018,8,3,71394
8079,2019,88,1,82751
8080,2019,95,1,10177
8081,2019,68,2,92995
8082,2019,87,1,47322
8083,2020,98,4,88669
8084,2020,27,2,85161
8085,2020,18,4,49881
8086,2020,83,2,57341
8087,2020,57,2,87341
8088,2021,8,1,71394
8089,2021,39,4,30610
8090,2021,45,2,89685
8091,2021,49,5,86790
8092,2021,29,3,27367
8093,2022,23,3,13902
8094,2022,15,5,59265
8095,2022,28,5,53426
8096,2022,39,3,30610
8097,2023,99,1,64203
8098,2023,82,5,40303
8099,2023,34,3,71809
8100,2024,7,4,51167
8101,2024,26,1,47395
8102,2024,31,3,25080
8103,2024,82,3,40303
8104,2024,3,3,92869
8105,2025,58,4,66996
8106,2025,25,5,95530
8107,2025,92,3,43974
8108,2025,76,4,95956
8109,2026,94,5,54643
8110,2026,85,3,49747
8111,2026,5,4,35124
8112,2026,97,3,24578
8113,2026,29,4,27367
8114,2027,35,2,27106
8115,2027,13,3,60825
8116,2027,88,2,82751
8117,2027,40,3,63117
8118,2028,31,1,25080
8119,2028,79,3,37051
8120,2028,90,3,99988
8121,2029,56,5,13545
8122,2029,74,1,60296
8123,2029,1,4,77345
8124,2030,59,1,68303
8125,2030,20,3,13940
8126,2030,77,3,62543
8127,2031,95,4,10177
8128,2031,30,2,22486
8129,2031,89,3,99643
8130,2032,51,4,22310
8131,2032,97,4,24578
8132,2032,80,4,14416
8133,2032,33,5,67163
8134,2033,81,5,69446
8135,2033,10,3,15030
8136,2033,6,4,23328
8137,2033,22,4,20870
8138,2033,98,4,88669
8139,2034,47,5,38951
8140,2034,73,1,58762
8141,2034,99,2,64203
8142,2034,57,3,87341
8143,2035,24,5,96972
8144,2035,37,5,31314
8145,2035,35,2,27106
8146,2035,31,2,25080
8147,2036,43,2,37544
8148,2036,41,5,16916
8149,2036,24,2,96972
8150,2037,75,4,31489
8151,2037,11,5,42580
8152,2037,33,1,67163
8153,2037,40,5,63117
8154,2038,77,5,62543
8155,2038,28,2,53426
8156,2038,2,3,16956
8157,2038,80,5,14416
8158,2039,21,4,33591
8159,2039,73,2,58762
8160,2039,27,5,85161
8161,2040,24,1,96972
8162,2040,100,1,55240
8163,2040,23,2,13902
8164,2040,81,1,69446
8165,2040,89,1,99643
8166,2041,18,2,49881
8167,2041,64,5,18863
8168,2041,14,4,61112
8169,2042,52,3,47423
8170,2042,26,2,47395
8171,2042,16,1,21730
8172,2043,62,4,39951
8173,2043,30,5,22486
8174,2043,81,2,69446
8175,2043,92,4,43974
8176,2044,72,3,53594
8177,2044,95,1,10177
8178,2044,98,1,88669
8179,2045,33,2,67163
8180,2045,18,1,49881
8181,2045,72,5,53594
8182,2046,74,1,60296
8183,2046,43,2,37544
8184,2046,15,4,59265
8185,2046,70,4,16773
8186,2046,53,2,58950
8187,2047,40,1,63117
8188,2047,54,2,55716
8189,2047,23,3,13902
8190,2047,5,3,35124
8191,2047,15,3,59265
8192,2048,7,3,51167
8193,2048,66,1,21309
8194,2048,75,4,31489
8195,2048,1,2,77345
8196,2049,34,5,71809
8197,2049,26,4,47395
8198,2049,75,1,31489
8199,2049,38,5,89599
8200,2050,20,4,13940
8201,2050,58,2,66996
8202,2050,86,1,33028
8203,2050,15,3,59265
8204,2051,82,3,40303
8205,2051,78,5,21761
8206,2051,100,1,55240
8207,2052,55,1,50282
8208,2052,30,4,22486
8209,2052,92,2,43974
8210,2052,11,2,42580
8211,2052,4,1,72183
8212,2053,68,4,92995
8213,2053,9,4,24385
8214,2053,36,2,50269
8215,2053,48,3,56186
8216,2054,2,2,16956
8217,2054,20,2,13940
8218,2054,58,1,66996
8219,2054,88,4,82751
8220,2055,98,5,88669
8221,2055,90,1,99988
8222,2055,88,3,82751
8223,2056,9,2,24385
8224,2056,4,3,72183
8225,2056,46,2,39246
8226,2056,14,5,61112
8227,2056,68,5,92995
8228,2057,2,3,16956
8229,2057,85,2,49747
8230,2057,7,3,51167
8231,2057,23,4,13902
8232,2057,17,3,32785
8233,2058,76,3,95956
8234,2058,94,4,54643
8235,2058,17,5,32785
8236,2059,16,4,21730
8237,2059,23,2,13902
8238,2059,11,3,42580
8239,2060,56,4,13545
8240,2060,9,3,24385
8241,2060,91,2,87573
8242,2060,16,2,21730
8243,2060,2,1,16956
8244,2061,46,5,39246
8245,2061,4,2,72183
8246,2061,86,5,33028
8247,2061,54,1,55716
8248,2062,7,4,51167
8249,2062,67,2,71990
8250,2062,86,2,33028
8251,2063,9,5,24385
8252,2063,91,5,87573
8253,2063,70,4,16773
8254,2064,88,3,82751
8255,2064,21,1,33591
8256,2064,81,4,69446
8257,2065,46,4,39246
8258,2065,34,4,71809
8259,2065,25,5,95530
8260,2065,49,2,86790
8261,2065,24,1,96972
8262,2066,71,5,62771
8263,2066,73,5,58762
8264,2066,77,2,62543
8265,2067,81,2,69446
8266,2067,53,3,58950
8267,2067,14,1,61112
8268,2067,43,3,37544
8269,2068,53,4,58950
8270,2068,54,2,55716
8271,2068,7,4,51167
8272,2068,2,2,16956
8273,2069,24,4,96972
8274,2069,42,1,44615
8275,2069,91,3,87573
8276,2069,3,2,92869
8277,2069,16,5,21730
8278,2070,72,4,53594
8279,2070,3,5,92869
8280,2070,79,2,37051
8281,2071,3,2,92869
8282,2071,83,1,57341
8283,2071,65,5,95196
8284,2071,7,2,51167
8285,2072,45,1,89685
8286,2072,7,4,51167
8287,2072,53,4,58950
8288,2072,36,3,50269
8289,2073,26,3,47395
8290,2073,27,5,85161
8291,2073,9,3,24385
8292,2074,88,4,82751
8293,2074,49,4,86790
8294,2074,64,1,18863
8295,2075,88,1,82751
8296,2075,53,1,58950
8297,2075,61,3,83461
8298,2075,42,3,44615
8299,2075,14,1,61112
8300,2076,93,5,25266
8301,2076,52,2,47423
8302,2076,61,3,83461
8303,2076,35,1,27106
8304,2077,14,3,61112
8305,2077,51,2,22310
8306,2077,56,1,13545
8307,2078,40,5,63117
8308,2078,21,3,33591
8309,2078,38,5,89599
8310,2078,92,1,43974
8311,2079,97,2,24578
8312,2079,39,5,30610
8313,2079,40,1,63117
8314,2080,66,4,21309
8315,2080,23,5,13902
8316,2080,63,5,59829
8317,2080,78,1,21761
8318,2080,51,3,22310
8319,2081,31,5,25080
8320,2081,15,3,59265
8321,2081,94,1,54643
8322,2082,15,1,59265
8323,2082,99,4,64203
8324,2082,73,5,58762
8325,2082,53,4,58950
8326,2082,22,4,20870
8327,2083,25,5,95530
8328,2083,19,2,24844
8329,2083,55,2,50282
8330,2083,67,4,71990
8331,2084,66,1,21309
8332,2084,31,2,25080
8333,2084,39,1,30610
8334,2084,24,1,96972
8335,2084,74,5,60296
8336,2085,93,2,25266
8337,2085,96,1,93706
8338,2085,42,3,44615
8339,2086,21,5,33591
8340,2086,29,5,27367
8341,2086,98,5,88669
8342,2086,35,2,27106
8343,2086,97,4,24578
8344,2087,82,4,40303
8345,2087,76,1,95956
8346,2087,11,3,42580
8347,2088,97,1,24578
8348,2088,37,2,31314
8349,2088,71,5,62771
8350,2088,3,4,92869
8351,2089,20,5,13940
8352,2089,87,5,47322
8353,2089,21,1,33591
8354,2090,89,1,99643
8355,2090,84,5,78759
8356,2090,98,5,88669
8357,2090,82,4,40303
8358,2090,97,1,24578
8359,2091,16,2,21730
8360,2091,56,2,13545
8361,2091,52,3,47423
8362,2091,25,4,95530
8363,2092,15,3,59265
8364,2092,12,2,31257
8365,2092,6,5,23328
8366,2092,88,3,82751
8367,2093,60,1,91851
8368,2093,13,3,60825
8369,2093,9,3,24385
8370,2093,66,3,21309
8371,2094,64,4,18863
8372,2094,83,5,57341
8373,2094,27,2,85161
8374,2094,94,3,54643
8375,2095,81,5,69446
8376,2095,28,4,53426
8377,2095,50,5,53007
8378,2095,68,3,92995
8379,2095,14,2,61112
8380,2096,81,2,69446
8381,2096,21,3,33591
8382,2096,4,1,72183
8383,2096,34,5,71809
8384,2097,11,4,42580
8385,2097,85,1,49747
8386,2097,50,4,53007
8387,2097,46,3,39246
8388,2098,83,4,57341
8389,2098,82,3,40303
8390,2098,65,2,95196
8391,2098,79,2,37051
8392,2098,39,1,30610
8393,2099,37,3,31314
8394,2099,32,4,82134
8395,2099,12,3,31257
8396,2099,42,2,44615
8397,2099,75,1,31489
8398,2100,65,5,95196
8399,2100,39,4,30610
8400,2100,73,5,58762
8401,2100,31,4,25080
8402,2101,93,2,25266
8403,2101,17,3,32785
8404,2101,28,5,53426
8405,2101,15,5,59265
8406,2101,4,1,72183
8407,2102,31,3,25080
8408,2102,32,3,82134
8409,2102,6,3,23328
8410,2103,54,1,55716
8411,2103,31,5,25080
8412,2103,7,5,51167
8413,2103,1,5,77345
8414,2103,90,5,99988
8415,2104,21,2,33591
8416,2104,54,2,55716
8417,2104,40,5,63117
8418,2104,16,1,21730
8419,2105,5,5,35124
8420,2105,88,1,82751
8421,2105,86,3,33028
8422,2106,46,4,39246
8423,2106,72,4,53594
8424,2106,41,1,16916
8425,2106,35,2,27106
8426,2106,31,1,25080
8427,2107,3,2,92869
8428,2107,39,3,30610
8429,2107,22,4,20870
8430,2107,14,3,61112
8431,2107,20,5,13940
8432,2108,60,1,91851
8433,2108,76,5,95956
8434,2108,50,3,53007
8435,2108,63,1,59829
8436,2109,42,3,44615
8437,2109,82,5,40303
8438,2109,95,5,10177
8439,2109,8,2,71394
8440,2109,39,1,30610
8441,2110,69,3,66333
8442,2110,39,2,30610
8443,2110,80,2,14416
8444,2110,90,1,99988
8445,2110,20,4,13940
8446,2111,85,3,49747
8447,2111,76,1,95956
8448,2111,53,4,58950
8449,2111,89,3,99643
8450,2111,23,2,13902
8451,2112,84,4,78759
8452,2112,35,5,27106
8453,2112,23,3,13902
8454,2112,36,3,50269
8455,2112,57,1,87341
8456,2113,52,4,47423
8457,2113,25,5,95530
8458,2113,94,4,54643
8459,2114,53,4,58950
8460,2114,60,2,91851
8461,2114,27,3,85161
8462,2114,76,3,95956
8463,2114,62,5,39951
8464,2115,48,5,56186
8465,2115,82,2,40303
8466,2115,36,3,50269
8467,2116,67,5,71990
8468,2116,11,4,42580
8469,2116,46,1,39246
8470,2116,99,5,64203
8471,2117,95,3,10177
8472,2117,1,4,77345
8473,2117,65,1,95196
8474,2117,76,3,95956
8475,2117,96,1,93706
8476,2118,34,1,71809
8477,2118,88,5,82751
8478,2118,61,5,83461
8479,2118,29,3,27367
8480,2118,72,2,53594
8481,2119,38,1,89599
8482,2119,30,5,22486
8483,2119,46,3,39246
8484,2120,13,2,60825
8485,2120,45,3,89685
8486,2120,83,3,57341
8487,2121,36,1,50269
8488,2121,52,2,47423
8489,2121,12,1,31257
8490,2121,43,1,37544
8491,2121,47,2,38951
8492,2122,74,5,60296
8493,2122,25,2,95530
8494,2122,13,4,60825
8495,2122,65,2,95196
8496,2122,88,4,82751
8497,2123,68,1,92995
8498,2123,63,1,59829
8499,2123,10,4,15030
8500,2124,81,5,69446
8501,2124,56,2,13545
8502,2124,72,3,53594
8503,2124,89,5,99643
8504,2125,45,3,89685
8505,2125,81,3,69446
8506,2125,67,4,71990
8507,2125,11,2,42580
8508,2125,55,5,50282
8509,2126,67,5,71990
8510,2126,51,2,22310
8511,2126,71,5,62771
8512,2127,30,2,22486
8513,2127,80,4,14416
8514,2127,66,2,21309
8515,2127,100,4,55240
8516,2127,77,4,62543
8517,2128,25,2,95530
8518,2128,80,2,14416
8519,2128,99,4,64203
8520,2128,49,1,86790
8521,2129,58,5,66996
8522,2129,16,1,21730
8523,2129,66,2,21309
8524,2129,36,4,50269
8525,2129,2,3,16956
8526,2130,23,3,13902
8527,2130,100,2,55240
8528,2130,66,4,21309
8529,2130,48,2,56186
8530,2130,30,5,22486
8531,2131,84,2,78759
8532,2131,77,3,62543
8533,2131,14,1,61112
8534,2132,52,5,47423
8535,2132,12,5,31257
8536,2132,48,5,56186
8537,2132,56,2,13545
8538,2133,22,2,20870
8539,2133,6,2,23328
8540,2133,71,1,62771
8541,2133,30,3,22486
8542,2134,4,2,72183
8543,2134,46,2,39246
8544,2134,6,2,23328
8545,2134,34,5,71809
8546,2135,18,4,49881
8547,2135,61,2,83461
8548,2135,7,3,51167
8549,2135,43,5,37544
8550,2135,15,3,59265
8551,2136,67,1,71990
8552,2136,45,2,89685
8553,2136,75,2,31489
8554,2136,34,2,71809
8555,2137,99,1,64203
8556,2137,34,1,71809
8557,2137,39,4,30610
8558,2137,49,4,86790
8559,2138,29,5,27367
8560,2138,67,5,71990
8561,2138,6,4,23328
8562,2138,18,3,49881
8563,2138,15,3,59265
8564,2139,14,1,61112
8565,2139,97,4,24578
8566,2139,58,2,66996
8567,2140,65,4,95196
8568,2140,29,3,27367
8569,2140,44,3,55170
8570,2141,54,1,55716
8571,2141,72,4,53594
8572,2141,96,5,93706
8573,2142,67,2,71990
8574,2142,31,2,25080
8575,2142,27,1,85161
8576,2142,61,5,83461
8577,2143,38,1,89599
8578,2143,13,5,60825
8579,2143,11,5,42580
8580,2143,91,2,87573
8581,2144,17,1,32785
8582,2144,59,4,68303
8583,2144,38,2,89599
8584,2144,48,2,56186
8585,2145,37,4,31314
8586,2145,95,3,10177
8587,2145,85,3,49747
8588,2146,11,4,42580
8589,2146,23,3,13902
8590,2146,88,4,82751
8591,2146,29,2,27367
8592,2146,22,1,20870
8593,2147,10,3,15030
8594,2147,92,3,43974
8595,2147,71,5,62771
8596,2148,28,5,53426
8597,2148,82,4,40303
8598,2148,8,4,71394
8599,2149,16,4,21730
8600,2149,49,3,86790
8601,2149,42,3,44615
8602,2149,76,5,95956
8603,2149,73,2,58762
8604,2150,3,1,92869
8605,2150,66,3,21309
8606,2150,87,1,47322
8607,2150,65,4,95196
8608,2150,82,4,40303
8609,2151,59,5,68303
8610,2151,14,1,61112
8611,2151,28,5,53426
8612,2151,53,1,58950
8613,2152,86,3,33028
8614,2152,85,5,49747
8615,2152,50,2,53007
8616,2153,36,2,50269
8617,2153,2,1,16956
8618,2153,95,4,10177
8619,2154,66,1,21309
8620,2154,56,3,13545
8621,2154,32,4,82134
8622,2154,3,3,92869
8623,2155,96,2,93706
8624,2155,12,2,31257
8625,2155,56,1,13545
8626,2155,1,4,77345
8627,2156,65,4,95196
8628,2156,22,1,20870
8629,2156,81,4,69446
8630,2156,99,3,64203
8631,2157,68,4,92995
8632,2157,47,1,38951
8633,2157,14,4,61112
8634,2157,51,5,22310
8635,2158,95,5,10177
8636,2158,62,5,39951
8637,2158,39,2,30610
8638,2158,18,1,49881
8639,2159,23,4,13902
8640,2159,100,5,55240
8641,2159,63,2,59829
8642,2160,3,2,92869
8643,2160,41,4,16916
8644,2160,34,4,71809
8645,2160,78,5,21761
8646,2161,98,2,88669
8647,2161,9,3,24385
8648,2161,18,5,49881
8649,2162,4,3,72183
8650,2162,88,1,82751
8651,2162,66,2,21309
8652,2162,16,1,21730
8653,2162,75,4,31489
8654,2163,17,1,32785
8655,2163,10,3,15030
8656,2163,31,5,25080
8657,2163,33,3,67163
8658,2163,45,2,89685
8659,2164,56,5,13545
8660,2164,77,1,62543
8661,2164,54,4,55716
8662,2164,10,3,15030
8663,2165,44,3,55170
8664,2165,63,4,59829
8665,2165,9,1,24385
8666,2165,89,4,99643
8667,2165,61,2,83461
8668,2166,68,1,92995
8669,2166,25,2,95530
8670,2166,14,2,61112
8671,2166,41,1,16916
8672,2166,92,3,43974
8673,2167,48,5,56186
8674,2167,78,2,21761
8675,2167,7,4,51167
8676,2167,42,5,44615
8677,2168,26,5,47395
8678,2168,3,2,92869
8679,2168,37,5,31314
8680,2168,68,2,92995
8681,2169,42,3,44615
8682,2169,91,5,87573
8683,2169,77,2,62543
8684,2169,43,3,37544
8685,2170,80,5,14416
8686,2170,12,2,31257
8687,2170,38,1,89599
8688,2171,59,3,68303
8689,2171,27,1,85161
8690,2171,5,4,35124
8691,2171,83,2,57341
8692,2172,47,3,38951
8693,2172,64,4,18863
8694,2172,92,3,43974
8695,2173,74,3,60296
8696,2173,25,3,95530
8697,2173,99,1,64203
8698,2173,90,5,99988
8699,2173,69,5,66333
8700,2174,27,5,85161
8701,2174,31,4,25080
8702,2174,18,5,49881
8703,2174,16,1,21730
8704,2175,15,1,59265
8705,2175,41,3,16916
8706,2175,94,3,54643
8707,2175,99,1,64203
8708,2175,32,2,82134
8709,2176,15,2,59265
8710,2176,12,1,31257
8711,2176,45,2,89685
8712,2176,92,3,43974
8713,2176,89,4,99643
8714,2177,3,3,92869
8715,2177,98,2,88669
8716,2177,21,5,33591
8717,2178,5,5,35124
8718,2178,54,5,55716
8719,2178,85,5,49747
8720,2178,41,4,16916
8721,2178,52,2,47423
8722,2179,33,3,67163
8723,2179,63,1,59829
8724,2179,26,1,47395
8725,2179,61,3,83461
8726,2179,12,5,31257
8727,2180,79,4,37051
8728,2180,99,2,64203
8729,2180,8,1,71394
8730,2180,54,4,55716
8731,2181,5,5,35124
8732,2181,55,4,50282
8733,2181,63,1,59829
8734,2181,47,3,38951
8735,2182,11,2,42580
8736,2182,82,2,40303
8737,2182,28,4,53426
8738,2182,36,4,50269
8739,2182,77,1,62543
8740,2183,49,1,86790
8741,2183,14,4,61112
8742,2183,59,4,68303
8743,2183,93,4,25266
8744,2183,54,3,55716
8745,2184,22,2,20870
8746,2184,39,1,30610
8747,2184,30,4,22486
8748,2184,18,1,49881
8749,2184,93,2,25266
8750,2185,18,3,49881
8751,2185,1,4,77345
8752,2185,99,5,64203
8753,2185,94,2,54643
8754,2186,43,5,37544
8755,2186,64,4,18863
8756,2186,80,2,14416
8757,2186,15,4,59265
8758,2186,67,2,71990
8759,2187,49,2,86790
8760,2187,59,1,68303
8761,2187,25,2,95530
8762,2188,67,4,71990
8763,2188,82,5,40303
8764,2188,93,5,25266
8765,2188,71,4,62771
8766,2189,97,1,24578
8767,2189,7,1,51167
8768,2189,30,1,22486
8769,2189,16,4,21730
8770,2190,58,4,66996
8771,2190,9,3,24385
8772,2190,31,2,25080
8773,2190,75,3,31489
8774,2190,37,1,31314
8775,2191,2,5,16956
8776,2191,48,3,56186
8777,2191,70,2,16773
8778,2191,14,3,61112
8779,2192,49,4,86790
8780,2192,79,3,37051
8781,2192,67,1,71990
8782,2193,39,1,30610
8783,2193,28,3,53426
8784,2193,67,1,71990
8785,2193,69,5,66333
8786,2194,19,2,24844
8787,2194,75,3,31489
8788,2194,70,3,16773
8789,2194,94,2,54643
8790,2195,61,5,83461
8791,2195,26,2,47395
8792,2195,28,1,53426
8793,2195,50,5,53007
8794,2196,70,3,16773
8795,2196,7,2,51167
8796,2196,45,3,89685
8797,2196,1,1,77345
8798,2197,48,2,56186
8799,2197,91,1,87573
8800,2197,70,4,16773
8801,2198,61,2,83461
8802,2198,57,4,87341
8803,2198,43,3,37544
8804,2198,40,2,63117
8805,2199,39,1,30610
8806,2199,18,5,49881
8807,2199,54,4,55716
8808,2199,45,1,89685
8809,2199,19,2,24844
8810,2200,62,4,39951
8811,2200,48,4,56186
8812,2200,12,3,31257
8813,2200,75,1,31489
8814,2201,77,1,62543
8815,2201,6,4,23328
8816,2201,79,5,37051
8817,2202,9,5,24385
8818,2202,88,4,82751
8819,2202,95,5,10177
8820,2202,44,2,55170
8821,2203,83,2,57341
8822,2203,7,4,51167
8823,2203,6,5,23328
8824,2204,39,3,30610
8825,2204,7,2,51167
8826,2204,1,4,77345
8827,2204,52,1,47423
8828,2204,74,5,60296
8829,2205,26,3,47395
8830,2205,45,4,89685
8831,2205,80,2,14416
8832,2205,1,5,77345
8833,2206,1,2,77345
8834,2206,46,2,39246
8835,2206,65,2,95196
8836,2207,17,3,32785
8837,2207,53,2,58950
8838,2207,58,5,66996
8839,2207,61,3,83461
8840,2207,81,1,69446
8841,2208,72,2,53594
8842,2208,100,2,55240
8843,2208,93,2,25266
8844,2208,59,3,68303
8845,2208,9,5,24385
8846,2209,36,1,50269
8847,2209,40,3,63117
8848,2209,75,5,31489
8849,2210,21,3,33591
8850,2210,30,4,22486
8851,2210,95,5,10177
8852,2210,81,3,69446
8853,2210,79,3,37051
8854,2211,24,1,96972
8855,2211,5,3,35124
8856,2211,22,4,20870
8857,2211,11,3,42580
8858,2211,45,2,89685
8859,2212,26,5,47395
8860,2212,35,5,27106
8861,2212,63,1,59829
8862,2212,67,1,71990
8863,2213,7,3,51167
8864,2213,89,1,99643
8865,2213,11,2,42580
8866,2213,30,3,22486
8867,2214,83,5,57341
8868,2214,66,4,21309
8869,2214,43,3,37544
8870,2214,38,5,89599
8871,2215,50,5,53007
8872,2215,13,2,60825
8873,2215,59,4,68303
8874,2215,62,2,39951
8875,2215,1,2,77345
8876,2216,54,2,55716
8877,2216,19,2,24844
8878,2216,79,3,37051
8879,2217,39,1,30610
8880,2217,17,5,32785
8881,2217,94,4,54643
8882,2218,65,1,95196
8883,2218,97,4,24578
8884,2218,90,4,99988
8885,2218,35,2,27106
8886,2218,53,4,58950
8887,2219,98,1,88669
8888,2219,29,2,27367
8889,2219,78,5,21761
8890,2220,30,4,22486
8891,2220,37,2,31314
8892,2220,85,2,49747
8893,2220,93,4,25266
8894,2220,67,2,71990
8895,2221,93,5,25266
8896,2221,19,3,24844
8897,2221,34,3,71809
8898,2221,49,4,86790
8899,2221,45,3,89685
8900,2222,41,1,16916
8901,2222,10,4,15030
8902,2222,18,1,49881
8903,2222,72,5,53594
8904,2222,50,4,53007
8905,2223,17,5,32785
8906,2223,31,1,25080
8907,2223,69,2,66333
8908,2224,96,2,93706
8909,2224,2,2,16956
8910,2224,36,1,50269
8911,2225,99,1,64203
8912,2225,68,5,92995
8913,2225,62,3,39951
8914,2225,49,2,86790
8915,2225,81,4,69446
8916,2226,15,4,59265
8917,2226,95,4,10177
8918,2226,1,4,77345
8919,2226,22,3,20870
8920,2227,58,5,66996
8921,2227,9,5,24385
8922,2227,1,1,77345
8923,2228,69,1,66333
8924,2228,83,4,57341
8925,2228,86,2,33028
8926,2228,76,3,95956
8927,2228,100,1,55240
8928,2229,59,4,68303
8929,2229,23,1,13902
8930,2229,6,3,23328
8931,2230,88,4,82751
8932,2230,18,3,49881
8933,2230,40,5,63117
8934,2230,72,4,53594
8935,2231,40,3,63117
8936,2231,94,5,54643
8937,2231,88,1,82751
8938,2231,75,3,31489
8939,2231,96,5,93706
8940,2232,71,4,62771
8941,2232,97,4,24578
8942,2232,41,4,16916
8943,2233,8,1,71394
8944,2233,21,5,33591
8945,2233,76,5,95956
8946,2234,25,3,95530
8947,2234,69,3,66333
8948,2234,34,5,71809
8949,2234,39,5,30610
8950,2234,32,5,82134
8951,2235,53,1,58950
8952,2235,83,1,57341
8953,2235,8,4,71394
8954,2235,45,5,89685
8955,2236,50,2,53007
8956,2236,41,2,16916
8957,2236,15,2,59265
8958,2237,35,5,27106
8959,2237,39,2,30610
8960,2237,26,5,47395
8961,2238,31,1,25080
8962,2238,26,4,47395
8963,2238,32,5,82134
8964,2238,14,4,61112
8965,2239,35,1,27106
8966,2239,50,4,53007
8967,2239,59,1,68303
8968,2240,88,3,82751
8969,2240,46,5,39246
8970,2240,37,1,31314
8971,2241,15,4,59265
8972,2241,1,4,77345
8973,2241,86,4,33028
8974,2241,28,2,53426
8975,2241,10,2,15030
8976,2242,94,3,54643
8977,2242,86,2,33028
8978,2242,59,1,68303
8979,2243,91,1,87573
8980,2243,23,1,13902
8981,2243,97,4,24578
8982,2243,8,1,71394
8983,2243,69,3,66333
8984,2244,13,5,60825
8985,2244,88,2,82751
8986,2244,47,4,38951
8987,2245,93,5,25266
8988,2245,33,4,67163
8989,2245,67,3,71990
8990,2246,48,4,56186
8991,2246,32,3,82134
8992,2246,57,3,87341
8993,2246,97,5,24578
8994,2246,88,5,82751
8995,2247,82,4,40303
8996,2247,19,3,24844
8997,2247,49,5,86790
8998,2247,11,1,42580
8999,2248,80,5,14416
9000,2248,62,4,39951
9001,2248,28,2,53426
9002,2249,2,4,16956
9003,2249,70,1,16773
9004,2249,1,2,77345
9005,2249,96,3,93706
9006,2249,88,2,82751
9007,2250,94,1,54643
9008,2250,22,5,20870
9009,2250,60,3,91851
9010,2250,30,3,22486
9011,2250,19,4,24844
9012,2251,42,2,44615
9013,2251,15,1,59265
9014,2251,62,1,39951
9015,2251,33,4,67163
9016,2251,98,5,88669
9017,2252,30,2,22486
9018,2252,58,3,66996
9019,2252,92,3,43974
9020,2252,60,1,91851
9021,2252,21,3,33591
9022,2253,49,4,86790
9023,2253,56,4,13545
9024,2253,89,3,99643
9025,2253,83,3,57341
9026,2254,84,1,78759
9027,2254,7,5,51167
9028,2254,61,3,83461
9029,2254,51,1,22310
9030,2255,59,3,68303
9031,2255,26,3,47395
9032,2255,35,4,27106
9033,2255,92,2,43974
9034,2256,49,1,86790
9035,2256,23,4,13902
9036,2256,63,5,59829
9037,2257,26,4,47395
9038,2257,52,3,47423
9039,2257,19,3,24844
9040,2258,19,3,24844
9041,2258,98,2,88669
9042,2258,50,5,53007
9043,2258,35,2,27106
9044,2259,90,5,99988
9045,2259,93,5,25266
9046,2259,18,3,49881
9047,2259,81,4,69446
9048,2259,38,1,89599
9049,2260,96,5,93706
9050,2260,91,2,87573
9051,2260,64,3,18863
9052,2261,24,4,96972
9053,2261,63,2,59829
9054,2261,25,2,95530
9055,2262,15,3,59265
9056,2262,51,1,22310
9057,2262,98,1,88669
9058,2263,32,1,82134
9059,2263,25,3,95530
9060,2263,81,4,69446
9061,2263,66,1,21309
9062,2263,24,5,96972
9063,2264,80,5,14416
9064,2264,16,1,21730
9065,2264,62,2,39951
9066,2264,81,2,69446
9067,2264,59,1,68303
9068,2265,42,1,44615
9069,2265,16,3,21730
9070,2265,5,5,35124
9071,2265,33,2,67163
9072,2266,47,4,38951
9073,2266,99,2,64203
9074,2266,23,1,13902
9075,2267,39,4,30610
9076,2267,17,5,32785
9077,2267,50,3,53007
9078,2268,27,5,85161
9079,2268,5,3,35124
9080,2268,64,3,18863
9081,2268,18,5,49881
9082,2268,43,2,37544
9083,2269,41,1,16916
9084,2269,50,1,53007
9085,2269,2,5,16956
9086,2270,11,5,42580
9087,2270,61,5,83461
9088,2270,63,5,59829
9089,2270,57,4,87341
9090,2271,62,2,39951
9091,2271,77,3,62543
9092,2271,10,5,15030
9093,2271,39,2,30610
9094,2272,57,5,87341
9095,2272,39,5,30610
9096,2272,83,5,57341
9097,2272,68,5,92995
9098,2273,30,5,22486
9099,2273,86,5,33028
9100,2273,81,5,69446
9101,2273,92,1,43974
9102,2273,38,5,89599
9103,2274,19,3,24844
9104,2274,3,2,92869
9105,2274,33,4,67163
9106,2274,86,4,33028
9107,2275,10,3,15030
9108,2275,73,4,58762
9109,2275,62,2,39951
9110,2275,5,3,35124
9111,2275,15,1,59265
9112,2276,69,1,66333
9113,2276,31,5,25080
9114,2276,35,5,27106
9115,2276,32,5,82134
9116,2276,61,1,83461
9117,2277,71,1,62771
9118,2277,16,1,21730
9119,2277,27,3,85161
9120,2278,10,1,15030
9121,2278,27,5,85161
9122,2278,72,2,53594
9123,2278,7,4,51167
9124,2279,59,4,68303
9125,2279,95,3,10177
9126,2279,55,1,50282
9127,2279,96,5,93706
9128,2279,92,5,43974
9129,2280,29,1,27367
9130,2280,66,4,21309
9131,2280,28,1,53426
9132,2280,56,5,13545
9133,2280,90,4,99988
9134,2281,95,5,10177
9135,2281,45,5,89685
9136,2281,53,1,58950
9137,2282,81,1,69446
9138,2282,62,2,39951
9139,2282,15,2,59265
9140,2282,74,3,60296
9141,2283,81,4,69446
9142,2283,45,1,89685
9143,2283,6,3,23328
9144,2283,34,4,71809
9145,2284,49,3,86790
9146,2284,31,3,25080
9147,2284,26,1,47395
9148,2284,25,2,95530
9149,2285,30,5,22486
9150,2285,22,2,20870
9151,2285,60,2,91851
9152,2285,20,1,13940
9153,2285,38,4,89599
9154,2286,14,3,61112
9155,2286,11,1,42580
9156,2286,22,4,20870
9157,2286,73,5,58762
9158,2286,29,4,27367
9159,2287,8,1,71394
9160,2287,44,5,55170
9161,2287,30,5,22486
9162,2288,10,4,15030
9163,2288,100,1,55240
9164,2288,33,5,67163
9165,2288,92,4,43974
9166,2288,48,2,56186
9167,2289,75,2,31489
9168,2289,28,2,53426
9169,2289,60,2,91851
9170,2289,17,1,32785
9171,2290,38,1,89599
9172,2290,60,2,91851
9173,2290,87,2,47322
9174,2290,23,5,13902
9175,2291,31,3,25080
9176,2291,36,3,50269
9177,2291,56,1,13545
9178,2291,60,5,91851
9179,2291,16,2,21730
9180,2292,18,4,49881
9181,2292,81,3,69446
9182,2292,88,2,82751
9183,2293,31,4,25080
9184,2293,92,4,43974
9185,2293,33,2,67163
9186,2293,13,2,60825
9187,2293,18,2,49881
9188,2294,14,1,61112
9189,2294,61,2,83461
9190,2294,41,5,16916
9191,2294,47,3,38951
9192,2295,71,5,62771
9193,2295,97,4,24578
9194,2295,78,4,21761
9195,2295,81,3,69446
9196,2296,32,3,82134
9197,2296,74,4,60296
9198,2296,38,2,89599
9199,2296,30,3,22486
9200,2297,79,3,37051
9201,2297,59,3,68303
9202,2297,17,2,32785
9203,2298,43,5,37544
9204,2298,65,5,95196
9205,2298,46,3,39246
9206,2298,7,1,51167
9207,2299,81,3,69446
9208,2299,97,5,24578
9209,2299,98,5,88669
9210,2299,67,3,71990
9211,2300,15,1,59265
9212,2300,84,5,78759
9213,2300,39,2,30610
9214,2301,43,3,37544
9215,2301,35,5,27106
9216,2301,39,3,30610
9217,2301,4,2,72183
9218,2302,29,2,27367
9219,2302,28,4,53426
9220,2302,33,4,67163
9221,2302,60,3,91851
9222,2302,67,2,71990
9223,2303,48,2,56186
9224,2303,66,2,21309
9225,2303,72,4,53594
9226,2303,23,2,13902
9227,2304,2,5,16956
9228,2304,23,5,13902
9229,2304,96,2,93706
9230,2304,9,1,24385
9231,2305,48,1,56186
9232,2305,94,3,54643
9233,2305,66,4,21309
9234,2305,25,4,95530
9235,2305,39,1,30610
9236,2306,61,1,83461
9237,2306,33,5,67163
9238,2306,46,5,39246
9239,2306,19,4,24844
9240,2307,81,2,69446
9241,2307,13,5,60825
9242,2307,4,3,72183
9243,2308,16,4,21730
9244,2308,81,1,69446
9245,2308,65,1,95196
9246,2308,38,5,89599
9247,2308,11,4,42580
9248,2309,76,2,95956
9249,2309,77,1,62543
9250,2309,68,3,92995
9251,2309,92,2,43974
9252,2309,65,4,95196
9253,2310,71,5,62771
9254,2310,92,3,43974
9255,2310,27,5,85161
9256,2311,35,1,27106
9257,2311,29,1,27367
9258,2311,91,2,87573
9259,2311,88,1,82751
9260,2311,84,1,78759
9261,2312,3,5,92869
9262,2312,66,3,21309
9263,2312,34,2,71809
9264,2313,90,4,99988
9265,2313,76,5,95956
9266,2313,21,5,33591
9267,2314,78,4,21761
9268,2314,12,2,31257
9269,2314,10,1,15030
9270,2314,51,1,22310
9271,2315,10,3,15030
9272,2315,92,2,43974
9273,2315,55,3,50282
9274,2315,89,3,99643
9275,2315,85,4,49747
9276,2316,98,2,88669
9277,2316,51,5,22310
9278,2316,63,2,59829
9279,2317,19,3,24844
9280,2317,49,5,86790
9281,2317,87,4,47322
9282,2317,18,5,49881
9283,2317,95,2,10177
9284,2318,41,1,16916
9285,2318,58,1,66996
9286,2318,88,3,82751
9287,2318,91,1,87573
9288,2318,63,1,59829
9289,2319,29,1,27367
9290,2319,86,5,33028
9291,2319,89,4,99643
9292,2320,44,3,55170
9293,2320,51,2,22310
9294,2320,56,2,13545
9295,2320,12,2,31257
9296,2320,78,3,21761
9297,2321,57,5,87341
9298,2321,26,1,47395
9299,2321,9,2,24385
9300,2321,75,2,31489
9301,2322,46,4,39246
9302,2322,4,1,72183
9303,2322,94,3,54643
9304,2323,72,2,53594
9305,2323,94,5,54643
9306,2323,20,4,13940
9307,2323,88,2,82751
9308,2324,29,1,27367
9309,2324,17,5,32785
9310,2324,53,4,58950
9311,2325,9,1,24385
9312,2325,14,3,61112
9313,2325,25,1,95530
9314,2325,84,2,78759
9315,2326,41,2,16916
9316,2326,64,4,18863
9317,2326,13,3,60825
9318,2327,13,3,60825
9319,2327,97,3,24578
9320,2327,11,4,42580
9321,2328,29,5,27367
9322,2328,14,4,61112
9323,2328,83,5,57341
9324,2328,64,4,18863
9325,2329,34,1,71809
9326,2329,81,1,69446
9327,2329,51,1,22310
9328,2329,7,2,51167
9329,2330,75,3,31489
9330,2330,8,3,71394
9331,2330,71,4,62771
9332,2331,43,2,37544
9333,2331,3,4,92869
9334,2331,57,4,87341
9335,2331,20,5,13940
9336,2331,38,3,89599
9337,2332,60,4,91851
9338,2332,90,3,99988
9339,2332,45,5,89685
9340,2333,5,1,35124
9341,2333,84,3,78759
9342,2333,85,1,49747
9343,2334,36,5,50269
9344,2334,99,4,64203
9345,2334,70,4,16773
9346,2334,49,2,86790
9347,2335,89,5,99643
9348,2335,8,4,71394
9349,2335,10,4,15030
9350,2335,24,5,96972
9351,2336,93,3,25266
9352,2336,58,5,66996
9353,2336,55,4,50282
9354,2336,96,3,93706
9355,2336,43,3,37544
9356,2337,34,4,71809
9357,2337,62,1,39951
9358,2337,40,5,63117
9359,2337,74,2,60296
9360,2337,27,3,85161
9361,2338,61,4,83461
9362,2338,48,5,56186
9363,2338,24,3,96972
9364,2338,97,5,24578
9365,2339,60,4,91851
9366,2339,56,2,13545
9367,2339,43,5,37544
9368,2339,52,4,47423
9369,2339,55,4,50282
9370,2340,75,5,31489
9371,2340,3,2,92869
9372,2340,4,1,72183
9373,2340,16,1,21730
9374,2341,43,5,37544
9375,2341,98,4,88669
9376,2341,91,1,87573
9377,2341,80,2,14416
9378,2341,71,3,62771
9379,2342,42,2,44615
9380,2342,65,5,95196
9381,2342,7,4,51167
9382,2342,28,4,53426
9383,2343,29,2,27367
9384,2343,48,5,56186
9385,2343,83,3,57341
9386,2343,75,4,31489
9387,2343,25,5,95530
9388,2344,23,2,13902
9389,2344,7,1,51167
9390,2344,13,2,60825
9391,2344,26,2,47395
9392,2345,97,1,24578
9393,2345,67,5,71990
9394,2345,37,2,31314
9395,2346,41,5,16916
9396,2346,90,2,99988
9397,2346,92,1,43974
9398,2347,78,3,21761
9399,2347,35,1,27106
9400,2347,52,2,47423
9401,2347,53,1,58950
9402,2347,100,2,55240
9403,2348,91,1,87573
9404,2348,87,2,47322
9405,2348,57,5,87341
9406,2349,11,2,42580
9407,2349,97,1,24578
9408,2349,93,1,25266
9409,2349,38,1,89599
9410,2349,99,2,64203
9411,2350,99,1,64203
9412,2350,19,4,24844
9413,2350,74,3,60296
9414,2350,93,3,25266
9415,2351,100,2,55240
9416,2351,96,3,93706
9417,2351,20,5,13940
9418,2351,84,3,78759
9419,2351,17,1,32785
9420,2352,38,3,89599
9421,2352,96,5,93706
9422,2352,30,2,22486
9423,2352,58,1,66996
9424,2353,97,2,24578
9425,2353,74,4,60296
9426,2353,56,2,13545
9427,2354,65,3,95196
9428,2354,85,3,49747
9429,2354,30,5,22486
9430,2354,43,5,37544
9431,2355,94,5,54643
9432,2355,41,2,16916
9433,2355,53,5,58950
9434,2355,18,5,49881
9435,2355,34,4,71809
9436,2356,69,3,66333
9437,2356,1,5,77345
9438,2356,89,4,99643
9439,2356,43,4,37544
9440,2357,21,1,33591
9441,2357,66,4,21309
9442,2357,76,5,95956
9443,2357,68,2,92995
9444,2358,94,3,54643
9445,2358,46,1,39246
9446,2358,3,1,92869
9447,2358,30,3,22486
9448,2359,18,3,49881
9449,2359,58,2,66996
9450,2359,44,4,55170
9451,2359,9,3,24385
9452,2359,61,1,83461
9453,2360,92,4,43974
9454,2360,48,3,56186
9455,2360,15,4,59265
9456,2361,90,4,99988
9457,2361,55,4,50282
9458,2361,95,3,10177
9459,2361,60,5,91851
9460,2361,88,2,82751
9461,2362,32,3,82134
9462,2362,17,3,32785
9463,2362,58,2,66996
9464,2362,12,4,31257
9465,2362,21,3,33591
9466,2363,26,2,47395
9467,2363,95,2,10177
9468,2363,34,2,71809
9469,2363,44,5,55170
9470,2364,88,1,82751
9471,2364,86,4,33028
9472,2364,33,1,67163
9473,2365,40,4,63117
9474,2365,48,1,56186
9475,2365,43,5,37544
9476,2366,48,5,56186
9477,2366,3,2,92869
9478,2366,62,3,39951
9479,2366,84,4,78759
9480,2366,27,3,85161
9481,2367,61,5,83461
9482,2367,91,2,87573
9483,2367,62,4,39951
9484,2367,23,5,13902
9485,2368,93,4,25266
9486,2368,46,5,39246
9487,2368,42,1,44615
9488,2368,16,1,21730
9489,2369,4,4,72183
9490,2369,49,3,86790
9491,2369,81,2,69446
9492,2369,42,1,44615
9493,2370,39,4,30610
9494,2370,8,3,71394
9495,2370,37,1,31314
9496,2370,60,3,91851
9497,2370,85,5,49747
9498,2371,78,2,21761
9499,2371,36,3,50269
9500,2371,34,3,71809
9501,2371,89,2,99643
9502,2372,66,5,21309
9503,2372,20,2,13940
9504,2372,59,1,68303
9505,2373,3,4,92869
9506,2373,43,2,37544
9507,2373,87,2,47322
9508,2374,76,4,95956
9509,2374,40,4,63117
9510,2374,3,3,92869
9511,2374,62,3,39951
9512,2374,52,3,47423
9513,2375,100,1,55240
9514,2375,35,2,27106
9515,2375,21,2,33591
9516,2375,46,3,39246
9517,2376,25,4,95530
9518,2376,87,4,47322
9519,2376,67,1,71990
9520,2376,30,1,22486
9521,2376,40,1,63117
9522,2377,97,1,24578
9523,2377,27,1,85161
9524,2377,6,1,23328
9525,2378,38,3,89599
9526,2378,5,1,35124
9527,2378,66,3,21309
9528,2378,30,2,22486
9529,2379,89,2,99643
9530,2379,79,1,37051
9531,2379,23,3,13902
9532,2379,8,4,71394
9533,2379,29,2,27367
9534,2380,12,5,31257
9535,2380,71,4,62771
9536,2380,61,2,83461
9537,2380,59,1,68303
9538,2381,31,4,25080
9539,2381,90,3,99988
9540,2381,76,1,95956
9541,2381,45,5,89685
9542,2381,22,5,20870
9543,2382,21,1,33591
9544,2382,81,5,69446
9545,2382,6,2,23328
9546,2383,81,5,69446
9547,2383,85,1,49747
9548,2383,28,3,53426
9549,2383,59,3,68303
9550,2384,50,5,53007
9551,2384,79,4,37051
9552,2384,34,1,71809
9553,2384,96,3,93706
9554,2385,2,2,16956
9555,2385,77,5,62543
9556,2385,15,2,59265
9557,2385,51,5,22310
9558,2385,65,4,95196
9559,2386,94,1,54643
9560,2386,11,4,42580
9561,2386,97,3,24578
9562,2386,82,3,40303
9563,2386,4,3,72183
9564,2387,23,3,13902
9565,2387,46,4,39246
9566,2387,29,5,27367
9567,2387,70,3,16773
9568,2387,89,5,99643
9569,2388,89,2,99643
9570,2388,46,1,39246
9571,2388,86,1,33028
9572,2388,27,3,85161
9573,2389,4,3,72183
9574,2389,5,4,35124
9575,2389,55,3,50282
9576,2389,89,1,99643
9577,2389,77,2,62543
9578,2390,98,5,88669
9579,2390,19,3,24844
9580,2390,86,2,33028
9581,2390,75,2,31489
9582,2390,66,2,21309
9583,2391,29,1,27367
9584,2391,31,1,25080
9585,2391,73,5,58762
9586,2391,5,3,35124
9587,2392,36,4,50269
9588,2392,79,4,37051
9589,2392,7,5,51167
9590,2392,13,5,60825
9591,2392,86,5,33028
9592,2393,54,4,55716
9593,2393,87,3,47322
9594,2393,45,3,89685
9595,2393,19,2,24844
9596,2394,25,2,95530
9597,2394,77,4,62543
9598,2394,20,3,13940
9599,2394,17,5,32785
9600,2395,49,5,86790
9601,2395,55,3,50282
9602,2395,81,1,69446
9603,2395,13,2,60825
9604,2395,24,4,96972
9605,2396,94,2,54643
9606,2396,42,5,44615
9607,2396,32,5,82134
9608,2396,60,2,91851
9609,2397,35,2,27106
9610,2397,12,1,31257
9611,2397,89,3,99643
9612,2397,30,5,22486
9613,2398,29,2,27367
9614,2398,81,3,69446
9615,2398,10,1,15030
9616,2399,94,3,54643
9617,2399,20,4,13940
9618,2399,47,4,38951
9619,2399,30,1,22486
9620,2400,51,5,22310
9621,2400,22,4,20870
9622,2400,8,4,71394
9623,2401,45,1,89685
9624,2401,1,1,77345
9625,2401,40,4,63117
9626,2402,87,4,47322
9627,2402,94,2,54643
9628,2402,28,2,53426
9629,2402,53,4,58950
9630,2403,32,2,82134
9631,2403,100,5,55240
9632,2403,92,5,43974
9633,2403,69,4,66333
9634,2403,73,4,58762
9635,2404,19,3,24844
9636,2404,52,4,47423
9637,2404,48,5,56186
9638,2404,87,3,47322
9639,2405,28,3,53426
9640,2405,7,4,51167
9641,2405,61,3,83461
9642,2405,12,2,31257
9643,2406,17,4,32785
9644,2406,62,5,39951
9645,2406,97,3,24578
9646,2406,92,4,43974
9647,2407,46,2,39246
9648,2407,70,5,16773
9649,2407,31,3,25080
9650,2408,46,4,39246
9651,2408,20,3,13940
9652,2408,96,1,93706
9653,2408,52,5,47423
9654,2409,30,1,22486
9655,2409,8,2,71394
9656,2409,39,5,30610
9657,2409,23,2,13902
9658,2409,82,5,40303
9659,2410,1,3,77345
9660,2410,43,5,37544
9661,2410,31,1,25080
9662,2410,34,2,71809
9663,2410,4,4,72183
9664,2411,78,2,21761
9665,2411,97,5,24578
9666,2411,66,5,21309
9667,2411,99,5,64203
9668,2412,81,3,69446
9669,2412,48,5,56186
9670,2412,18,2,49881
9671,2413,72,1,53594
9672,2413,94,1,54643
9673,2413,18,4,49881
9674,2413,84,1,78759
9675,2414,74,5,60296
9676,2414,55,3,50282
9677,2414,64,2,18863
9678,2414,5,1,35124
9679,2414,16,1,21730
9680,2415,79,4,37051
9681,2415,12,1,31257
9682,2415,96,4,93706
9683,2415,66,5,21309
9684,2415,18,2,49881
9685,2416,66,2,21309
9686,2416,100,2,55240
9687,2416,18,1,49881
9688,2416,98,2,88669
9689,2416,22,5,20870
9690,2417,46,1,39246
9691,2417,17,2,32785
9692,2417,24,4,96972
9693,2417,19,2,24844
9694,2417,76,4,95956
9695,2418,75,5,31489
9696,2418,74,4,60296
9697,2418,56,1,13545
9698,2418,23,4,13902
9699,2418,34,1,71809
9700,2419,97,1,24578
9701,2419,79,2,37051
9702,2419,13,5,60825
9703,2419,39,5,30610
9704,2420,39,4,30610
9705,2420,55,5,50282
9706,2420,70,4,16773
9707,2420,75,2,31489
9708,2421,66,5,21309
9709,2421,10,1,15030
9710,2421,7,4,51167
9711,2421,68,4,92995
9712,2422,61,2,83461
9713,2422,94,1,54643
9714,2422,95,1,10177
9715,2422,98,2,88669
9716,2422,5,1,35124
9717,2423,53,2,58950
9718,2423,3,3,92869
9719,2423,80,2,14416
9720,2423,10,1,15030
9721,2424,29,2,27367
9722,2424,27,4,85161
9723,2424,23,3,13902
9724,2424,54,3,55716
9725,2424,99,1,64203
9726,2425,60,1,91851
9727,2425,86,1,33028
9728,2425,82,5,40303
9729,2425,29,5,27367
9730,2426,63,1,59829
9731,2426,99,4,64203
9732,2426,65,2,95196
9733,2427,44,3,55170
9734,2427,32,4,82134
9735,2427,45,5,89685
9736,2427,14,3,61112
9737,2427,100,2,55240
9738,2428,60,2,91851
9739,2428,91,3,87573
9740,2428,11,1,42580
9741,2429,67,4,71990
9742,2429,6,3,23328
9743,2429,41,5,16916
9744,2430,77,4,62543
9745,2430,31,5,25080
9746,2430,19,2,24844
9747,2430,91,5,87573
9748,2430,84,4,78759
9749,2431,9,1,24385
9750,2431,43,1,37544
9751,2431,62,4,39951
9752,2432,13,2,60825
9753,2432,86,4,33028
9754,2432,39,3,30610
9755,2432,94,4,54643
9756,2433,12,5,31257
9757,2433,15,4,59265
9758,2433,80,4,14416
9759,2433,61,2,83461
9760,2433,27,5,85161
9761,2434,57,2,87341
9762,2434,53,1,58950
9763,2434,79,2,37051
9764,2434,68,2,92995
9765,2435,84,1,78759
9766,2435,61,1,83461
9767,2435,2,3,16956
9768,2435,99,1,64203
9769,2436,7,4,51167
9770,2436,83,5,57341
9771,2436,20,4,13940
9772,2436,73,4,58762
9773,2437,80,5,14416
9774,2437,36,3,50269
9775,2437,7,5,51167
9776,2437,19,1,24844
9777,2438,76,3,95956
9778,2438,59,2,68303
9779,2438,98,2,88669
9780,2438,40,3,63117
9781,2438,70,1,16773
9782,2439,48,1,56186
9783,2439,54,2,55716
9784,2439,43,2,37544
9785,2439,22,4,20870
9786,2440,63,3,59829
9787,2440,67,3,71990
9788,2440,38,2,89599
9789,2440,8,3,71394
9790,2440,96,1,93706
9791,2441,8,3,71394
9792,2441,35,2,27106
9793,2441,36,3,50269
9794,2441,56,1,13545
9795,2442,54,2,55716
9796,2442,98,3,88669
9797,2442,55,5,50282
9798,2442,97,3,24578
9799,2443,75,4,31489
9800,2443,1,5,77345
9801,2443,57,1,87341
9802,2444,38,3,89599
9803,2444,34,5,71809
9804,2444,20,3,13940
9805,2444,82,2,40303
9806,2445,24,3,96972
9807,2445,21,3,33591
9808,2445,69,4,66333
9809,2445,88,5,82751
9810,2446,38,2,89599
9811,2446,23,1,13902
9812,2446,62,1,39951
9813,2446,10,4,15030
9814,2446,33,2,67163
9815,2447,10,4,15030
9816,2447,93,2,25266
9817,2447,49,1,86790
9818,2447,1,1,77345
9819,2448,73,2,58762
9820,2448,76,2,95956
9821,2448,62,3,39951
9822,2448,5,2,35124
9823,2449,88,3,82751
9824,2449,49,5,86790
9825,2449,62,4,39951
9826,2449,67,5,71990
9827,2449,22,2,20870
9828,2450,52,3,47423
9829,2450,55,4,50282
9830,2450,61,2,83461
9831,2450,64,2,18863
9832,2451,14,2,61112
9833,2451,39,1,30610
9834,2451,71,1,62771
9835,2452,70,3,16773
9836,2452,63,3,59829
9837,2452,10,2,15030
9838,2452,2,2,16956
9839,2453,94,2,54643
9840,2453,96,1,93706
9841,2453,87,3,47322
9842,2454,88,1,82751
9843,2454,78,4,21761
9844,2454,20,2,13940
9845,2454,33,3,67163
9846,2455,21,4,33591
9847,2455,7,2,51167
9848,2455,20,5,13940
9849,2455,43,2,37544
9850,2455,77,1,62543
9851,2456,28,3,53426
9852,2456,51,5,22310
9853,2456,46,3,39246
9854,2457,2,5,16956
9855,2457,66,3,21309
9856,2457,15,4,59265
9857,2458,14,1,61112
9858,2458,59,5,68303
9859,2458,27,2,85161
9860,2458,23,3,13902
9861,2458,13,3,60825
9862,2459,30,2,22486
9863,2459,39,4,30610
9864,2459,13,2,60825
9865,2460,50,1,53007
9866,2460,100,1,55240
9867,2460,85,4,49747
9868,2461,50,2,53007
9869,2461,21,5,33591
9870,2461,34,4,71809
9871,2462,76,5,95956
9872,2462,82,1,40303
9873,2462,8,5,71394
9874,2463,89,5,99643
9875,2463,44,3,55170
9876,2463,95,2,10177
9877,2463,30,1,22486
9878,2464,63,5,59829
9879,2464,82,5,40303
9880,2464,71,1,62771
9881,2464,69,4,66333
9882,2464,93,3,25266
9883,2465,30,2,22486
9884,2465,7,1,51167
9885,2465,63,5,59829
9886,2465,35,2,27106
9887,2466,93,1,25266
9888,2466,27,1,85161
9889,2466,45,5,89685
9890,2466,25,2,95530
9891,2467,35,1,27106
9892,2467,69,1,66333
9893,2467,80,4,14416
9894,2468,55,2,50282
9895,2468,18,1,49881
9896,2468,97,2,24578
9897,2468,99,4,64203
9898,2468,30,4,22486
9899,2469,47,1,38951
9900,2469,3,2,92869
9901,2469,55,3,50282
9902,2469,9,5,24385
9903,2469,53,5,58950
9904,2470,20,4,13940
9905,2470,78,2,21761
9906,2470,33,5,67163
9907,2470,32,5,82134
9908,2471,3,3,92869
9909,2471,41,3,16916
9910,2471,42,4,44615
9911,2472,55,3,50282
9912,2472,27,2,85161
9913,2472,88,3,82751
9914,2472,19,4,24844
9915,2473,84,4,78759
9916,2473,100,3,55240
9917,2473,51,2,22310
9918,2473,16,3,21730
9919,2473,38,2,89599
9920,2474,3,1,92869
9921,2474,28,4,53426
9922,2474,26,4,47395
9923,2474,31,4,25080
9924,2474,65,1,95196
9925,2475,92,1,43974
9926,2475,40,5,63117
9927,2475,66,2,21309
9928,2475,76,4,95956
9929,2475,6,4,23328
9930,2476,38,1,89599
9931,2476,100,4,55240
9932,2476,5,2,35124
9933,2476,76,1,95956
9934,2476,64,1,18863
9935,2477,55,4,50282
9936,2477,70,5,16773
9937,2477,52,3,47423
9938,2477,48,3,56186
9939,2477,94,4,54643
9940,2478,32,5,82134
9941,2478,68,5,92995
9942,2478,46,5,39246
9943,2478,54,1,55716
9944,2478,74,4,60296
9945,2479,4,4,72183
9946,2479,68,5,92995
9947,2479,13,1,60825
9948,2479,67,5,71990
9949,2479,61,5,83461
9950,2480,2,4,16956
9951,2480,92,1,43974
9952,2480,88,2,82751
9953,2481,21,2,33591
9954,2481,61,1,83461
9955,2481,37,5,31314
9956,2481,89,3,99643
9957,2482,100,4,55240
9958,2482,73,3,58762
9959,2482,63,4,59829
9960,2483,67,2,71990
9961,2483,79,5,37051
9962,2483,71,2,62771
9963,2483,34,2,71809
9964,2483,76,3,95956
9965,2484,42,5,44615
9966,2484,99,1,64203
9967,2484,75,4,31489
9968,2484,71,5,62771
9969,2484,86,4,33028
9970,2485,97,3,24578
9971,2485,4,2,72183
9972,2485,79,1,37051
9973,2485,54,1,55716
9974,2486,39,1,30610
9975,2486,89,2,99643
9976,2486,31,3,25080
9977,2487,42,1,44615
9978,2487,27,5,85161
9979,2487,77,2,62543
9980,2487,21,3,33591
9981,2487,89,3,99643
9982,2488,59,5,68303
9983,2488,87,3,47322
9984,2488,66,1,21309
9985,2489,1,4,77345
9986,2489,94,3,54643
9987,2489,16,5,21730
9988,2489,17,1,32785
9989,2490,81,5,69446
9990,2490,48,1,56186
9991,2490,3,2,92869
9992,2491,95,5,10177
9993,2491,72,3,53594
9994,2491,70,5,16773
9995,2491,79,2,37051
9996,2492,1,3,77345
9997,2492,5,2,35124
9998,2492,3,4,92869
9999,2492,52,1,47423
10000,2492,69,1,66333
10001,2493,80,3,14416
10002,2493,7,2,51167
10003,2493,55,4,50282
10004,2494,89,5,99643
10005,2494,81,3,69446
10006,2494,75,5,31489
10007,2494,93,5,25266
10008,2495,41,4,16916
10009,2495,34,2,71809
10010,2495,31,1,25080
10011,2496,20,5,13940
10012,2496,4,2,72183
10013,2496,53,5,58950
10014,2497,9,3,24385
10015,2497,49,2,86790
10016,2497,23,1,13902
10017,2497,30,2,22486
10018,2497,72,2,53594
10019,2498,73,3,58762
10020,2498,37,2,31314
10021,2498,13,2,60825
10022,2498,17,3,32785
10023,2498,10,1,15030
10024,2499,22,2,20870
10025,2499,72,5,53594
10026,2499,3,4,92869
10027,2499,27,5,85161
10028,2500,21,3,33591
10029,2500,19,3,24844
10030,2500,76,3,95956
10031,2500,57,5,87341
10032,2501,13,3,60825
10033,2501,94,4,54643
10034,2501,82,1,40303
10035,2501,49,1,86790
10036,2501,87,1,47322
10037,2502,18,2,49881
10038,2502,33,2,67163
10039,2502,36,2,50269
10040,2503,56,3,13545
10041,2503,72,4,53594
10042,2503,14,2,61112
10043,2503,2,1,16956
10044,2504,64,2,18863
10045,2504,79,2,37051
10046,2504,95,5,10177
10047,2505,15,4,59265
10048,2505,100,5,55240
10049,2505,61,2,83461
10050,2505,91,5,87573
10051,2505,53,1,58950
10052,2506,80,2,14416
10053,2506,70,5,16773
10054,2506,25,1,95530
10055,2506,32,4,82134
10056,2506,76,4,95956
10057,2507,99,2,64203
10058,2507,89,5,99643
10059,2507,94,3,54643
10060,2507,21,4,33591
10061,2507,27,3,85161
10062,2508,1,3,77345
10063,2508,28,2,53426
10064,2508,77,1,62543
10065,2508,45,4,89685
10066,2508,27,2,85161
10067,2509,71,1,62771
10068,2509,73,1,58762
10069,2509,41,1,16916
10070,2509,42,5,44615
10071,2510,18,2,49881
10072,2510,32,4,82134
10073,2510,50,5,53007
10074,2510,92,3,43974
10075,2511,56,1,13545
10076,2511,27,1,85161
10077,2511,6,3,23328
10078,2511,22,4,20870
10079,2512,99,3,64203
10080,2512,48,2,56186
10081,2512,83,5,57341
10082,2513,11,2,42580
10083,2513,36,5,50269
10084,2513,17,5,32785
10085,2514,35,3,27106
10086,2514,81,2,69446
10087,2514,92,3,43974
10088,2514,74,3,60296
10089,2515,36,5,50269
10090,2515,17,1,32785
10091,2515,85,4,49747
10092,2515,71,3,62771
10093,2516,66,5,21309
10094,2516,20,5,13940
10095,2516,25,5,95530
10096,2517,71,1,62771
10097,2517,76,3,95956
10098,2517,30,2,22486
10099,2518,7,2,51167
10100,2518,29,1,27367
10101,2518,67,1,71990
10102,2518,83,2,57341
10103,2518,22,3,20870
10104,2519,35,1,27106
10105,2519,7,2,51167
10106,2519,92,5,43974
10107,2519,71,2,62771
10108,2520,98,2,88669
10109,2520,18,3,49881
10110,2520,61,3,83461
10111,2520,31,2,25080
10112,2520,99,2,64203
10113,2521,17,1,32785
10114,2521,16,5,21730
10115,2521,76,1,95956
10116,2521,66,2,21309
10117,2521,34,4,71809
10118,2522,2,4,16956
10119,2522,99,5,64203
10120,2522,40,3,63117
10121,2523,71,4,62771
10122,2523,55,5,50282
10123,2523,70,2,16773
10124,2523,40,2,63117
10125,2524,17,3,32785
10126,2524,43,4,37544
10127,2524,92,4,43974
10128,2524,72,3,53594
10129,2524,12,2,31257
10130,2525,62,5,39951
10131,2525,79,4,37051
10132,2525,8,4,71394
10133,2525,99,1,64203
10134,2525,9,2,24385
10135,2526,77,1,62543
10136,2526,82,3,40303
10137,2526,3,2,92869
10138,2526,5,1,35124
10139,2527,59,2,68303
10140,2527,15,2,59265
10141,2527,79,2,37051
10142,2527,86,1,33028
10143,2528,31,4,25080
10144,2528,91,5,87573
10145,2528,62,5,39951
10146,2529,93,4,25266
10147,2529,77,3,62543
10148,2529,10,1,15030
10149,2529,12,1,31257
10150,2530,20,5,13940
10151,2530,33,3,67163
10152,2530,9,4,24385
10153,2530,78,2,21761
10154,2531,80,1,14416
10155,2531,94,3,54643
10156,2531,90,1,99988
10157,2531,68,4,92995
10158,2531,48,5,56186
10159,2532,69,5,66333
10160,2532,14,5,61112
10161,2532,10,3,15030
10162,2533,85,3,49747
10163,2533,10,1,15030
10164,2533,51,2,22310
10165,2533,40,5,63117
10166,2533,2,1,16956
10167,2534,70,2,16773
10168,2534,51,5,22310
10169,2534,19,2,24844
10170,2534,31,1,25080
10171,2534,17,2,32785
10172,2535,79,5,37051
10173,2535,10,5,15030
10174,2535,66,3,21309
10175,2535,6,2,23328
10176,2536,86,3,33028
10177,2536,77,4,62543
10178,2536,65,2,95196
10179,2537,35,2,27106
10180,2537,53,3,58950
10181,2537,81,4,69446
10182,2537,37,2,31314
10183,2537,64,1,18863
10184,2538,1,1,77345
10185,2538,16,2,21730
10186,2538,10,3,15030
10187,2538,52,2,47423
10188,2538,53,4,58950
10189,2539,7,3,51167
10190,2539,36,1,50269
10191,2539,19,5,24844
10192,2540,53,4,58950
10193,2540,6,5,23328
10194,2540,89,2,99643
10195,2541,96,4,93706
10196,2541,80,2,14416
10197,2541,98,2,88669
10198,2542,54,1,55716
10199,2542,66,2,21309
10200,2542,60,3,91851
10201,2542,52,1,47423
10202,2542,78,1,21761
10203,2543,2,2,16956
10204,2543,64,1,18863
10205,2543,74,1,60296
10206,2543,98,4,88669
10207,2544,12,1,31257
10208,2544,63,5,59829
10209,2544,35,2,27106
10210,2544,43,5,37544
10211,2544,69,1,66333
10212,2545,78,4,21761
10213,2545,60,2,91851
10214,2545,47,2,38951
10215,2545,11,5,42580
10216,2545,59,1,68303
10217,2546,31,1,25080
10218,2546,10,3,15030
10219,2546,70,4,16773
10220,2547,7,3,51167
10221,2547,82,1,40303
10222,2547,72,1,53594
10223,2547,24,5,96972
10224,2548,26,3,47395
10225,2548,37,2,31314
10226,2548,83,4,57341
10227,2549,96,4,93706
10228,2549,95,3,10177
10229,2549,61,1,83461
10230,2549,79,5,37051
10231,2550,65,2,95196
10232,2550,52,1,47423
10233,2550,53,2,58950
10234,2551,72,4,53594
10235,2551,92,1,43974
10236,2551,53,3,58950
10237,2551,12,5,31257
10238,2551,85,1,49747
10239,2552,86,5,33028
10240,2552,64,3,18863
10241,2552,95,1,10177
10242,2553,77,3,62543
10243,2553,84,3,78759
10244,2553,36,1,50269
10245,2554,24,2,96972
10246,2554,7,5,51167
10247,2554,67,3,71990
10248,2554,33,2,67163
10249,2555,54,4,55716
10250,2555,36,4,50269
10251,2555,57,1,87341
10252,2556,94,5,54643
10253,2556,35,3,27106
10254,2556,46,5,39246
10255,2556,38,1,89599
10256,2556,86,1,33028
10257,2557,69,1,66333
10258,2557,91,4,87573
10259,2557,41,2,16916
10260,2557,58,5,66996
10261,2558,48,1,56186
10262,2558,25,5,95530
10263,2558,91,3,87573
10264,2558,18,4,49881
10265,2558,30,4,22486
10266,2559,40,2,63117
10267,2559,53,2,58950
10268,2559,98,5,88669
10269,2559,6,1,23328
10270,2560,1,3,77345
10271,2560,81,5,69446
10272,2560,40,3,63117
10273,2560,35,2,27106
10274,2561,56,5,13545
10275,2561,29,5,27367
10276,2561,30,5,22486
10277,2561,26,2,47395
10278,2562,87,3,47322
10279,2562,37,5,31314
10280,2562,97,2,24578
10281,2562,52,1,47423
10282,2563,53,2,58950
10283,2563,22,2,20870
10284,2563,33,4,67163
10285,2564,42,4,44615
10286,2564,48,3,56186
10287,2564,19,1,24844
10288,2564,35,4,27106
10289,2565,16,5,21730
10290,2565,27,3,85161
10291,2565,95,4,10177
10292,2565,2,3,16956
10293,2565,12,1,31257
10294,2566,50,4,53007
10295,2566,35,1,27106
10296,2566,18,1,49881
10297,2566,1,5,77345
10298,2566,28,5,53426
10299,2567,63,3,59829
10300,2567,31,5,25080
10301,2567,50,1,53007
10302,2567,97,2,24578
10303,2567,78,3,21761
10304,2568,33,5,67163
10305,2568,21,3,33591
10306,2568,88,3,82751
10307,2568,96,1,93706
10308,2569,99,1,64203
10309,2569,23,3,13902
10310,2569,66,4,21309
10311,2569,42,4,44615
10312,2570,41,5,16916
10313,2570,89,2,99643
10314,2570,75,1,31489
10315,2570,36,4,50269
10316,2571,73,3,58762
10317,2571,57,4,87341
10318,2571,84,1,78759
10319,2571,3,4,92869
10320,2571,92,2,43974
10321,2572,50,4,53007
10322,2572,14,4,61112
10323,2572,18,5,49881
10324,2572,97,2,24578
10325,2572,66,1,21309
10326,2573,7,4,51167
10327,2573,42,2,44615
10328,2573,64,2,18863
10329,2573,88,4,82751
10330,2573,99,3,64203
10331,2574,95,3,10177
10332,2574,66,4,21309
10333,2574,71,1,62771
10334,2574,60,5,91851
10335,2575,71,4,62771
10336,2575,34,3,71809
10337,2575,21,3,33591
10338,2575,62,2,39951
10339,2575,7,5,51167
10340,2576,57,5,87341
10341,2576,70,5,16773
10342,2576,51,4,22310
10343,2577,2,3,16956
10344,2577,13,4,60825
10345,2577,27,3,85161
10346,2577,75,4,31489
10347,2578,77,5,62543
10348,2578,5,5,35124
10349,2578,85,3,49747
10350,2578,20,1,13940
10351,2579,24,3,96972
10352,2579,62,1,39951
10353,2579,43,3,37544
10354,2580,11,3,42580
10355,2580,16,5,21730
10356,2580,45,1,89685
10357,2580,100,4,55240
10358,2581,80,4,14416
10359,2581,53,4,58950
10360,2581,15,1,59265
10361,2581,43,4,37544
10362,2581,61,5,83461
10363,2582,69,1,66333
10364,2582,67,5,71990
10365,2582,38,5,89599
10366,2582,3,5,92869
10367,2582,23,1,13902
10368,2583,50,5,53007
10369,2583,2,3,16956
10370,2583,64,1,18863
10371,2583,14,1,61112
10372,2584,100,4,55240
10373,2584,11,5,42580
10374,2584,39,5,30610
10375,2584,64,3,18863
10376,2585,14,2,61112
10377,2585,74,5,60296
10378,2585,12,3,31257
10379,2585,18,1,49881
10380,2586,79,5,37051
10381,2586,42,3,44615
10382,2586,11,5,42580
10383,2586,21,3,33591
10384,2587,78,3,21761
10385,2587,90,4,99988
10386,2587,42,5,44615
10387,2587,84,2,78759
10388,2588,84,2,78759
10389,2588,40,1,63117
10390,2588,17,1,32785
10391,2588,44,2,55170
10392,2589,86,1,33028
10393,2589,52,2,47423
10394,2589,67,4,71990
10395,2589,16,5,21730
10396,2590,71,4,62771
10397,2590,16,3,21730
10398,2590,66,2,21309
10399,2590,93,2,25266
10400,2590,63,5,59829
10401,2591,27,3,85161
10402,2591,9,3,24385
10403,2591,4,1,72183
10404,2592,85,2,49747
10405,2592,64,1,18863
10406,2592,67,5,71990
10407,2592,88,3,82751
10408,2593,5,3,35124
10409,2593,13,2,60825
10410,2593,33,4,67163
10411,2594,3,1,92869
10412,2594,64,1,18863
10413,2594,25,4,95530
10414,2594,71,4,62771
10415,2595,42,1,44615
10416,2595,44,2,55170
10417,2595,51,4,22310
10418,2596,88,4,82751
10419,2596,73,5,58762
10420,2596,32,1,82134
10421,2597,30,3,22486
10422,2597,16,1,21730
10423,2597,33,3,67163
10424,2598,27,4,85161
10425,2598,32,5,82134
10426,2598,51,4,22310
10427,2598,50,4,53007
10428,2598,66,3,21309
10429,2599,72,5,53594
10430,2599,27,3,85161
10431,2599,98,2,88669
10432,2600,9,1,24385
10433,2600,20,5,13940
10434,2600,37,2,31314
10435,2601,42,4,44615
10436,2601,95,5,10177
10437,2601,43,4,37544
10438,2602,52,2,47423
10439,2602,64,5,18863
10440,2602,69,5,66333
10441,2602,19,4,24844
10442,2603,48,1,56186
10443,2603,95,2,10177
10444,2603,57,2,87341
10445,2603,42,4,44615
10446,2604,26,3,47395
10447,2604,23,2,13902
10448,2604,79,4,37051
10449,2604,60,5,91851
10450,2604,70,5,16773
10451,2605,26,2,47395
10452,2605,93,5,25266
10453,2605,14,4,61112
10454,2605,4,3,72183
10455,2605,44,2,55170
10456,2606,97,4,24578
10457,2606,54,5,55716
10458,2606,22,3,20870
10459,2606,65,2,95196
10460,2607,9,2,24385
10461,2607,47,3,38951
10462,2607,67,3,71990
10463,2607,53,2,58950
10464,2607,55,4,50282
10465,2608,50,1,53007
10466,2608,100,4,55240
10467,2608,32,4,82134
10468,2609,93,1,25266
10469,2609,4,3,72183
10470,2609,83,3,57341
10471,2610,14,1,61112
10472,2610,11,5,42580
10473,2610,64,2,18863
10474,2610,2,2,16956
10475,2611,58,3,66996
10476,2611,66,4,21309
10477,2611,27,5,85161
10478,2612,13,3,60825
10479,2612,53,5,58950
10480,2612,28,2,53426
10481,2612,1,1,77345
10482,2613,8,1,71394
10483,2613,55,5,50282
10484,2613,43,1,37544
10485,2613,30,5,22486
10486,2614,10,3,15030
10487,2614,33,3,67163
10488,2614,85,4,49747
10489,2614,31,5,25080
10490,2615,96,5,93706
10491,2615,100,1,55240
10492,2615,23,3,13902
10493,2615,94,1,54643
10494,2615,50,4,53007
10495,2616,74,2,60296
10496,2616,73,2,58762
10497,2616,59,2,68303
10498,2616,26,4,47395
10499,2616,39,3,30610
10500,2617,100,3,55240
10501,2617,94,2,54643
10502,2617,26,4,47395
10503,2617,62,2,39951
10504,2618,45,4,89685
10505,2618,60,3,91851
10506,2618,90,2,99988
10507,2618,73,1,58762
10508,2619,98,5,88669
10509,2619,9,5,24385
10510,2619,67,3,71990
10511,2619,14,1,61112
10512,2620,73,5,58762
10513,2620,42,3,44615
10514,2620,64,3,18863
10515,2620,98,3,88669
10516,2621,4,3,72183
10517,2621,99,2,64203
10518,2621,30,5,22486
10519,2622,21,2,33591
10520,2622,33,2,67163
10521,2622,28,2,53426
10522,2623,97,3,24578
10523,2623,52,4,47423
10524,2623,95,5,10177
10525,2623,85,4,49747
10526,2624,33,4,67163
10527,2624,91,2,87573
10528,2624,64,2,18863
10529,2624,39,4,30610
10530,2625,18,3,49881
10531,2625,62,4,39951
10532,2625,91,1,87573
10533,2626,72,5,53594
10534,2626,80,4,14416
10535,2626,49,2,86790
10536,2626,83,5,57341
10537,2626,31,2,25080
10538,2627,65,2,95196
10539,2627,35,3,27106
10540,2627,26,2,47395
10541,2627,46,5,39246
10542,2628,18,5,49881
10543,2628,12,3,31257
10544,2628,95,1,10177
10545,2629,65,5,95196
10546,2629,93,5,25266
10547,2629,35,4,27106
10548,2629,9,4,24385
10549,2630,33,3,67163
10550,2630,94,3,54643
10551,2630,92,2,43974
10552,2631,92,1,43974
10553,2631,67,5,71990
10554,2631,91,5,87573
10555,2631,96,3,93706
10556,2632,12,3,31257
10557,2632,44,1,55170
10558,2632,31,2,25080
10559,2632,74,5,60296
10560,2633,1,5,77345
10561,2633,2,4,16956
10562,2633,32,3,82134
10563,2634,72,5,53594
10564,2634,83,3,57341
10565,2634,20,2,13940
10566,2635,44,4,55170
10567,2635,8,5,71394
10568,2635,50,2,53007
10569,2635,73,2,58762
10570,2635,59,4,68303
10571,2636,96,3,93706
10572,2636,78,2,21761
10573,2636,61,3,83461
10574,2636,55,2,50282
10575,2636,57,1,87341
10576,2637,45,3,89685
10577,2637,50,3,53007
10578,2637,18,5,49881
10579,2638,49,3,86790
10580,2638,90,2,99988
10581,2638,6,5,23328
10582,2639,4,5,72183
10583,2639,59,4,68303
10584,2639,34,2,71809
10585,2640,28,3,53426
10586,2640,42,4,44615
10587,2640,50,2,53007
10588,2640,2,4,16956
10589,2640,12,1,31257
10590,2641,35,1,27106
10591,2641,82,4,40303
10592,2641,73,4,58762
10593,2641,62,1,39951
10594,2641,71,4,62771
10595,2642,51,4,22310
10596,2642,39,5,30610
10597,2642,7,4,51167
10598,2642,80,4,14416
10599,2642,82,3,40303
10600,2643,48,1,56186
10601,2643,35,5,27106
10602,2643,33,2,67163
10603,2643,67,2,71990
10604,2644,13,5,60825
10605,2644,11,5,42580
10606,2644,72,2,53594
10607,2644,99,5,64203
10608,2645,78,2,21761
10609,2645,50,2,53007
10610,2645,57,5,87341
10611,2645,69,1,66333
10612,2645,87,5,47322
10613,2646,39,1,30610
10614,2646,16,4,21730
10615,2646,88,5,82751
10616,2646,52,5,47423
10617,2646,81,1,69446
10618,2647,6,4,23328
10619,2647,38,1,89599
10620,2647,97,4,24578
10621,2647,10,5,15030
10622,2647,58,5,66996
10623,2648,57,4,87341
10624,2648,34,4,71809
10625,2648,86,1,33028
10626,2649,30,5,22486
10627,2649,63,5,59829
10628,2649,35,2,27106
10629,2649,14,3,61112
10630,2649,47,5,38951
10631,2650,73,5,58762
10632,2650,94,2,54643
10633,2650,77,1,62543
10634,2650,29,5,27367
10635,2651,70,4,16773
10636,2651,48,4,56186
10637,2651,31,2,25080
10638,2652,80,1,14416
10639,2652,35,5,27106
10640,2652,62,1,39951
10641,2652,44,5,55170
10642,2652,11,1,42580
10643,2653,27,4,85161
10644,2653,57,3,87341
10645,2653,69,2,66333
10646,2653,64,2,18863
10647,2653,46,3,39246
10648,2654,43,1,37544
10649,2654,92,3,43974
10650,2654,56,4,13545
10651,2654,18,2,49881
10652,2654,81,3,69446
10653,2655,41,5,16916
10654,2655,65,1,95196
10655,2655,37,3,31314
10656,2656,45,3,89685
10657,2656,54,3,55716
10658,2656,41,1,16916
10659,2657,24,1,96972
10660,2657,46,3,39246
10661,2657,34,2,71809
10662,2657,19,1,24844
10663,2657,37,3,31314
10664,2658,42,3,44615
10665,2658,27,2,85161
10666,2658,96,1,93706
10667,2659,10,2,15030
10668,2659,88,2,82751
10669,2659,23,4,13902
10670,2660,77,4,62543
10671,2660,12,4,31257
10672,2660,84,3,78759
10673,2660,66,5,21309
10674,2661,82,5,40303
10675,2661,36,1,50269
10676,2661,30,4,22486
10677,2661,61,4,83461
10678,2661,95,5,10177
10679,2662,89,5,99643
10680,2662,56,2,13545
10681,2662,12,2,31257
10682,2663,68,3,92995
10683,2663,79,2,37051
10684,2663,82,1,40303
10685,2664,44,2,55170
10686,2664,91,1,87573
10687,2664,16,2,21730
10688,2664,33,4,67163
10689,2664,58,5,66996
10690,2665,17,3,32785
10691,2665,70,1,16773
10692,2665,38,3,89599
10693,2665,84,5,78759
10694,2665,1,4,77345
10695,2666,47,1,38951
10696,2666,24,3,96972
10697,2666,89,4,99643
10698,2667,89,1,99643
10699,2667,85,2,49747
10700,2667,64,2,18863
10701,2667,44,1,55170
10702,2667,70,5,16773
10703,2668,43,5,37544
10704,2668,81,1,69446
10705,2668,26,4,47395
10706,2668,2,5,16956
10707,2668,10,3,15030
10708,2669,92,4,43974
10709,2669,79,4,37051
10710,2669,93,2,25266
10711,2669,29,4,27367
10712,2670,63,5,59829
10713,2670,38,5,89599
10714,2670,15,5,59265
10715,2671,41,3,16916
10716,2671,79,4,37051
10717,2671,48,5,56186
10718,2671,72,2,53594
10719,2671,1,5,77345
10720,2672,49,2,86790
10721,2672,6,4,23328
10722,2672,86,3,33028
10723,2673,93,4,25266
10724,2673,51,2,22310
10725,2673,12,3,31257
10726,2673,6,2,23328
10727,2674,84,3,78759
10728,2674,26,2,47395
10729,2674,19,2,24844
10730,2674,78,5,21761
10731,2674,43,2,37544
10732,2675,13,5,60825
10733,2675,45,1,89685
10734,2675,71,5,62771
10735,2675,19,4,24844
10736,2676,56,2,13545
10737,2676,26,2,47395
10738,2676,50,4,53007
10739,2676,39,5,30610
10740,2677,19,5,24844
10741,2677,51,4,22310
10742,2677,38,2,89599
10743,2678,51,2,22310
10744,2678,94,4,54643
10745,2678,48,5,56186
10746,2678,92,2,43974
10747,2678,21,4,33591
10748,2679,2,1,16956
10749,2679,39,2,30610
10750,2679,23,4,13902
10751,2679,63,3,59829
10752,2679,46,2,39246
10753,2680,19,1,24844
10754,2680,30,3,22486
10755,2680,74,3,60296
10756,2680,17,4,32785
10757,2680,78,5,21761
10758,2681,40,1,63117
10759,2681,91,3,87573
10760,2681,87,4,47322
10761,2681,7,4,51167
10762,2681,33,4,67163
10763,2682,85,2,49747
10764,2682,49,5,86790
10765,2682,16,3,21730
10766,2683,5,1,35124
10767,2683,27,1,85161
10768,2683,55,5,50282
10769,2683,11,5,42580
10770,2683,49,4,86790
10771,2684,99,2,64203
10772,2684,33,3,67163
10773,2684,73,1,58762
10774,2684,27,5,85161
10775,2684,22,5,20870
10776,2685,11,2,42580
10777,2685,87,4,47322
10778,2685,59,5,68303
10779,2686,73,4,58762
10780,2686,45,3,89685
10781,2686,39,5,30610
10782,2686,7,5,51167
10783,2687,28,5,53426
10784,2687,74,1,60296
10785,2687,73,2,58762
10786,2688,76,1,95956
10787,2688,2,4,16956
10788,2688,58,1,66996
10789,2688,20,3,13940
10790,2689,82,3,40303
10791,2689,15,2,59265
10792,2689,86,1,33028
10793,2689,70,3,16773
10794,2689,55,3,50282
10795,2690,43,4,37544
10796,2690,3,1,92869
10797,2690,22,2,20870
10798,2690,54,4,55716
10799,2691,30,5,22486
10800,2691,44,4,55170
10801,2691,35,5,27106
10802,2692,77,2,62543
10803,2692,73,5,58762
10804,2692,48,2,56186
10805,2693,96,5,93706
10806,2693,94,3,54643
10807,2693,68,1,92995
10808,2694,75,3,31489
10809,2694,90,5,99988
10810,2694,2,1,16956
10811,2695,56,5,13545
10812,2695,88,4,82751
10813,2695,22,5,20870
10814,2695,14,5,61112
10815,2695,9,1,24385
10816,2696,48,2,56186
10817,2696,63,3,59829
10818,2696,61,2,83461
10819,2696,77,1,62543
10820,2697,90,5,99988
10821,2697,7,5,51167
10822,2697,54,3,55716
10823,2697,35,2,27106
10824,2697,24,4,96972
10825,2698,61,5,83461
10826,2698,68,5,92995
10827,2698,72,1,53594
10828,2698,60,2,91851
10829,2699,29,3,27367
10830,2699,63,5,59829
10831,2699,88,5,82751
10832,2699,23,2,13902
10833,2699,51,5,22310
10834,2700,61,1,83461
10835,2700,7,2,51167
10836,2700,77,4,62543
10837,2700,34,2,71809
10838,2701,59,3,68303
10839,2701,60,1,91851
10840,2701,71,1,62771
10841,2702,69,5,66333
10842,2702,46,2,39246
10843,2702,59,5,68303
10844,2702,85,1,49747
10845,2703,82,2,40303
10846,2703,93,4,25266
10847,2703,58,3,66996
10848,2704,10,1,15030
10849,2704,71,4,62771
10850,2704,45,1,89685
10851,2705,2,3,16956
10852,2705,87,1,47322
10853,2705,94,3,54643
10854,2706,23,3,13902
10855,2706,83,3,57341
10856,2706,2,2,16956
10857,2706,27,3,85161
10858,2706,60,1,91851
10859,2707,60,4,91851
10860,2707,81,2,69446
10861,2707,89,1,99643
10862,2707,55,3,50282
10863,2708,34,1,71809
10864,2708,66,2,21309
10865,2708,46,5,39246
10866,2708,74,2,60296
10867,2709,70,1,16773
10868,2709,58,5,66996
10869,2709,43,5,37544
10870,2709,87,1,47322
10871,2710,6,1,23328
10872,2710,70,3,16773
10873,2710,57,4,87341
10874,2710,92,3,43974
10875,2710,71,1,62771
10876,2711,63,2,59829
10877,2711,88,3,82751
10878,2711,7,2,51167
10879,2711,6,3,23328
10880,2711,30,3,22486
10881,2712,41,2,16916
10882,2712,25,4,95530
10883,2712,11,2,42580
10884,2713,21,5,33591
10885,2713,90,3,99988
10886,2713,74,2,60296
10887,2714,24,5,96972
10888,2714,42,5,44615
10889,2714,61,2,83461
10890,2714,57,5,87341
10891,2715,65,3,95196
10892,2715,62,1,39951
10893,2715,94,2,54643
10894,2715,86,1,33028
10895,2716,100,5,55240
10896,2716,20,1,13940
10897,2716,94,5,54643
10898,2717,83,5,57341
10899,2717,65,4,95196
10900,2717,92,4,43974
10901,2717,3,3,92869
10902,2718,71,4,62771
10903,2718,64,3,18863
10904,2718,7,3,51167
10905,2719,72,4,53594
10906,2719,46,4,39246
10907,2719,65,5,95196
10908,2719,63,2,59829
10909,2719,7,2,51167
10910,2720,41,4,16916
10911,2720,19,3,24844
10912,2720,51,1,22310
10913,2720,33,3,67163
10914,2720,88,1,82751
10915,2721,52,5,47423
10916,2721,84,3,78759
10917,2721,21,1,33591
10918,2722,57,1,87341
10919,2722,4,3,72183
10920,2722,54,3,55716
10921,2722,68,3,92995
10922,2723,50,2,53007
10923,2723,53,5,58950
10924,2723,29,1,27367
10925,2723,61,4,83461
10926,2723,36,3,50269
10927,2724,72,4,53594
10928,2724,62,5,39951
10929,2724,49,5,86790
10930,2724,65,5,95196
10931,2725,29,2,27367
10932,2725,51,4,22310
10933,2725,54,4,55716
10934,2725,81,5,69446
10935,2726,87,3,47322
10936,2726,57,3,87341
10937,2726,95,5,10177
10938,2727,47,1,38951
10939,2727,33,4,67163
10940,2727,63,5,59829
10941,2727,52,5,47423
10942,2728,65,3,95196
10943,2728,40,1,63117
10944,2728,45,3,89685
10945,2728,21,4,33591
10946,2729,69,4,66333
10947,2729,28,1,53426
10948,2729,71,3,62771
10949,2729,85,4,49747
10950,2729,78,3,21761
10951,2730,48,1,56186
10952,2730,37,1,31314
10953,2730,19,3,24844
10954,2731,23,2,13902
10955,2731,61,1,83461
10956,2731,19,4,24844
10957,2731,69,4,66333
10958,2731,75,4,31489
10959,2732,69,4,66333
10960,2732,72,1,53594
10961,2732,20,4,13940
10962,2732,74,3,60296
10963,2732,35,3,27106
10964,2733,32,5,82134
10965,2733,92,2,43974
10966,2733,53,5,58950
10967,2733,9,5,24385
10968,2734,80,1,14416
10969,2734,62,1,39951
10970,2734,84,1,78759
10971,2734,24,3,96972
10972,2735,51,5,22310
10973,2735,37,2,31314
10974,2735,35,2,27106
10975,2736,71,3,62771
10976,2736,59,2,68303
10977,2736,64,3,18863
10978,2736,27,1,85161
10979,2736,39,5,30610
10980,2737,88,1,82751
10981,2737,67,5,71990
10982,2737,34,2,71809
10983,2738,98,5,88669
10984,2738,4,4,72183
10985,2738,50,2,53007
10986,2738,70,2,16773
10987,2738,37,4,31314
10988,2739,100,2,55240
10989,2739,48,3,56186
10990,2739,10,3,15030
10991,2739,37,2,31314
10992,2740,89,3,99643
10993,2740,49,1,86790
10994,2740,38,5,89599
10995,2740,59,3,68303
10996,2741,38,4,89599
10997,2741,53,3,58950
10998,2741,39,4,30610
10999,2742,56,5,13545
11000,2742,71,4,62771
11001,2742,68,3,92995
11002,2742,25,1,95530
11003,2743,72,1,53594
11004,2743,48,4,56186
11005,2743,86,2,33028
11006,2743,51,3,22310
11007,2743,91,2,87573
11008,2744,70,2,16773
11009,2744,39,1,30610
11010,2744,74,1,60296
11011,2744,30,5,22486
11012,2745,46,3,39246
11013,2745,42,3,44615
11014,2745,38,4,89599
11015,2745,83,4,57341
11016,2745,40,4,63117
11017,2746,1,1,77345
11018,2746,12,3,31257
11019,2746,80,2,14416
11020,2746,91,1,87573
11021,2746,26,2,47395
11022,2747,60,3,91851
11023,2747,43,5,37544
11024,2747,52,3,47423
11025,2748,91,1,87573
11026,2748,96,1,93706
11027,2748,73,5,58762
11028,2748,23,4,13902
11029,2748,13,3,60825
11030,2749,36,1,50269
11031,2749,38,1,89599
11032,2749,21,3,33591
11033,2749,69,5,66333
11034,2750,1,1,77345
11035,2750,48,4,56186
11036,2750,36,2,50269
11037,2750,17,2,32785
11038,2751,48,1,56186
11039,2751,54,4,55716
11040,2751,90,4,99988
11041,2751,46,4,39246
11042,2752,67,3,71990
11043,2752,37,4,31314
11044,2752,20,4,13940
11045,2752,89,1,99643
11046,2753,79,2,37051
11047,2753,9,3,24385
11048,2753,71,2,62771
11049,2753,51,2,22310
11050,2753,45,2,89685
11051,2754,17,4,32785
11052,2754,62,2,39951
11053,2754,98,4,88669
11054,2755,29,3,27367
11055,2755,22,5,20870
11056,2755,91,3,87573
11057,2756,63,5,59829
11058,2756,55,2,50282
11059,2756,24,3,96972
11060,2757,71,3,62771
11061,2757,28,4,53426
11062,2757,42,2,44615
11063,2757,16,3,21730
11064,2757,91,4,87573
11065,2758,94,4,54643
11066,2758,96,1,93706
11067,2758,82,3,40303
11068,2758,63,5,59829
11069,2759,90,3,99988
11070,2759,40,5,63117
11071,2759,2,2,16956
11072,2759,5,5,35124
11073,2759,92,3,43974
11074,2760,59,2,68303
11075,2760,62,2,39951
11076,2760,82,3,40303
11077,2761,17,1,32785
11078,2761,38,3,89599
11079,2761,27,1,85161
11080,2761,57,3,87341
11081,2762,23,5,13902
11082,2762,46,2,39246
11083,2762,44,1,55170
11084,2762,39,1,30610
11085,2762,57,5,87341
11086,2763,64,2,18863
11087,2763,67,3,71990
11088,2763,49,2,86790
11089,2763,11,2,42580
11090,2764,61,1,83461
11091,2764,24,5,96972
11092,2764,27,5,85161
11093,2765,74,2,60296
11094,2765,61,2,83461
11095,2765,27,1,85161
11096,2765,31,3,25080
11097,2766,86,3,33028
11098,2766,73,2,58762
11099,2766,85,3,49747
11100,2766,72,4,53594
11101,2767,94,5,54643
11102,2767,65,4,95196
11103,2767,22,1,20870
11104,2767,99,5,64203
11105,2768,93,3,25266
11106,2768,31,4,25080
11107,2768,61,3,83461
11108,2769,70,2,16773
11109,2769,53,5,58950
11110,2769,63,2,59829
11111,2769,89,3,99643
11112,2769,29,4,27367
11113,2770,88,5,82751
11114,2770,32,1,82134
11115,2770,21,5,33591
11116,2770,72,1,53594
11117,2770,96,5,93706
11118,2771,78,1,21761
11119,2771,54,4,55716
11120,2771,52,2,47423
11121,2772,82,5,40303
11122,2772,74,4,60296
11123,2772,13,2,60825
11124,2772,37,3,31314
11125,2772,24,2,96972
11126,2773,66,2,21309
11127,2773,25,4,95530
11128,2773,35,3,27106
11129,2773,62,3,39951
11130,2773,38,3,89599
11131,2774,97,4,24578
11132,2774,79,2,37051
11133,2774,29,3,27367
11134,2774,32,3,82134
11135,2774,35,2,27106
11136,2775,59,5,68303
11137,2775,39,1,30610
11138,2775,3,3,92869
11139,2775,5,3,35124
11140,2776,84,5,78759
11141,2776,50,2,53007
11142,2776,32,1,82134
11143,2776,44,1,55170
11144,2776,28,1,53426
11145,2777,45,2,89685
11146,2777,43,1,37544
11147,2777,50,5,53007
11148,2777,9,3,24385
11149,2777,38,3,89599
11150,2778,3,1,92869
11151,2778,66,3,21309
11152,2778,84,2,78759
11153,2778,33,4,67163
11154,2778,11,5,42580
11155,2779,74,3,60296
11156,2779,71,3,62771
11157,2779,40,2,63117
11158,2780,55,4,50282
11159,2780,63,3,59829
11160,2780,17,4,32785
11161,2781,17,2,32785
11162,2781,46,3,39246
11163,2781,61,3,83461
11164,2782,59,1,68303
11165,2782,36,5,50269
11166,2782,70,2,16773
11167,2783,3,2,92869
11168,2783,5,5,35124
11169,2783,90,5,99988
11170,2784,31,3,25080
11171,2784,93,4,25266
11172,2784,76,5,95956
11173,2785,54,5,55716
11174,2785,31,5,25080
11175,2785,18,1,49881
11176,2785,15,2,59265
11177,2785,34,5,71809
11178,2786,31,2,25080
11179,2786,97,1,24578
11180,2786,78,1,21761
11181,2787,81,1,69446
11182,2787,96,4,93706
11183,2787,83,1,57341
11184,2787,17,5,32785
11185,2788,84,3,78759
11186,2788,49,2,86790
11187,2788,86,1,33028
11188,2789,37,3,31314
11189,2789,85,2,49747
11190,2789,19,3,24844
11191,2789,29,1,27367
11192,2790,34,5,71809
11193,2790,24,5,96972
11194,2790,4,2,72183
11195,2791,66,1,21309
11196,2791,14,4,61112
11197,2791,78,2,21761
11198,2791,6,1,23328
11199,2792,75,1,31489
11200,2792,72,2,53594
11201,2792,64,5,18863
11202,2793,44,3,55170
11203,2793,84,1,78759
11204,2793,7,4,51167
11205,2794,46,4,39246
11206,2794,40,1,63117
11207,2794,47,4,38951
11208,2795,47,2,38951
11209,2795,19,5,24844
11210,2795,92,1,43974
11211,2795,93,4,25266
11212,2795,5,4,35124
11213,2796,72,1,53594
11214,2796,33,4,67163
11215,2796,89,2,99643
11216,2797,59,3,68303
11217,2797,32,5,82134
11218,2797,8,4,71394
11219,2797,72,1,53594
11220,2798,54,1,55716
11221,2798,56,2,13545
11222,2798,85,4,49747
11223,2798,1,2,77345
11224,2798,17,5,32785
11225,2799,54,1,55716
11226,2799,3,1,92869
11227,2799,15,1,59265
11228,2799,58,4,66996
11229,2799,77,1,62543
11230,2800,1,5,77345
11231,2800,67,2,71990
11232,2800,64,3,18863
11233,2800,45,1,89685
11234,2801,40,1,63117
11235,2801,59,3,68303
11236,2801,73,5,58762
11237,2801,81,5,69446
11238,2801,20,2,13940
11239,2802,61,2,83461
11240,2802,42,3,44615
11241,2802,89,3,99643
11242,2802,9,3,24385
11243,2803,83,5,57341
11244,2803,5,2,35124
11245,2803,69,4,66333
11246,2803,3,4,92869
11247,2803,56,2,13545
11248,2804,89,5,99643
11249,2804,75,4,31489
11250,2804,36,1,50269
11251,2805,96,4,93706
11252,2805,89,3,99643
11253,2805,98,3,88669
11254,2805,46,1,39246
11255,2805,79,1,37051
11256,2806,17,2,32785
11257,2806,1,2,77345
11258,2806,63,3,59829
11259,2806,58,5,66996
11260,2807,76,5,95956
11261,2807,81,3,69446
11262,2807,33,4,67163
11263,2807,95,1,10177
11264,2808,90,5,99988
11265,2808,86,2,33028
11266,2808,34,5,71809
11267,2808,32,1,82134
11268,2809,29,2,27367
11269,2809,45,3,89685
11270,2809,62,3,39951
11271,2809,6,1,23328
11272,2809,5,2,35124
11273,2810,59,4,68303
11274,2810,28,2,53426
11275,2810,50,3,53007
11276,2810,32,5,82134
11277,2810,73,5,58762
11278,2811,73,3,58762
11279,2811,68,2,92995
11280,2811,16,4,21730
11281,2811,24,1,96972
11282,2811,49,3,86790
11283,2812,35,4,27106
11284,2812,63,4,59829
11285,2812,27,1,85161
11286,2812,85,5,49747
11287,2812,53,1,58950
11288,2813,54,3,55716
11289,2813,86,5,33028
11290,2813,46,1,39246
11291,2814,32,3,82134
11292,2814,3,2,92869
11293,2814,93,3,25266
11294,2814,16,4,21730
11295,2814,65,3,95196
11296,2815,24,5,96972
11297,2815,39,1,30610
11298,2815,34,3,71809
11299,2815,9,1,24385
11300,2816,5,4,35124
11301,2816,7,5,51167
11302,2816,21,5,33591
11303,2817,43,5,37544
11304,2817,69,4,66333
11305,2817,26,5,47395
11306,2817,10,2,15030
11307,2818,73,5,58762
11308,2818,37,5,31314
11309,2818,100,4,55240
11310,2818,78,5,21761
11311,2819,38,3,89599
11312,2819,63,5,59829
11313,2819,56,1,13545
11314,2820,85,4,49747
11315,2820,94,5,54643
11316,2820,68,2,92995
11317,2820,7,4,51167
11318,2820,25,3,95530
11319,2821,97,5,24578
11320,2821,16,4,21730
11321,2821,80,5,14416
11322,2821,70,5,16773
11323,2821,38,5,89599
11324,2822,87,1,47322
11325,2822,96,1,93706
11326,2822,41,5,16916
11327,2822,91,5,87573
11328,2822,6,1,23328
11329,2823,11,2,42580
11330,2823,34,4,71809
11331,2823,91,3,87573
11332,2823,17,2,32785
11333,2823,84,5,78759
11334,2824,20,3,13940
11335,2824,7,4,51167
11336,2824,85,3,49747
11337,2824,59,2,68303
11338,2825,48,2,56186
11339,2825,88,5,82751
11340,2825,69,2,66333
11341,2826,72,5,53594
11342,2826,36,2,50269
11343,2826,62,5,39951
11344,2826,27,3,85161
11345,2827,6,4,23328
11346,2827,12,3,31257
11347,2827,80,5,14416
11348,2827,50,2,53007
11349,2827,82,2,40303
11350,2828,86,5,33028
11351,2828,19,1,24844
11352,2828,99,1,64203
11353,2828,76,3,95956
11354,2829,64,3,18863
11355,2829,90,3,99988
11356,2829,13,3,60825
11357,2829,62,2,39951
11358,2830,33,5,67163
11359,2830,21,3,33591
11360,2830,70,3,16773
11361,2830,31,3,25080
11362,2831,91,2,87573
11363,2831,6,1,23328
11364,2831,20,5,13940
11365,2832,69,1,66333
11366,2832,86,2,33028
11367,2832,80,5,14416
11368,2833,12,2,31257
11369,2833,28,1,53426
11370,2833,3,5,92869
11371,2833,1,4,77345
11372,2833,69,4,66333
11373,2834,69,2,66333
11374,2834,66,3,21309
11375,2834,36,1,50269
11376,2835,16,5,21730
11377,2835,56,2,13545
11378,2835,73,5,58762
11379,2835,46,3,39246
11380,2835,27,1,85161
11381,2836,27,3,85161
11382,2836,53,1,58950
11383,2836,85,4,49747
11384,2837,89,4,99643
11385,2837,56,5,13545
11386,2837,67,5,71990
11387,2837,98,2,88669
11388,2838,37,5,31314
11389,2838,54,4,55716
11390,2838,77,3,62543
11391,2838,49,3,86790
11392,2839,90,2,99988
11393,2839,33,5,67163
11394,2839,17,3,32785
11395,2839,89,1,99643
11396,2839,8,5,71394
11397,2840,86,4,33028
11398,2840,45,2,89685
11399,2840,67,2,71990
11400,2840,32,1,82134
11401,2841,91,4,87573
11402,2841,18,3,49881
11403,2841,16,3,21730
11404,2842,13,5,60825
11405,2842,40,2,63117
11406,2842,2,4,16956
11407,2842,87,2,47322
11408,2843,95,5,10177
11409,2843,18,2,49881
11410,2843,82,5,40303
11411,2844,91,5,87573
11412,2844,66,3,21309
11413,2844,63,3,59829
11414,2844,21,1,33591
11415,2844,22,3,20870
11416,2845,34,5,71809
11417,2845,4,4,72183
11418,2845,56,1,13545
11419,2845,54,4,55716
11420,2845,57,5,87341
11421,2846,36,2,50269
11422,2846,3,2,92869
11423,2846,41,4,16916
11424,2846,17,1,32785
11425,2846,1,3,77345
11426,2847,95,3,10177
11427,2847,34,5,71809
11428,2847,40,4,63117
11429,2848,84,1,78759
11430,2848,74,2,60296
11431,2848,13,2,60825
11432,2848,33,2,67163
11433,2848,88,2,82751
11434,2849,99,5,64203
11435,2849,45,5,89685
11436,2849,14,5,61112
11437,2850,24,5,96972
11438,2850,34,2,71809
11439,2850,52,3,47423
11440,2851,15,1,59265
11441,2851,55,4,50282
11442,2851,92,3,43974
11443,2851,43,3,37544
11444,2852,64,5,18863
11445,2852,12,3,31257
11446,2852,77,3,62543
11447,2852,24,2,96972
11448,2852,41,5,16916
11449,2853,34,2,71809
11450,2853,28,5,53426
11451,2853,78,4,21761
11452,2853,10,5,15030
11453,2853,37,5,31314
11454,2854,94,2,54643
11455,2854,47,5,38951
11456,2854,71,2,62771
11457,2854,48,4,56186
11458,2855,98,2,88669
11459,2855,51,3,22310
11460,2855,30,4,22486
11461,2856,12,5,31257
11462,2856,41,1,16916
11463,2856,93,1,25266
11464,2856,64,3,18863
11465,2857,93,4,25266
11466,2857,77,5,62543
11467,2857,66,3,21309
11468,2857,5,4,35124
11469,2858,25,2,95530
11470,2858,83,1,57341
11471,2858,27,2,85161
11472,2858,13,5,60825
11473,2859,12,3,31257
11474,2859,39,1,30610
11475,2859,4,3,72183
11476,2860,64,4,18863
11477,2860,91,1,87573
11478,2860,72,1,53594
11479,2860,48,5,56186
11480,2860,7,5,51167
11481,2861,34,3,71809
11482,2861,80,1,14416
11483,2861,43,3,37544
11484,2861,30,3,22486
11485,2862,84,1,78759
11486,2862,49,2,86790
11487,2862,12,2,31257
11488,2863,93,3,25266
11489,2863,11,1,42580
11490,2863,28,1,53426
11491,2863,60,5,91851
11492,2864,71,1,62771
11493,2864,57,3,87341
11494,2864,100,3,55240
11495,2865,7,2,51167
11496,2865,20,4,13940
11497,2865,32,2,82134
11498,2865,13,3,60825
11499,2865,44,4,55170
11500,2866,83,2,57341
11501,2866,25,3,95530
11502,2866,34,4,71809
11503,2866,50,1,53007
11504,2866,97,4,24578
11505,2867,32,3,82134
11506,2867,49,1,86790
11507,2867,1,3,77345
11508,2867,79,4,37051
11509,2867,5,4,35124
11510,2868,15,1,59265
11511,2868,73,1,58762
11512,2868,77,3,62543
11513,2868,46,4,39246
11514,2869,71,2,62771
11515,2869,9,1,24385
11516,2869,19,1,24844
11517,2869,58,1,66996
11518,2870,9,2,24385
11519,2870,98,3,88669
11520,2870,38,3,89599
11521,2870,14,5,61112
11522,2871,29,1,27367
11523,2871,40,3,63117
11524,2871,47,5,38951
11525,2871,51,1,22310
11526,2871,16,3,21730
11527,2872,66,2,21309
11528,2872,73,5,58762
11529,2872,31,3,25080
11530,2872,48,2,56186
11531,2872,42,2,44615
11532,2873,39,3,30610
11533,2873,1,4,77345
11534,2873,33,5,67163
11535,2874,55,3,50282
11536,2874,97,2,24578
11537,2874,76,2,95956
11538,2874,28,3,53426
11539,2875,29,3,27367
11540,2875,86,1,33028
11541,2875,40,4,63117
11542,2875,45,1,89685
11543,2876,80,5,14416
11544,2876,20,3,13940
11545,2876,59,4,68303
11546,2876,34,1,71809
11547,2877,58,2,66996
11548,2877,30,1,22486
11549,2877,1,3,77345
11550,2877,56,2,13545
11551,2878,34,1,71809
11552,2878,71,3,62771
11553,2878,87,3,47322
11554,2879,38,5,89599
11555,2879,78,3,21761
11556,2879,22,2,20870
11557,2879,21,3,33591
11558,2879,8,2,71394
11559,2880,70,2,16773
11560,2880,42,3,44615
11561,2880,18,3,49881
11562,2880,65,5,95196
11563,2881,95,4,10177
11564,2881,15,3,59265
11565,2881,3,4,92869
11566,2881,61,2,83461
11567,2881,46,3,39246
11568,2882,52,3,47423
11569,2882,79,3,37051
11570,2882,15,3,59265
11571,2882,68,3,92995
11572,2883,93,3,25266
11573,2883,21,5,33591
11574,2883,70,4,16773
11575,2883,3,5,92869
11576,2883,4,2,72183
11577,2884,17,1,32785
11578,2884,93,2,25266
11579,2884,6,3,23328
11580,2884,29,1,27367
11581,2885,32,2,82134
11582,2885,25,3,95530
11583,2885,58,2,66996
11584,2885,80,3,14416
11585,2885,12,3,31257
11586,2886,96,3,93706
11587,2886,32,1,82134
11588,2886,73,1,58762
11589,2886,48,3,56186
11590,2886,42,1,44615
11591,2887,27,5,85161
11592,2887,42,5,44615
11593,2887,7,4,51167
11594,2887,75,1,31489
11595,2887,20,2,13940
11596,2888,67,4,71990
11597,2888,94,2,54643
11598,2888,12,1,31257
11599,2888,73,2,58762
11600,2889,13,3,60825
11601,2889,40,3,63117
11602,2889,32,2,82134
11603,2889,26,1,47395
11604,2890,54,3,55716
11605,2890,23,5,13902
11606,2890,63,1,59829
11607,2891,98,2,88669
11608,2891,96,1,93706
11609,2891,26,2,47395
11610,2891,99,2,64203
11611,2891,64,5,18863
11612,2892,17,4,32785
11613,2892,81,1,69446
11614,2892,38,1,89599
11615,2892,44,4,55170
11616,2893,37,5,31314
11617,2893,49,4,86790
11618,2893,18,2,49881
11619,2894,22,3,20870
11620,2894,52,3,47423
11621,2894,61,4,83461
11622,2894,56,2,13545
11623,2895,15,5,59265
11624,2895,87,2,47322
11625,2895,97,5,24578
11626,2895,59,4,68303
11627,2896,76,2,95956
11628,2896,26,3,47395
11629,2896,42,1,44615
11630,2896,9,4,24385
11631,2897,15,2,59265
11632,2897,2,5,16956
11633,2897,11,2,42580
11634,2897,17,1,32785
11635,2898,90,4,99988
11636,2898,87,3,47322
11637,2898,93,1,25266
11638,2898,59,2,68303
11639,2898,76,4,95956
11640,2899,94,1,54643
11641,2899,1,2,77345
11642,2899,54,1,55716
11643,2899,7,2,51167
11644,2900,97,5,24578
11645,2900,74,2,60296
11646,2900,64,5,18863
11647,2900,83,5,57341
11648,2900,85,5,49747
11649,2901,13,5,60825
11650,2901,5,2,35124
11651,2901,40,1,63117
11652,2901,31,3,25080
11653,2902,58,1,66996
11654,2902,51,2,22310
11655,2902,20,2,13940
11656,2902,61,3,83461
11657,2902,99,4,64203
11658,2903,40,4,63117
11659,2903,21,1,33591
11660,2903,5,1,35124
11661,2903,68,4,92995
11662,2904,87,3,47322
11663,2904,18,4,49881
11664,2904,30,4,22486
11665,2904,47,5,38951
11666,2904,57,4,87341
11667,2905,77,5,62543
11668,2905,73,4,58762
11669,2905,90,1,99988
11670,2905,53,3,58950
11671,2905,11,5,42580
11672,2906,51,2,22310
11673,2906,32,2,82134
11674,2906,65,3,95196
11675,2906,37,1,31314
11676,2906,91,3,87573
11677,2907,9,2,24385
11678,2907,95,5,10177
11679,2907,32,5,82134
11680,2907,1,2,77345
11681,2908,96,1,93706
11682,2908,2,4,16956
11683,2908,74,3,60296
11684,2908,91,1,87573
11685,2909,38,1,89599
11686,2909,56,5,13545
11687,2909,9,5,24385
11688,2909,84,3,78759
11689,2910,92,4,43974
11690,2910,18,1,49881
11691,2910,82,4,40303
11692,2910,89,3,99643
11693,2911,70,4,16773
11694,2911,63,4,59829
11695,2911,14,1,61112
11696,2911,44,4,55170
11697,2911,36,2,50269
11698,2912,36,1,50269
11699,2912,55,1,50282
11700,2912,14,4,61112
11701,2912,43,4,37544
11702,2912,30,3,22486
11703,2913,78,4,21761
11704,2913,83,3,57341
11705,2913,20,5,13940
11706,2913,99,5,64203
11707,2914,26,4,47395
11708,2914,94,3,54643
11709,2914,79,4,37051
11710,2914,24,4,96972
11711,2915,97,5,24578
11712,2915,35,5,27106
11713,2915,75,5,31489
11714,2915,47,3,38951
11715,2916,54,5,55716
11716,2916,57,2,87341
11717,2916,49,4,86790
11718,2916,47,4,38951
11719,2917,29,1,27367
11720,2917,73,2,58762
11721,2917,45,5,89685
11722,2917,74,5,60296
11723,2917,93,1,25266
11724,2918,19,2,24844
11725,2918,51,3,22310
11726,2918,10,1,15030
11727,2919,18,2,49881
11728,2919,72,3,53594
11729,2919,19,3,24844
11730,2920,97,3,24578
11731,2920,27,3,85161
11732,2920,92,2,43974
11733,2920,32,4,82134
11734,2921,24,2,96972
11735,2921,22,5,20870
11736,2921,30,2,22486
11737,2921,78,3,21761
11738,2922,85,2,49747
11739,2922,31,1,25080
11740,2922,13,2,60825
11741,2923,87,1,47322
11742,2923,69,2,66333
11743,2923,15,4,59265
11744,2924,6,4,23328
11745,2924,91,2,87573
11746,2924,40,2,63117
11747,2924,55,3,50282
11748,2925,76,5,95956
11749,2925,51,1,22310
11750,2925,6,4,23328
11751,2925,82,5,40303
11752,2925,57,1,87341
11753,2926,94,2,54643
11754,2926,53,1,58950
11755,2926,48,3,56186
11756,2926,89,1,99643
11757,2926,23,2,13902
11758,2927,63,4,59829
11759,2927,30,5,22486
11760,2927,61,2,83461
11761,2927,77,2,62543
11762,2928,15,4,59265
11763,2928,22,2,20870
11764,2928,96,5,93706
11765,2928,28,1,53426
11766,2929,80,5,14416
11767,2929,24,5,96972
11768,2929,37,3,31314
11769,2930,86,5,33028
11770,2930,32,3,82134
11771,2930,19,2,24844
11772,2930,88,4,82751
11773,2930,63,5,59829
11774,2931,79,2,37051
11775,2931,82,1,40303
11776,2931,17,2,32785
11777,2931,39,2,30610
11778,2932,97,4,24578
11779,2932,76,3,95956
11780,2932,60,3,91851
11781,2932,36,4,50269
11782,2932,59,4,68303
11783,2933,55,5,50282
11784,2933,31,1,25080
11785,2933,75,3,31489
11786,2933,45,4,89685
11787,2934,57,2,87341
11788,2934,72,1,53594
11789,2934,42,2,44615
11790,2934,44,3,55170
11791,2934,43,1,37544
11792,2935,90,2,99988
11793,2935,58,1,66996
11794,2935,41,3,16916
11795,2935,25,1,95530
11796,2935,40,1,63117
11797,2936,80,4,14416
11798,2936,77,1,62543
11799,2936,13,3,60825
11800,2936,42,2,44615
11801,2936,67,3,71990
11802,2937,17,4,32785
11803,2937,49,1,86790
11804,2937,16,3,21730
11805,2937,56,4,13545
11806,2937,61,3,83461
11807,2938,72,1,53594
11808,2938,93,2,25266
11809,2938,9,4,24385
11810,2938,29,2,27367
11811,2939,28,3,53426
11812,2939,99,1,64203
11813,2939,39,5,30610
11814,2940,79,4,37051
11815,2940,45,3,89685
11816,2940,19,4,24844
11817,2940,81,2,69446
11818,2940,40,1,63117
11819,2941,1,5,77345
11820,2941,89,5,99643
11821,2941,26,1,47395
11822,2942,86,5,33028
11823,2942,56,1,13545
11824,2942,35,1,27106
11825,2942,61,3,83461
11826,2942,32,5,82134
11827,2943,96,5,93706
11828,2943,7,3,51167
11829,2943,99,3,64203
11830,2943,54,2,55716
11831,2944,41,1,16916
11832,2944,87,1,47322
11833,2944,82,5,40303
11834,2944,98,4,88669
11835,2945,86,1,33028
11836,2945,45,4,89685
11837,2945,93,1,25266
11838,2945,73,2,58762
11839,2945,57,2,87341
11840,2946,24,4,96972
11841,2946,1,2,77345
11842,2946,42,4,44615
11843,2946,28,3,53426
11844,2947,51,1,22310
11845,2947,24,2,96972
11846,2947,50,4,53007
11847,2948,100,2,55240
11848,2948,6,1,23328
11849,2948,41,5,16916
11850,2948,21,3,33591
11851,2949,20,5,13940
11852,2949,72,2,53594
11853,2949,8,4,71394
11854,2950,41,5,16916
11855,2950,71,3,62771
11856,2950,24,5,96972
11857,2950,74,3,60296
11858,2950,28,4,53426
11859,2951,37,5,31314
11860,2951,55,4,50282
11861,2951,15,1,59265
11862,2952,85,1,49747
11863,2952,6,4,23328
11864,2952,40,2,63117
11865,2953,14,4,61112
11866,2953,84,1,78759
11867,2953,77,1,62543
11868,2953,48,2,56186
11869,2954,93,1,25266
11870,2954,77,2,62543
11871,2954,56,5,13545
11872,2955,81,5,69446
11873,2955,29,4,27367
11874,2955,56,5,13545
11875,2955,12,3,31257
11876,2955,28,4,53426
11877,2956,8,1,71394
11878,2956,37,1,31314
11879,2956,35,4,27106
11880,2957,33,4,67163
11881,2957,13,4,60825
11882,2957,32,3,82134
11883,2958,18,1,49881
11884,2958,20,4,13940
11885,2958,80,1,14416
11886,2959,50,4,53007
11887,2959,65,5,95196
11888,2959,29,5,27367
11889,2959,97,5,24578
11890,2959,13,5,60825
11891,2960,88,4,82751
11892,2960,29,4,27367
11893,2960,32,5,82134
11894,2960,6,5,23328
11895,2961,52,3,47423
11896,2961,34,1,71809
11897,2961,17,3,32785
11898,2961,71,5,62771
11899,2962,65,5,95196
11900,2962,66,5,21309
11901,2962,19,1,24844
11902,2962,43,4,37544
11903,2962,8,1,71394
11904,2963,19,2,24844
11905,2963,94,4,54643
11906,2963,60,5,91851
11907,2963,49,3,86790
11908,2963,95,1,10177
11909,2964,27,4,85161
11910,2964,11,4,42580
11911,2964,84,3,78759
11912,2964,43,2,37544
11913,2965,34,5,71809
11914,2965,28,2,53426
11915,2965,55,5,50282
11916,2966,98,5,88669
11917,2966,45,2,89685
11918,2966,97,1,24578
11919,2966,43,4,37544
11920,2966,30,2,22486
11921,2967,69,3,66333
11922,2967,1,3,77345
11923,2967,57,3,87341
11924,2967,26,3,47395
11925,2967,32,2,82134
11926,2968,49,2,86790
11927,2968,76,3,95956
11928,2968,55,4,50282
11929,2969,10,2,15030
11930,2969,5,4,35124
11931,2969,100,3,55240
11932,2970,28,4,53426
11933,2970,74,1,60296
11934,2970,79,2,37051
11935,2970,18,2,49881
11936,2970,58,2,66996
11937,2971,63,1,59829
11938,2971,8,1,71394
11939,2971,62,1,39951
11940,2971,50,3,53007
11941,2972,43,1,37544
11942,2972,28,2,53426
11943,2972,17,5,32785
11944,2973,59,4,68303
11945,2973,66,2,21309
11946,2973,23,1,13902
11947,2973,60,1,91851
11948,2974,58,3,66996
11949,2974,92,4,43974
11950,2974,56,3,13545
11951,2975,53,1,58950
11952,2975,21,3,33591
11953,2975,20,3,13940
11954,2976,70,1,16773
11955,2976,3,1,92869
11956,2976,53,1,58950
11957,2976,58,1,66996
11958,2977,58,4,66996
11959,2977,49,4,86790
11960,2977,67,1,71990
11961,2978,15,5,59265
11962,2978,30,3,22486
11963,2978,65,4,95196
11964,2979,71,2,62771
11965,2979,97,4,24578
11966,2979,26,5,47395
11967,2980,92,1,43974
11968,2980,70,3,16773
11969,2980,52,4,47423
11970,2980,83,4,57341
11971,2981,40,3,63117
11972,2981,93,4,25266
11973,2981,52,1,47423
11974,2981,88,2,82751
11975,2981,80,5,14416
11976,2982,98,3,88669
11977,2982,49,4,86790
11978,2982,80,3,14416
11979,2982,34,1,71809
11980,2983,2,4,16956
11981,2983,43,4,37544
11982,2983,77,4,62543
11983,2983,12,4,31257
11984,2983,35,4,27106
11985,2984,59,1,68303
11986,2984,75,2,31489
11987,2984,46,3,39246
11988,2984,79,2,37051
11989,2984,64,4,18863
11990,2985,87,1,47322
11991,2985,100,5,55240
11992,2985,13,3,60825
11993,2985,96,5,93706
11994,2986,30,3,22486
11995,2986,84,3,78759
11996,2986,43,4,37544
11997,2987,55,5,50282
11998,2987,9,5,24385
11999,2987,43,5,37544
12000,2987,74,5,60296
12001,2987,48,2,56186
12002,2988,41,3,16916
12003,2988,46,2,39246
12004,2988,95,2,10177
12005,2988,58,1,66996
12006,2989,86,3,33028
12007,2989,49,3,86790
12008,2989,99,4,64203
12009,2990,61,4,83461
12010,2990,84,2,78759
12011,2990,64,5,18863
12012,2991,10,5,15030
12013,2991,62,4,39951
12014,2991,2,4,16956
12015,2991,89,5,99643
12016,2992,38,4,89599
12017,2992,75,2,31489
12018,2992,41,2,16916
12019,2992,73,2,58762
12020,2992,89,2,99643
12021,2993,15,4,59265
12022,2993,8,4,71394
12023,2993,83,5,57341
12024,2994,18,5,49881
12025,2994,65,5,95196
12026,2994,70,1,16773
12027,2994,32,5,82134
12028,2995,87,3,47322
12029,2995,47,3,38951
12030,2995,6,4,23328
12031,2995,67,4,71990
12032,2996,50,5,53007
12033,2996,81,3,69446
12034,2996,37,1,31314
12035,2996,60,3,91851
12036,2997,11,3,42580
12037,2997,22,4,20870
12038,2997,64,5,18863
12039,2997,82,2,40303
12040,2997,41,3,16916
12041,2998,41,4,16916
12042,2998,49,2,86790
12043,2998,56,3,13545
12044,2998,1,1,77345
12045,2999,6,1,23328
12046,2999,2,5,16956
12047,2999,14,1,61112
12048,2999,15,3,59265
12049,3000,93,4,25266
12050,3000,80,4,14416
12051,3000,61,4,83461
12052,3000,18,3,49881
12053,3001,73,1,58762
12054,3001,42,5,44615
12055,3001,91,1,87573
12056,3002,96,3,93706
12057,3002,72,4,53594
12058,3002,4,4,72183
12059,3002,11,3,42580
12060,3003,72,4,53594
12061,3003,75,1,31489
12062,3003,13,1,60825
12063,3003,3,4,92869
12064,3004,40,1,63117
12065,3004,49,2,86790
12066,3004,67,3,71990
12067,3004,81,5,69446
12068,3004,79,2,37051
12069,3005,70,1,16773
12070,3005,89,1,99643
12071,3005,52,5,47423
12072,3006,92,2,43974
12073,3006,36,5,50269
12074,3006,23,4,13902
12075,3006,43,4,37544
12076,3006,16,3,21730
12077,3007,63,2,59829
12078,3007,87,2,47322
12079,3007,38,5,89599
12080,3007,41,3,16916
12081,3007,88,3,82751
12082,3008,30,2,22486
12083,3008,86,2,33028
12084,3008,73,3,58762
12085,3008,13,2,60825
12086,3009,61,2,83461
12087,3009,59,2,68303
12088,3009,7,3,51167
12089,3009,71,3,62771
12090,3010,40,4,63117
12091,3010,81,4,69446
12092,3010,83,2,57341
12093,3010,80,4,14416
12094,3011,97,1,24578
12095,3011,19,1,24844
12096,3011,1,5,77345
12097,3011,89,5,99643
12098,3011,56,4,13545
12099,3012,35,4,27106
12100,3012,56,1,13545
12101,3012,10,1,15030
12102,3012,89,1,99643
12103,3012,57,5,87341
12104,3013,26,2,47395
12105,3013,87,2,47322
12106,3013,95,5,10177
12107,3013,92,5,43974
12108,3014,29,4,27367
12109,3014,14,3,61112
12110,3014,61,4,83461
12111,3014,100,4,55240
12112,3015,36,1,50269
12113,3015,79,4,37051
12114,3015,42,1,44615
12115,3015,70,1,16773
12116,3016,65,1,95196
12117,3016,62,3,39951
12118,3016,33,2,67163
12119,3016,60,1,91851
12120,3016,74,3,60296
12121,3017,66,1,21309
12122,3017,55,4,50282
12123,3017,78,1,21761
12124,3017,83,4,57341
12125,3017,56,1,13545
12126,3018,69,3,66333
12127,3018,47,5,38951
12128,3018,34,5,71809
12129,3018,38,3,89599
12130,3018,17,1,32785
12131,3019,49,5,86790
12132,3019,80,3,14416
12133,3019,92,1,43974
12134,3019,76,2,95956
12135,3020,74,1,60296
12136,3020,34,1,71809
12137,3020,99,3,64203
12138,3021,45,5,89685
12139,3021,64,2,18863
12140,3021,26,4,47395
12141,3021,33,3,67163
12142,3021,56,3,13545
12143,3022,86,1,33028
12144,3022,91,5,87573
12145,3022,19,3,24844
12146,3022,46,2,39246
12147,3023,63,3,59829
12148,3023,19,2,24844
12149,3023,4,3,72183
12150,3023,1,4,77345
12151,3023,78,4,21761
12152,3024,74,3,60296
12153,3024,19,5,24844
12154,3024,41,4,16916
12155,3024,38,3,89599
12156,3025,39,4,30610
12157,3025,48,3,56186
12158,3025,18,5,49881
12159,3025,22,5,20870
12160,3026,4,1,72183
12161,3026,65,3,95196
12162,3026,11,2,42580
12163,3026,18,4,49881
12164,3027,68,4,92995
12165,3027,57,2,87341
12166,3027,24,5,96972
12167,3028,25,1,95530
12168,3028,2,5,16956
12169,3028,89,2,99643
12170,3028,94,4,54643
12171,3028,11,1,42580
12172,3029,18,5,49881
12173,3029,27,4,85161
12174,3029,10,1,15030
12175,3029,14,5,61112
12176,3030,3,1,92869
12177,3030,39,5,30610
12178,3030,58,5,66996
12179,3031,16,2,21730
12180,3031,14,2,61112
12181,3031,39,1,30610
12182,3031,36,5,50269
12183,3032,15,2,59265
12184,3032,75,2,31489
12185,3032,32,4,82134
12186,3033,73,5,58762
12187,3033,23,4,13902
12188,3033,64,4,18863
12189,3034,18,3,49881
12190,3034,8,1,71394
12191,3034,28,4,53426
12192,3034,2,3,16956
12193,3035,18,5,49881
12194,3035,7,2,51167
12195,3035,68,5,92995
12196,3035,69,4,66333
12197,3036,27,4,85161
12198,3036,49,3,86790
12199,3036,82,2,40303
12200,3036,93,4,25266
12201,3037,76,1,95956
12202,3037,3,1,92869
12203,3037,95,4,10177
12204,3037,18,4,49881
12205,3038,85,3,49747
12206,3038,27,2,85161
12207,3038,88,1,82751
12208,3038,67,1,71990
12209,3039,42,1,44615
12210,3039,13,1,60825
12211,3039,68,5,92995
12212,3039,93,3,25266
12213,3040,68,2,92995
12214,3040,5,1,35124
12215,3040,8,3,71394
12216,3041,86,3,33028
12217,3041,46,3,39246
12218,3041,24,5,96972
12219,3041,20,2,13940
12220,3041,39,4,30610
12221,3042,34,1,71809
12222,3042,93,5,25266
12223,3042,95,5,10177
12224,3043,77,2,62543
12225,3043,31,4,25080
12226,3043,59,2,68303
12227,3043,4,2,72183
12228,3043,81,2,69446
12229,3044,71,1,62771
12230,3044,25,2,95530
12231,3044,18,3,49881
12232,3044,31,3,25080
12233,3045,11,2,42580
12234,3045,58,3,66996
12235,3045,95,1,10177
12236,3045,45,2,89685
12237,3045,17,2,32785
12238,3046,84,3,78759
12239,3046,77,4,62543
12240,3046,3,2,92869
12241,3047,16,5,21730
12242,3047,77,1,62543
12243,3047,92,1,43974
12244,3047,71,1,62771
12245,3048,96,5,93706
12246,3048,82,3,40303
12247,3048,98,4,88669
12248,3048,9,4,24385
12249,3049,80,1,14416
12250,3049,41,3,16916
12251,3049,74,4,60296
12252,3049,86,5,33028
12253,3049,50,4,53007
12254,3050,48,2,56186
12255,3050,46,2,39246
12256,3050,30,2,22486
12257,3050,20,4,13940
12258,3050,44,3,55170
12259,3051,7,1,51167
12260,3051,56,2,13545
12261,3051,96,2,93706
12262,3052,4,4,72183
12263,3052,74,1,60296
12264,3052,19,2,24844
12265,3052,90,4,99988
12266,3053,21,5,33591
12267,3053,36,4,50269
12268,3053,23,1,13902
12269,3054,83,5,57341
12270,3054,85,2,49747
12271,3054,2,1,16956
12272,3055,56,3,13545
12273,3055,100,5,55240
12274,3055,2,3,16956
12275,3056,25,4,95530
12276,3056,91,5,87573
12277,3056,22,1,20870
12278,3056,48,1,56186
12279,3056,50,5,53007
12280,3057,2,1,16956
12281,3057,31,4,25080
12282,3057,45,1,89685
12283,3057,82,5,40303
12284,3057,71,4,62771
12285,3058,10,3,15030
12286,3058,74,5,60296
12287,3058,67,1,71990
12288,3058,87,4,47322
12289,3058,96,1,93706
12290,3059,58,5,66996
12291,3059,94,5,54643
12292,3059,28,2,53426
12293,3059,8,1,71394
12294,3060,7,5,51167
12295,3060,67,3,71990
12296,3060,78,3,21761
12297,3060,73,5,58762
12298,3061,42,4,44615
12299,3061,56,1,13545
12300,3061,94,4,54643
12301,3061,78,5,21761
12302,3062,82,3,40303
12303,3062,30,4,22486
12304,3062,48,1,56186
12305,3062,2,4,16956
12306,3063,60,5,91851
12307,3063,46,1,39246
12308,3063,41,5,16916
12309,3064,56,5,13545
12310,3064,50,5,53007
12311,3064,83,4,57341
12312,3064,39,4,30610
12313,3064,21,5,33591
12314,3065,55,4,50282
12315,3065,25,5,95530
12316,3065,43,4,37544
12317,3065,1,5,77345
12318,3066,60,3,91851
12319,3066,15,1,59265
12320,3066,25,5,95530
12321,3066,86,3,33028
12322,3067,66,3,21309
12323,3067,27,2,85161
12324,3067,83,3,57341
12325,3068,26,3,47395
12326,3068,25,5,95530
12327,3068,12,2,31257
12328,3069,4,4,72183
12329,3069,41,2,16916
12330,3069,63,4,59829
12331,3069,65,4,95196
12332,3069,70,1,16773
12333,3070,88,2,82751
12334,3070,3,2,92869
12335,3070,28,5,53426
12336,3071,66,1,21309
12337,3071,89,4,99643
12338,3071,26,4,47395
12339,3071,9,4,24385
12340,3072,48,4,56186
12341,3072,11,4,42580
12342,3072,5,4,35124
12343,3072,34,4,71809
12344,3073,72,2,53594
12345,3073,13,4,60825
12346,3073,53,2,58950
12347,3073,85,5,49747
12348,3074,99,2,64203
12349,3074,92,5,43974
12350,3074,56,4,13545
12351,3075,71,3,62771
12352,3075,43,3,37544
12353,3075,84,4,78759
12354,3076,67,4,71990
12355,3076,92,2,43974
12356,3076,93,3,25266
12357,3077,6,2,23328
12358,3077,70,2,16773
12359,3077,47,2,38951
12360,3078,22,4,20870
12361,3078,62,3,39951
12362,3078,16,2,21730
12363,3079,77,5,62543
12364,3079,71,4,62771
12365,3079,62,2,39951
12366,3080,40,4,63117
12367,3080,4,5,72183
12368,3080,24,3,96972
12369,3080,99,4,64203
12370,3081,24,2,96972
12371,3081,23,4,13902
12372,3081,61,5,83461
12373,3081,32,5,82134
12374,3082,45,2,89685
12375,3082,92,1,43974
12376,3082,100,3,55240
12377,3083,95,3,10177
12378,3083,93,5,25266
12379,3083,72,2,53594
12380,3083,91,2,87573
12381,3083,85,3,49747
12382,3084,7,2,51167
12383,3084,28,5,53426
12384,3084,50,1,53007
12385,3084,59,3,68303
12386,3084,10,4,15030
12387,3085,84,3,78759
12388,3085,81,5,69446
12389,3085,25,3,95530
12390,3086,64,5,18863
12391,3086,91,1,87573
12392,3086,79,5,37051
12393,3086,84,3,78759
12394,3086,7,5,51167
12395,3087,70,5,16773
12396,3087,79,2,37051
12397,3087,85,5,49747
12398,3087,27,2,85161
12399,3088,27,2,85161
12400,3088,15,2,59265
12401,3088,65,1,95196
12402,3088,29,1,27367
12403,3088,32,1,82134
12404,3089,31,3,25080
12405,3089,95,2,10177
12406,3089,52,1,47423
12407,3090,22,1,20870
12408,3090,20,5,13940
12409,3090,48,1,56186
12410,3090,82,4,40303
12411,3090,26,5,47395
12412,3091,48,2,56186
12413,3091,33,1,67163
12414,3091,38,4,89599
12415,3092,98,2,88669
12416,3092,63,3,59829
12417,3092,80,4,14416
12418,3092,14,5,61112
12419,3092,15,1,59265
12420,3093,92,3,43974
12421,3093,50,3,53007
12422,3093,40,3,63117
12423,3094,59,2,68303
12424,3094,49,4,86790
12425,3094,5,5,35124
12426,3094,11,5,42580
12427,3095,60,4,91851
12428,3095,48,2,56186
12429,3095,40,4,63117
12430,3095,24,5,96972
12431,3096,67,5,71990
12432,3096,56,2,13545
12433,3096,71,4,62771
12434,3096,27,1,85161
12435,3096,93,5,25266
12436,3097,30,2,22486
12437,3097,85,5,49747
12438,3097,53,5,58950
12439,3097,94,3,54643
12440,3097,59,3,68303
12441,3098,87,3,47322
12442,3098,56,1,13545
12443,3098,43,1,37544
12444,3098,23,4,13902
12445,3099,5,1,35124
12446,3099,26,4,47395
12447,3099,43,1,37544
12448,3099,15,4,59265
12449,3100,55,5,50282
12450,3100,24,2,96972
12451,3100,46,2,39246
12452,3100,83,4,57341
12453,3100,17,3,32785
12454,3101,21,3,33591
12455,3101,12,2,31257
12456,3101,28,1,53426
12457,3101,14,4,61112
12458,3101,31,3,25080
12459,3102,20,1,13940
12460,3102,35,4,27106
12461,3102,70,2,16773
12462,3103,96,2,93706
12463,3103,17,3,32785
12464,3103,32,5,82134
12465,3103,13,5,60825
12466,3103,72,1,53594
12467,3104,34,3,71809
12468,3104,97,2,24578
12469,3104,42,1,44615
12470,3105,98,5,88669
12471,3105,62,1,39951
12472,3105,31,1,25080
12473,3105,16,4,21730
12474,3106,66,2,21309
12475,3106,73,2,58762
12476,3106,94,2,54643
12477,3106,68,4,92995
12478,3106,28,1,53426
12479,3107,53,4,58950
12480,3107,4,1,72183
12481,3107,73,1,58762
12482,3108,24,2,96972
12483,3108,98,1,88669
12484,3108,61,5,83461
12485,3108,38,2,89599
12486,3109,45,4,89685
12487,3109,17,4,32785
12488,3109,5,1,35124
12489,3110,26,4,47395
12490,3110,94,1,54643
12491,3110,70,1,16773
12492,3111,73,1,58762
12493,3111,81,4,69446
12494,3111,64,1,18863
12495,3111,93,4,25266
12496,3112,94,4,54643
12497,3112,1,4,77345
12498,3112,93,1,25266
12499,3112,46,5,39246
12500,3113,24,4,96972
12501,3113,2,3,16956
12502,3113,46,3,39246
12503,3113,57,4,87341
12504,3114,88,4,82751
12505,3114,56,1,13545
12506,3114,69,5,66333
12507,3114,78,5,21761
12508,3114,8,2,71394
12509,3115,99,3,64203
12510,3115,98,2,88669
12511,3115,79,2,37051
12512,3116,33,2,67163
12513,3116,21,2,33591
12514,3116,83,3,57341
12515,3117,9,4,24385
12516,3117,61,3,83461
12517,3117,78,4,21761
12518,3117,94,5,54643
12519,3118,17,3,32785
12520,3118,51,5,22310
12521,3118,23,4,13902
12522,3118,88,2,82751
12523,3118,20,2,13940
12524,3119,35,4,27106
12525,3119,93,3,25266
12526,3119,71,2,62771
12527,3120,77,2,62543
12528,3120,72,3,53594
12529,3120,83,5,57341
12530,3121,92,1,43974
12531,3121,13,5,60825
12532,3121,59,5,68303
12533,3122,77,4,62543
12534,3122,39,3,30610
12535,3122,84,3,78759
12536,3122,64,5,18863
12537,3122,68,2,92995
12538,3123,3,1,92869
12539,3123,4,3,72183
12540,3123,84,1,78759
12541,3123,69,2,66333
12542,3123,59,4,68303
12543,3124,33,1,67163
12544,3124,14,4,61112
12545,3124,56,1,13545
12546,3124,53,3,58950
12547,3125,86,4,33028
12548,3125,46,4,39246
12549,3125,18,4,49881
12550,3125,52,4,47423
12551,3125,83,3,57341
12552,3126,73,2,58762
12553,3126,63,3,59829
12554,3126,43,4,37544
12555,3126,38,3,89599
12556,3126,16,1,21730
12557,3127,32,1,82134
12558,3127,36,4,50269
12559,3127,96,2,93706
12560,3127,3,1,92869
12561,3127,6,1,23328
12562,3128,25,1,95530
12563,3128,68,1,92995
12564,3128,71,5,62771
12565,3128,14,3,61112
12566,3129,50,1,53007
12567,3129,79,1,37051
12568,3129,76,5,95956
12569,3130,79,2,37051
12570,3130,61,3,83461
12571,3130,87,4,47322
12572,3130,32,2,82134
12573,3130,26,5,47395
12574,3131,8,4,71394
12575,3131,96,4,93706
12576,3131,53,1,58950
12577,3131,100,3,55240
12578,3131,36,3,50269
12579,3132,94,2,54643
12580,3132,4,4,72183
12581,3132,34,4,71809
12582,3133,40,5,63117
12583,3133,56,5,13545
12584,3133,97,1,24578
12585,3133,20,1,13940
12586,3133,69,2,66333
12587,3134,64,2,18863
12588,3134,76,3,95956
12589,3134,53,3,58950
12590,3135,60,1,91851
12591,3135,77,3,62543
12592,3135,99,4,64203
12593,3135,57,1,87341
12594,3136,44,5,55170
12595,3136,20,3,13940
12596,3136,71,1,62771
12597,3136,39,2,30610
12598,3137,69,3,66333
12599,3137,7,3,51167
12600,3137,42,5,44615
12601,3137,36,4,50269
12602,3137,58,2,66996
12603,3138,58,3,66996
12604,3138,93,4,25266
12605,3138,10,2,15030
12606,3139,66,1,21309
12607,3139,52,4,47423
12608,3139,30,4,22486
12609,3140,86,4,33028
12610,3140,31,5,25080
12611,3140,49,3,86790
12612,3141,67,3,71990
12613,3141,24,1,96972
12614,3141,89,5,99643
12615,3141,16,3,21730
12616,3141,45,2,89685
12617,3142,74,4,60296
12618,3142,51,4,22310
12619,3142,37,2,31314
12620,3142,38,3,89599
12621,3142,33,4,67163
12622,3143,2,5,16956
12623,3143,28,4,53426
12624,3143,73,1,58762
12625,3143,34,1,71809
12626,3144,10,2,15030
12627,3144,88,5,82751
12628,3144,50,1,53007
12629,3144,57,5,87341
12630,3145,42,3,44615
12631,3145,21,3,33591
12632,3145,4,4,72183
12633,3145,8,3,71394
12634,3146,43,1,37544
12635,3146,11,2,42580
12636,3146,18,4,49881
12637,3146,37,5,31314
12638,3146,3,4,92869
12639,3147,92,4,43974
12640,3147,72,2,53594
12641,3147,95,1,10177
12642,3147,9,2,24385
12643,3148,87,3,47322
12644,3148,37,5,31314
12645,3148,40,2,63117
12646,3148,77,4,62543
12647,3148,100,1,55240
12648,3149,50,5,53007
12649,3149,68,5,92995
12650,3149,38,4,89599
12651,3149,14,5,61112
12652,3149,59,3,68303
12653,3150,32,2,82134
12654,3150,33,2,67163
12655,3150,21,3,33591
12656,3150,40,5,63117
12657,3151,47,5,38951
12658,3151,77,5,62543
12659,3151,67,1,71990
12660,3152,52,1,47423
12661,3152,8,2,71394
12662,3152,17,3,32785
12663,3153,76,3,95956
12664,3153,47,1,38951
12665,3153,34,3,71809
12666,3153,27,2,85161
12667,3154,60,2,91851
12668,3154,3,3,92869
12669,3154,72,2,53594
12670,3154,71,5,62771
12671,3155,24,1,96972
12672,3155,78,1,21761
12673,3155,34,2,71809
12674,3155,69,1,66333
12675,3156,42,1,44615
12676,3156,17,5,32785
12677,3156,83,5,57341
12678,3156,38,2,89599
12679,3156,8,5,71394
12680,3157,89,2,99643
12681,3157,83,3,57341
12682,3157,2,3,16956
12683,3158,13,4,60825
12684,3158,4,3,72183
12685,3158,40,5,63117
12686,3158,87,5,47322
12687,3159,20,3,13940
12688,3159,4,1,72183
12689,3159,65,3,95196
12690,3159,80,4,14416
12691,3159,31,2,25080
12692,3160,48,4,56186
12693,3160,56,3,13545
12694,3160,92,3,43974
12695,3160,74,2,60296
12696,3160,8,2,71394
12697,3161,86,3,33028
12698,3161,57,4,87341
12699,3161,11,1,42580
12700,3161,56,2,13545
12701,3162,92,2,43974
12702,3162,44,1,55170
12703,3162,65,4,95196
12704,3162,28,3,53426
12705,3162,29,2,27367
12706,3163,62,1,39951
12707,3163,51,2,22310
12708,3163,59,3,68303
12709,3163,79,1,37051
12710,3164,84,4,78759
12711,3164,49,5,86790
12712,3164,52,4,47423
12713,3164,18,1,49881
12714,3165,63,2,59829
12715,3165,27,4,85161
12716,3165,21,5,33591
12717,3166,97,4,24578
12718,3166,96,3,93706
12719,3166,22,3,20870
12720,3166,79,1,37051
12721,3167,89,2,99643
12722,3167,46,3,39246
12723,3167,86,4,33028
12724,3168,34,3,71809
12725,3168,73,2,58762
12726,3168,58,1,66996
12727,3168,14,1,61112
12728,3168,3,4,92869
12729,3169,15,4,59265
12730,3169,79,2,37051
12731,3169,47,2,38951
12732,3169,59,3,68303
12733,3169,45,5,89685
12734,3170,21,5,33591
12735,3170,67,2,71990
12736,3170,29,3,27367
12737,3170,100,4,55240
12738,3171,48,4,56186
12739,3171,95,1,10177
12740,3171,52,5,47423
12741,3171,21,2,33591
12742,3171,5,1,35124
12743,3172,84,3,78759
12744,3172,78,4,21761
12745,3172,74,1,60296
12746,3172,80,4,14416
12747,3173,26,2,47395
12748,3173,53,1,58950
12749,3173,56,1,13545
12750,3173,97,5,24578
12751,3174,37,4,31314
12752,3174,43,2,37544
12753,3174,40,3,63117
12754,3174,79,5,37051
12755,3174,59,2,68303
12756,3175,3,1,92869
12757,3175,15,1,59265
12758,3175,61,3,83461
12759,3176,44,1,55170
12760,3176,64,4,18863
12761,3176,10,1,15030
12762,3176,27,4,85161
12763,3177,45,5,89685
12764,3177,99,4,64203
12765,3177,20,5,13940
12766,3177,11,4,42580
12767,3177,21,3,33591
12768,3178,74,3,60296
12769,3178,10,5,15030
12770,3178,50,2,53007
12771,3178,56,3,13545
12772,3179,40,3,63117
12773,3179,60,2,91851
12774,3179,78,4,21761
12775,3179,7,4,51167
12776,3180,71,5,62771
12777,3180,43,2,37544
12778,3180,13,2,60825
12779,3180,94,2,54643
12780,3181,80,1,14416
12781,3181,73,5,58762
12782,3181,67,4,71990
12783,3182,93,3,25266
12784,3182,4,2,72183
12785,3182,41,1,16916
12786,3183,43,3,37544
12787,3183,26,4,47395
12788,3183,14,1,61112
12789,3183,39,2,30610
12790,3183,61,3,83461
12791,3184,37,3,31314
12792,3184,25,2,95530
12793,3184,60,1,91851
12794,3185,7,5,51167
12795,3185,47,4,38951
12796,3185,97,3,24578
12797,3185,38,5,89599
12798,3185,100,3,55240
12799,3186,59,4,68303
12800,3186,2,2,16956
12801,3186,64,3,18863
12802,3187,79,4,37051
12803,3187,24,4,96972
12804,3187,43,1,37544
12805,3187,22,2,20870
12806,3187,73,5,58762
12807,3188,37,2,31314
12808,3188,9,4,24385
12809,3188,32,2,82134
12810,3188,51,4,22310
12811,3189,7,2,51167
12812,3189,23,2,13902
12813,3189,69,2,66333
12814,3190,67,5,71990
12815,3190,33,5,67163
12816,3190,69,1,66333
12817,3190,1,1,77345
12818,3191,100,5,55240
12819,3191,19,3,24844
12820,3191,12,4,31257
12821,3192,26,4,47395
12822,3192,16,4,21730
12823,3192,47,2,38951
12824,3193,37,4,31314
12825,3193,75,3,31489
12826,3193,36,1,50269
12827,3193,80,4,14416
12828,3194,67,1,71990
12829,3194,15,1,59265
12830,3194,99,1,64203
12831,3195,22,5,20870
12832,3195,71,5,62771
12833,3195,74,4,60296
12834,3195,37,3,31314
12835,3196,97,5,24578
12836,3196,22,4,20870
12837,3196,11,1,42580
12838,3197,61,2,83461
12839,3197,90,3,99988
12840,3197,85,1,49747
12841,3198,88,2,82751
12842,3198,25,2,95530
12843,3198,27,3,85161
12844,3198,84,5,78759
12845,3199,65,1,95196
12846,3199,5,1,35124
12847,3199,100,4,55240
12848,3199,99,3,64203
12849,3200,22,1,20870
12850,3200,13,1,60825
12851,3200,29,5,27367
12852,3201,39,3,30610
12853,3201,51,4,22310
12854,3201,64,4,18863
12855,3201,68,4,92995
12856,3201,96,1,93706
12857,3202,9,4,24385
12858,3202,74,1,60296
12859,3202,45,4,89685
12860,3202,15,2,59265
12861,3203,79,4,37051
12862,3203,25,3,95530
12863,3203,39,1,30610
12864,3203,49,2,86790
12865,3204,67,2,71990
12866,3204,26,2,47395
12867,3204,15,5,59265
12868,3204,78,2,21761
12869,3205,11,2,42580
12870,3205,54,3,55716
12871,3205,22,2,20870
12872,3205,91,1,87573
12873,3205,64,3,18863
12874,3206,92,3,43974
12875,3206,1,4,77345
12876,3206,65,1,95196
12877,3206,35,1,27106
12878,3206,21,5,33591
12879,3207,74,2,60296
12880,3207,62,2,39951
12881,3207,34,2,71809
12882,3208,89,2,99643
12883,3208,25,1,95530
12884,3208,26,4,47395
12885,3208,97,1,24578
12886,3209,15,5,59265
12887,3209,92,2,43974
12888,3209,66,2,21309
12889,3209,53,2,58950
12890,3210,70,4,16773
12891,3210,76,4,95956
12892,3210,69,4,66333
12893,3210,23,5,13902
12894,3211,73,5,58762
12895,3211,14,2,61112
12896,3211,31,2,25080
12897,3212,68,2,92995
12898,3212,63,2,59829
12899,3212,57,1,87341
12900,3212,15,4,59265
12901,3212,85,3,49747
12902,3213,94,1,54643
12903,3213,84,2,78759
12904,3213,14,1,61112
12905,3214,87,2,47322
12906,3214,97,4,24578
12907,3214,65,5,95196
12908,3214,35,3,27106
12909,3215,21,4,33591
12910,3215,64,3,18863
12911,3215,8,5,71394
12912,3216,63,2,59829
12913,3216,69,4,66333
12914,3216,66,1,21309
12915,3217,97,4,24578
12916,3217,80,4,14416
12917,3217,82,5,40303
12918,3218,44,2,55170
12919,3218,99,5,64203
12920,3218,78,2,21761
12921,3218,87,1,47322
12922,3219,95,5,10177
12923,3219,61,5,83461
12924,3219,44,3,55170
12925,3220,77,3,62543
12926,3220,42,4,44615
12927,3220,81,3,69446
12928,3220,40,2,63117
12929,3220,34,5,71809
12930,3221,23,2,13902
12931,3221,47,5,38951
12932,3221,16,1,21730
12933,3221,58,5,66996
12934,3222,79,5,37051
12935,3222,4,4,72183
12936,3222,57,3,87341
12937,3222,9,3,24385
12938,3223,65,3,95196
12939,3223,39,4,30610
12940,3223,31,5,25080
12941,3224,85,5,49747
12942,3224,31,2,25080
12943,3224,35,5,27106
12944,3224,55,5,50282
12945,3224,49,4,86790
12946,3225,45,4,89685
12947,3225,71,4,62771
12948,3225,97,1,24578
12949,3225,46,1,39246
12950,3226,31,2,25080
12951,3226,39,2,30610
12952,3226,12,3,31257
12953,3226,37,3,31314
12954,3227,90,4,99988
12955,3227,44,3,55170
12956,3227,84,1,78759
12957,3227,81,2,69446
12958,3227,46,3,39246
12959,3228,10,5,15030
12960,3228,87,3,47322
12961,3228,71,2,62771
12962,3228,4,5,72183
12963,3229,80,5,14416
12964,3229,23,3,13902
12965,3229,41,2,16916
12966,3230,100,5,55240
12967,3230,74,5,60296
12968,3230,23,2,13902
12969,3230,53,5,58950
12970,3230,16,4,21730
12971,3231,75,1,31489
12972,3231,47,1,38951
12973,3231,81,1,69446
12974,3231,79,5,37051
12975,3231,27,3,85161
12976,3232,32,1,82134
12977,3232,38,2,89599
12978,3232,75,2,31489
12979,3232,51,4,22310
12980,3232,94,1,54643
12981,3233,48,2,56186
12982,3233,99,4,64203
12983,3233,44,4,55170
12984,3234,9,4,24385
12985,3234,3,5,92869
12986,3234,64,1,18863
12987,3235,19,4,24844
12988,3235,36,2,50269
12989,3235,2,3,16956
12990,3236,35,3,27106
12991,3236,49,4,86790
12992,3236,19,4,24844
12993,3236,30,4,22486
12994,3237,94,2,54643
12995,3237,56,1,13545
12996,3237,92,5,43974
12997,3237,99,4,64203
12998,3237,82,4,40303
12999,3238,71,2,62771
13000,3238,54,1,55716
13001,3238,62,5,39951
13002,3238,78,3,21761
13003,3239,66,3,21309
13004,3239,38,3,89599
13005,3239,43,1,37544
13006,3239,31,3,25080
13007,3240,84,2,78759
13008,3240,81,3,69446
13009,3240,89,5,99643
13010,3241,34,2,71809
13011,3241,63,5,59829
13012,3241,95,1,10177
13013,3242,72,2,53594
13014,3242,28,1,53426
13015,3242,90,2,99988
13016,3242,35,5,27106
13017,3242,84,4,78759
13018,3243,26,5,47395
13019,3243,66,3,21309
13020,3243,88,4,82751
13021,3243,41,5,16916
13022,3244,73,3,58762
13023,3244,16,2,21730
13024,3244,76,4,95956
13025,3244,87,4,47322
13026,3245,32,2,82134
13027,3245,34,2,71809
13028,3245,12,1,31257
13029,3245,96,3,93706
13030,3246,79,3,37051
13031,3246,5,2,35124
13032,3246,34,1,71809
13033,3247,74,5,60296
13034,3247,25,1,95530
13035,3247,54,3,55716
13036,3248,35,5,27106
13037,3248,88,4,82751
13038,3248,94,5,54643
13039,3248,73,3,58762
13040,3249,14,4,61112
13041,3249,87,3,47322
13042,3249,53,2,58950
13043,3249,90,4,99988
13044,3250,21,2,33591
13045,3250,79,5,37051
13046,3250,26,2,47395
13047,3250,77,3,62543
13048,3250,29,4,27367
13049,3251,78,5,21761
13050,3251,29,2,27367
13051,3251,84,4,78759
13052,3252,30,3,22486
13053,3252,40,4,63117
13054,3252,69,1,66333
13055,3253,67,1,71990
13056,3253,94,3,54643
13057,3253,33,2,67163
13058,3253,43,4,37544
13059,3254,55,2,50282
13060,3254,31,1,25080
13061,3254,81,2,69446
13062,3254,79,5,37051
13063,3255,72,3,53594
13064,3255,33,5,67163
13065,3255,34,4,71809
13066,3255,35,4,27106
13067,3256,69,3,66333
13068,3256,99,2,64203
13069,3256,6,4,23328
13070,3256,61,2,83461
13071,3257,46,2,39246
13072,3257,55,5,50282
13073,3257,17,3,32785
13074,3258,14,1,61112
13075,3258,93,3,25266
13076,3258,61,2,83461
13077,3258,56,2,13545
13078,3259,94,4,54643
13079,3259,47,1,38951
13080,3259,86,1,33028
13081,3259,64,2,18863
13082,3260,4,3,72183
13083,3260,37,2,31314
13084,3260,69,4,66333
13085,3261,90,5,99988
13086,3261,31,2,25080
13087,3261,98,3,88669
13088,3261,100,2,55240
13089,3262,4,2,72183
13090,3262,59,2,68303
13091,3262,24,5,96972
13092,3262,14,5,61112
13093,3263,49,5,86790
13094,3263,24,4,96972
13095,3263,3,3,92869
13096,3263,43,4,37544
13097,3264,98,2,88669
13098,3264,54,4,55716
13099,3264,37,2,31314
13100,3264,45,5,89685
13101,3264,58,5,66996
13102,3265,56,5,13545
13103,3265,65,5,95196
13104,3265,8,5,71394
13105,3266,80,1,14416
13106,3266,51,5,22310
13107,3266,13,2,60825
13108,3266,85,4,49747
13109,3266,60,2,91851
13110,3267,90,1,99988
13111,3267,4,3,72183
13112,3267,7,1,51167
13113,3267,68,3,92995
13114,3267,83,5,57341
13115,3268,77,1,62543
13116,3268,57,4,87341
13117,3268,78,2,21761
13118,3268,39,3,30610
13119,3269,63,2,59829
13120,3269,67,3,71990
13121,3269,93,3,25266
13122,3270,94,3,54643
13123,3270,85,3,49747
13124,3270,83,2,57341
13125,3270,36,3,50269
13126,3271,24,3,96972
13127,3271,61,4,83461
13128,3271,95,1,10177
13129,3271,5,1,35124
13130,3271,72,1,53594
13131,3272,92,4,43974
13132,3272,98,4,88669
13133,3272,7,1,51167
13134,3272,13,2,60825
13135,3273,23,2,13902
13136,3273,27,3,85161
13137,3273,13,1,60825
13138,3273,39,5,30610
13139,3273,3,1,92869
13140,3274,18,2,49881
13141,3274,42,1,44615
13142,3274,13,5,60825
13143,3274,15,4,59265
13144,3275,75,4,31489
13145,3275,76,1,95956
13146,3275,68,2,92995
13147,3275,24,5,96972
13148,3275,34,5,71809
13149,3276,69,4,66333
13150,3276,13,4,60825
13151,3276,30,2,22486
13152,3276,32,2,82134
13153,3277,18,4,49881
13154,3277,47,2,38951
13155,3277,34,1,71809
13156,3278,80,2,14416
13157,3278,25,5,95530
13158,3278,43,3,37544
13159,3279,58,1,66996
13160,3279,2,4,16956
13161,3279,35,5,27106
13162,3279,50,3,53007
13163,3279,22,5,20870
13164,3280,89,5,99643
13165,3280,47,1,38951
13166,3280,5,4,35124
13167,3280,29,4,27367
13168,3281,52,3,47423
13169,3281,14,1,61112
13170,3281,81,3,69446
13171,3282,46,3,39246
13172,3282,58,2,66996
13173,3282,28,5,53426
13174,3282,88,3,82751
13175,3282,56,1,13545
13176,3283,95,1,10177
13177,3283,47,3,38951
13178,3283,86,3,33028
13179,3283,77,2,62543
13180,3284,33,5,67163
13181,3284,68,2,92995
13182,3284,89,4,99643
13183,3285,81,2,69446
13184,3285,100,1,55240
13185,3285,93,1,25266
13186,3285,12,1,31257
13187,3285,40,1,63117
13188,3286,61,3,83461
13189,3286,28,5,53426
13190,3286,19,3,24844
13191,3286,23,1,13902
13192,3286,64,5,18863
13193,3287,42,5,44615
13194,3287,54,3,55716
13195,3287,5,1,35124
13196,3287,62,3,39951
13197,3288,61,4,83461
13198,3288,86,2,33028
13199,3288,90,4,99988
13200,3288,85,3,49747
13201,3289,50,5,53007
13202,3289,23,4,13902
13203,3289,62,2,39951
13204,3289,6,1,23328
13205,3290,52,4,47423
13206,3290,2,5,16956
13207,3290,70,1,16773
13208,3290,79,1,37051
13209,3290,18,5,49881
13210,3291,90,2,99988
13211,3291,29,5,27367
13212,3291,63,4,59829
13213,3291,46,5,39246
13214,3291,59,1,68303
13215,3292,43,1,37544
13216,3292,45,2,89685
13217,3292,48,2,56186
13218,3292,5,5,35124
13219,3292,73,2,58762
13220,3293,38,1,89599
13221,3293,24,5,96972
13222,3293,76,1,95956
13223,3293,66,5,21309
13224,3293,6,5,23328
13225,3294,44,1,55170
13226,3294,93,4,25266
13227,3294,78,2,21761
13228,3295,96,1,93706
13229,3295,28,1,53426
13230,3295,70,4,16773
13231,3296,72,5,53594
13232,3296,11,5,42580
13233,3296,13,2,60825
13234,3297,51,4,22310
13235,3297,30,3,22486
13236,3297,5,3,35124
13237,3297,48,3,56186
13238,3298,14,5,61112
13239,3298,52,4,47423
13240,3298,30,4,22486
13241,3299,98,1,88669
13242,3299,13,2,60825
13243,3299,5,5,35124
13244,3300,78,1,21761
13245,3300,48,1,56186
13246,3300,50,5,53007
13247,3300,55,3,50282
13248,3300,90,2,99988
13249,3301,72,5,53594
13250,3301,43,1,37544
13251,3301,42,2,44615
13252,3302,40,4,63117
13253,3302,87,2,47322
13254,3302,90,5,99988
13255,3302,60,3,91851
13256,3302,6,2,23328
13257,3303,93,1,25266
13258,3303,46,5,39246
13259,3303,61,1,83461
13260,3303,42,4,44615
13261,3303,89,2,99643
13262,3304,42,3,44615
13263,3304,20,5,13940
13264,3304,66,2,21309
13265,3304,15,4,59265
13266,3304,29,1,27367
13267,3305,55,1,50282
13268,3305,57,1,87341
13269,3305,40,5,63117
13270,3305,26,4,47395
13271,3305,17,1,32785
13272,3306,97,1,24578
13273,3306,49,5,86790
13274,3306,43,2,37544
13275,3306,83,1,57341
13276,3307,1,2,77345
13277,3307,33,3,67163
13278,3307,46,4,39246
13279,3307,51,2,22310
13280,3308,22,1,20870
13281,3308,31,5,25080
13282,3308,93,3,25266
13283,3308,46,2,39246
13284,3309,1,1,77345
13285,3309,68,3,92995
13286,3309,98,4,88669
13287,3309,76,5,95956
13288,3309,37,5,31314
13289,3310,23,2,13902
13290,3310,20,3,13940
13291,3310,65,4,95196
13292,3311,80,5,14416
13293,3311,8,4,71394
13294,3311,69,3,66333
13295,3312,42,3,44615
13296,3312,82,5,40303
13297,3312,9,4,24385
13298,3312,54,5,55716
13299,3312,93,3,25266
13300,3313,84,3,78759
13301,3313,31,2,25080
13302,3313,52,5,47423
13303,3313,95,4,10177
13304,3314,84,3,78759
13305,3314,76,1,95956
13306,3314,66,1,21309
13307,3314,50,4,53007
13308,3315,48,1,56186
13309,3315,41,2,16916
13310,3315,9,1,24385
13311,3316,82,2,40303
13312,3316,52,5,47423
13313,3316,71,2,62771
13314,3316,8,1,71394
13315,3316,96,4,93706
13316,3317,96,3,93706
13317,3317,18,3,49881
13318,3317,67,4,71990
13319,3317,73,5,58762
13320,3318,82,4,40303
13321,3318,53,1,58950
13322,3318,3,5,92869
13323,3318,2,1,16956
13324,3318,16,4,21730
13325,3319,24,5,96972
13326,3319,97,5,24578
13327,3319,49,2,86790
13328,3320,81,4,69446
13329,3320,39,3,30610
13330,3320,31,2,25080
13331,3321,74,4,60296
13332,3321,89,1,99643
13333,3321,36,3,50269
13334,3321,71,4,62771
13335,3321,66,2,21309
13336,3322,35,2,27106
13337,3322,17,1,32785
13338,3322,29,5,27367
13339,3322,68,4,92995
13340,3322,36,3,50269
13341,3323,57,3,87341
13342,3323,58,3,66996
13343,3323,84,4,78759
13344,3324,5,5,35124
13345,3324,94,2,54643
13346,3324,83,3,57341
13347,3324,42,2,44615
13348,3325,89,3,99643
13349,3325,14,4,61112
13350,3325,20,2,13940
13351,3326,32,5,82134
13352,3326,43,2,37544
13353,3326,36,1,50269
13354,3326,22,5,20870
13355,3326,96,3,93706
13356,3327,42,3,44615
13357,3327,49,4,86790
13358,3327,43,1,37544
13359,3327,4,5,72183
13360,3327,67,5,71990
13361,3328,5,5,35124
13362,3328,47,5,38951
13363,3328,49,5,86790
13364,3328,3,4,92869
13365,3329,72,5,53594
13366,3329,52,3,47423
13367,3329,62,1,39951
13368,3330,63,1,59829
13369,3330,37,3,31314
13370,3330,67,2,71990
13371,3331,38,3,89599
13372,3331,20,3,13940
13373,3331,64,1,18863
13374,3331,100,1,55240
13375,3332,43,1,37544
13376,3332,77,2,62543
13377,3332,70,5,16773
13378,3332,52,1,47423
13379,3333,22,2,20870
13380,3333,65,2,95196
13381,3333,67,4,71990
13382,3334,16,2,21730
13383,3334,59,2,68303
13384,3334,40,3,63117
13385,3335,19,5,24844
13386,3335,96,1,93706
13387,3335,82,5,40303
13388,3335,3,3,92869
13389,3336,9,3,24385
13390,3336,85,3,49747
13391,3336,54,2,55716
13392,3336,91,1,87573
13393,3336,61,3,83461
13394,3337,52,4,47423
13395,3337,74,3,60296
13396,3337,16,4,21730
13397,3337,69,5,66333
13398,3338,3,4,92869
13399,3338,69,3,66333
13400,3338,72,4,53594
13401,3338,31,3,25080
13402,3339,70,5,16773
13403,3339,25,3,95530
13404,3339,59,5,68303
13405,3339,35,5,27106
13406,3339,28,4,53426
13407,3340,11,4,42580
13408,3340,100,5,55240
13409,3340,65,1,95196
13410,3341,6,1,23328
13411,3341,31,4,25080
13412,3341,62,3,39951
13413,3341,9,2,24385
13414,3341,26,2,47395
13415,3342,37,3,31314
13416,3342,1,5,77345
13417,3342,92,3,43974
13418,3342,70,3,16773
13419,3343,94,2,54643
13420,3343,89,2,99643
13421,3343,93,4,25266
13422,3343,24,4,96972
13423,3344,52,1,47423
13424,3344,19,5,24844
13425,3344,99,5,64203
13426,3344,2,1,16956
13427,3344,92,1,43974
13428,3345,10,4,15030
13429,3345,59,3,68303
13430,3345,57,2,87341
13431,3346,31,1,25080
13432,3346,76,3,95956
13433,3346,75,4,31489
13434,3346,78,3,21761
13435,3346,90,2,99988
13436,3347,34,5,71809
13437,3347,64,5,18863
13438,3347,97,5,24578
13439,3348,84,5,78759
13440,3348,99,2,64203
13441,3348,49,4,86790
13442,3349,73,2,58762
13443,3349,35,4,27106
13444,3349,47,1,38951
13445,3349,75,3,31489
13446,3350,40,2,63117
13447,3350,61,2,83461
13448,3350,25,5,95530
13449,3350,94,1,54643
13450,3351,27,5,85161
13451,3351,68,4,92995
13452,3351,64,5,18863
13453,3352,99,1,64203
13454,3352,25,4,95530
13455,3352,1,1,77345
13456,3353,6,5,23328
13457,3353,20,5,13940
13458,3353,22,1,20870
13459,3353,70,5,16773
13460,3354,1,2,77345
13461,3354,75,1,31489
13462,3354,14,1,61112
13463,3355,66,4,21309
13464,3355,84,4,78759
13465,3355,97,2,24578
13466,3355,50,4,53007
13467,3355,100,2,55240
13468,3356,52,5,47423
13469,3356,79,2,37051
13470,3356,96,5,93706
13471,3356,81,4,69446
13472,3356,4,3,72183
13473,3357,22,5,20870
13474,3357,33,4,67163
13475,3357,83,3,57341
13476,3358,99,2,64203
13477,3358,46,1,39246
13478,3358,65,5,95196
13479,3358,55,4,50282
13480,3359,26,3,47395
13481,3359,6,3,23328
13482,3359,69,2,66333
13483,3359,79,5,37051
13484,3359,41,4,16916
13485,3360,15,1,59265
13486,3360,11,1,42580
13487,3360,94,4,54643
13488,3360,28,1,53426
13489,3360,25,1,95530
13490,3361,15,5,59265
13491,3361,54,2,55716
13492,3361,33,2,67163
13493,3362,28,4,53426
13494,3362,9,5,24385
13495,3362,54,1,55716
13496,3362,30,4,22486
13497,3363,53,2,58950
13498,3363,9,3,24385
13499,3363,17,3,32785
13500,3363,67,2,71990
13501,3363,34,3,71809
13502,3364,48,2,56186
13503,3364,84,1,78759
13504,3364,55,4,50282
13505,3364,32,5,82134
13506,3364,59,3,68303
13507,3365,11,3,42580
13508,3365,18,4,49881
13509,3365,79,1,37051
13510,3366,93,2,25266
13511,3366,41,5,16916
13512,3366,65,2,95196
13513,3366,69,1,66333
13514,3367,75,4,31489
13515,3367,50,3,53007
13516,3367,73,5,58762
13517,3367,37,2,31314
13518,3367,59,5,68303
13519,3368,87,2,47322
13520,3368,3,3,92869
13521,3368,76,1,95956
13522,3369,5,5,35124
13523,3369,42,3,44615
13524,3369,3,5,92869
13525,3369,91,4,87573
13526,3370,73,3,58762
13527,3370,72,1,53594
13528,3370,38,2,89599
13529,3370,58,4,66996
13530,3370,66,4,21309
13531,3371,76,5,95956
13532,3371,86,1,33028
13533,3371,42,5,44615
13534,3371,84,5,78759
13535,3372,55,5,50282
13536,3372,56,5,13545
13537,3372,28,1,53426
13538,3373,41,4,16916
13539,3373,56,5,13545
13540,3373,20,3,13940
13541,3374,53,1,58950
13542,3374,14,1,61112
13543,3374,66,4,21309
13544,3374,15,4,59265
13545,3375,5,5,35124
13546,3375,67,1,71990
13547,3375,21,4,33591
13548,3375,96,1,93706
13549,3376,76,3,95956
13550,3376,68,2,92995
13551,3376,6,1,23328
13552,3376,60,3,91851
13553,3377,6,2,23328
13554,3377,23,4,13902
13555,3377,12,2,31257
13556,3377,19,3,24844
13557,3377,64,3,18863
13558,3378,13,3,60825
13559,3378,59,3,68303
13560,3378,10,3,15030
13561,3379,34,4,71809
13562,3379,20,2,13940
13563,3379,77,3,62543
13564,3379,11,3,42580
13565,3379,18,4,49881
13566,3380,48,2,56186
13567,3380,88,3,82751
13568,3380,29,4,27367
13569,3380,5,2,35124
13570,3380,99,2,64203
13571,3381,50,3,53007
13572,3381,54,1,55716
13573,3381,9,3,24385
13574,3381,60,2,91851
13575,3381,34,4,71809
13576,3382,36,1,50269
13577,3382,24,4,96972
13578,3382,37,4,31314
13579,3382,23,4,13902
13580,3382,44,4,55170
13581,3383,75,3,31489
13582,3383,35,3,27106
13583,3383,69,5,66333
13584,3383,93,4,25266
13585,3383,17,5,32785
13586,3384,88,2,82751
13587,3384,96,4,93706
13588,3384,14,2,61112
13589,3385,59,3,68303
13590,3385,37,3,31314
13591,3385,55,2,50282
13592,3385,97,5,24578
13593,3385,4,1,72183
13594,3386,6,4,23328
13595,3386,53,3,58950
13596,3386,4,4,72183
13597,3387,16,4,21730
13598,3387,56,3,13545
13599,3387,73,5,58762
13600,3387,62,2,39951
13601,3387,11,3,42580
13602,3388,75,2,31489
13603,3388,19,5,24844
13604,3388,98,1,88669
13605,3389,79,5,37051
13606,3389,64,1,18863
13607,3389,16,1,21730
13608,3389,38,5,89599
13609,3389,17,5,32785
13610,3390,36,2,50269
13611,3390,35,2,27106
13612,3390,72,1,53594
13613,3391,42,3,44615
13614,3391,48,3,56186
13615,3391,32,5,82134
13616,3391,59,2,68303
13617,3391,76,3,95956
13618,3392,66,1,21309
13619,3392,54,5,55716
13620,3392,49,4,86790
13621,3393,87,5,47322
13622,3393,74,1,60296
13623,3393,1,5,77345
13624,3393,4,3,72183
13625,3393,63,5,59829
13626,3394,27,1,85161
13627,3394,14,5,61112
13628,3394,51,2,22310
13629,3394,9,4,24385
13630,3394,90,2,99988
13631,3395,45,5,89685
13632,3395,22,3,20870
13633,3395,74,3,60296
13634,3395,95,1,10177
13635,3395,21,5,33591
13636,3396,33,4,67163
13637,3396,41,4,16916
13638,3396,36,3,50269
13639,3396,52,1,47423
13640,3396,24,4,96972
13641,3397,6,3,23328
13642,3397,71,4,62771
13643,3397,28,3,53426
13644,3397,79,1,37051
13645,3398,27,3,85161
13646,3398,96,2,93706
13647,3398,48,2,56186
13648,3399,75,4,31489
13649,3399,83,5,57341
13650,3399,47,1,38951
13651,3399,18,4,49881
13652,3399,11,2,42580
13653,3400,83,5,57341
13654,3400,36,3,50269
13655,3400,13,3,60825
13656,3400,29,2,27367
13657,3401,41,3,16916
13658,3401,33,3,67163
13659,3401,46,3,39246
13660,3402,66,4,21309
13661,3402,4,3,72183
13662,3402,89,4,99643
13663,3402,49,5,86790
13664,3402,48,3,56186
13665,3403,3,2,92869
13666,3403,26,3,47395
13667,3403,55,5,50282
13668,3403,91,4,87573
13669,3404,2,4,16956
13670,3404,38,3,89599
13671,3404,56,5,13545
13672,3404,24,4,96972
13673,3405,74,1,60296
13674,3405,55,1,50282
13675,3405,82,4,40303
13676,3405,33,2,67163
13677,3405,46,5,39246
13678,3406,100,4,55240
13679,3406,44,3,55170
13680,3406,63,3,59829
13681,3406,77,1,62543
13682,3406,87,2,47322
13683,3407,94,5,54643
13684,3407,90,2,99988
13685,3407,84,5,78759
13686,3407,29,5,27367
13687,3407,37,1,31314
13688,3408,99,4,64203
13689,3408,26,4,47395
13690,3408,24,3,96972
13691,3408,5,2,35124
13692,3409,75,1,31489
13693,3409,80,3,14416
13694,3409,32,3,82134
13695,3409,4,2,72183
13696,3409,37,3,31314
13697,3410,57,2,87341
13698,3410,75,5,31489
13699,3410,100,3,55240
13700,3410,85,3,49747
13701,3410,22,4,20870
13702,3411,21,5,33591
13703,3411,1,4,77345
13704,3411,16,2,21730
13705,3412,85,1,49747
13706,3412,4,4,72183
13707,3412,100,5,55240
13708,3413,42,3,44615
13709,3413,37,4,31314
13710,3413,41,5,16916
13711,3413,79,5,37051
13712,3413,29,5,27367
13713,3414,30,4,22486
13714,3414,26,5,47395
13715,3414,29,1,27367
13716,3414,49,1,86790
13717,3414,65,3,95196
13718,3415,41,4,16916
13719,3415,80,3,14416
13720,3415,95,4,10177
13721,3415,48,5,56186
13722,3415,76,3,95956
13723,3416,63,4,59829
13724,3416,69,3,66333
13725,3416,38,4,89599
13726,3416,10,5,15030
13727,3417,96,3,93706
13728,3417,89,5,99643
13729,3417,90,5,99988
13730,3418,83,2,57341
13731,3418,67,2,71990
13732,3418,75,4,31489
13733,3418,46,5,39246
13734,3418,26,2,47395
13735,3419,47,3,38951
13736,3419,91,3,87573
13737,3419,71,2,62771
13738,3419,10,1,15030
13739,3419,38,3,89599
13740,3420,59,1,68303
13741,3420,96,3,93706
13742,3420,82,1,40303
13743,3420,73,5,58762
13744,3421,52,2,47423
13745,3421,86,1,33028
13746,3421,51,2,22310
13747,3421,80,2,14416
13748,3421,24,2,96972
13749,3422,88,2,82751
13750,3422,64,3,18863
13751,3422,47,3,38951
13752,3423,10,4,15030
13753,3423,28,5,53426
13754,3423,57,3,87341
13755,3424,80,5,14416
13756,3424,41,4,16916
13757,3424,23,1,13902
13758,3425,27,4,85161
13759,3425,60,5,91851
13760,3425,46,1,39246
13761,3426,57,2,87341
13762,3426,3,5,92869
13763,3426,4,5,72183
13764,3426,77,1,62543
13765,3427,78,5,21761
13766,3427,10,3,15030
13767,3427,7,2,51167
13768,3427,81,4,69446
13769,3428,48,1,56186
13770,3428,12,5,31257
13771,3428,34,1,71809
13772,3428,50,2,53007
13773,3428,28,2,53426
13774,3429,86,2,33028
13775,3429,62,2,39951
13776,3429,56,5,13545
13777,3429,87,1,47322
13778,3429,2,2,16956
13779,3430,52,5,47423
13780,3430,14,2,61112
13781,3430,50,5,53007
13782,3430,94,1,54643
13783,3430,56,5,13545
13784,3431,17,3,32785
13785,3431,70,2,16773
13786,3431,85,5,49747
13787,3431,57,4,87341
13788,3432,89,3,99643
13789,3432,96,5,93706
13790,3432,22,3,20870
13791,3432,44,2,55170
13792,3433,96,1,93706
13793,3433,84,1,78759
13794,3433,27,5,85161
13795,3434,73,4,58762
13796,3434,17,3,32785
13797,3434,62,3,39951
13798,3434,61,4,83461
13799,3434,6,5,23328
13800,3435,34,3,71809
13801,3435,62,1,39951
13802,3435,6,1,23328
13803,3435,75,2,31489
13804,3436,84,2,78759
13805,3436,44,1,55170
13806,3436,53,2,58950
13807,3436,41,3,16916
13808,3436,17,3,32785
13809,3437,14,4,61112
13810,3437,6,2,23328
13811,3437,88,4,82751
13812,3438,7,1,51167
13813,3438,45,5,89685
13814,3438,87,3,47322
13815,3438,75,1,31489
13816,3439,92,2,43974
13817,3439,58,4,66996
13818,3439,100,5,55240
13819,3439,78,2,21761
13820,3440,43,5,37544
13821,3440,45,5,89685
13822,3440,73,2,58762
13823,3440,4,4,72183
13824,3440,42,2,44615
13825,3441,95,3,10177
13826,3441,11,2,42580
13827,3441,46,2,39246
13828,3442,72,3,53594
13829,3442,44,5,55170
13830,3442,76,5,95956
13831,3443,20,4,13940
13832,3443,29,5,27367
13833,3443,94,4,54643
13834,3443,42,2,44615
13835,3443,55,1,50282
13836,3444,97,2,24578
13837,3444,9,4,24385
13838,3444,3,3,92869
13839,3444,2,4,16956
13840,3445,40,2,63117
13841,3445,12,2,31257
13842,3445,42,3,44615
13843,3446,93,5,25266
13844,3446,45,3,89685
13845,3446,24,4,96972
13846,3446,55,5,50282
13847,3446,48,3,56186
13848,3447,76,1,95956
13849,3447,28,1,53426
13850,3447,16,1,21730
13851,3447,53,2,58950
13852,3448,1,1,77345
13853,3448,11,5,42580
13854,3448,46,3,39246
13855,3449,46,1,39246
13856,3449,52,3,47423
13857,3449,32,5,82134
13858,3449,11,5,42580
13859,3450,7,3,51167
13860,3450,75,3,31489
13861,3450,42,3,44615
13862,3450,39,5,30610
13863,3451,41,1,16916
13864,3451,40,5,63117
13865,3451,76,5,95956
13866,3452,89,4,99643
13867,3452,66,3,21309
13868,3452,55,2,50282
13869,3452,23,3,13902
13870,3453,16,4,21730
13871,3453,21,1,33591
13872,3453,66,2,21309
13873,3454,45,5,89685
13874,3454,2,2,16956
13875,3454,28,3,53426
13876,3454,73,4,58762
13877,3455,64,5,18863
13878,3455,27,2,85161
13879,3455,92,4,43974
13880,3455,85,4,49747
13881,3456,56,5,13545
13882,3456,15,5,59265
13883,3456,45,4,89685
13884,3457,81,1,69446
13885,3457,66,1,21309
13886,3457,87,2,47322
13887,3458,52,1,47423
13888,3458,84,2,78759
13889,3458,46,4,39246
13890,3459,24,5,96972
13891,3459,76,5,95956
13892,3459,39,1,30610
13893,3459,82,2,40303
13894,3460,92,5,43974
13895,3460,40,2,63117
13896,3460,69,4,66333
13897,3461,95,3,10177
13898,3461,93,3,25266
13899,3461,71,4,62771
13900,3462,22,3,20870
13901,3462,16,1,21730
13902,3462,39,4,30610
13903,3462,91,4,87573
13904,3462,72,1,53594
13905,3463,16,1,21730
13906,3463,3,4,92869
13907,3463,58,3,66996
13908,3464,4,1,72183
13909,3464,55,5,50282
13910,3464,94,5,54643
13911,3465,44,1,55170
13912,3465,2,4,16956
13913,3465,94,3,54643
13914,3466,81,3,69446
13915,3466,100,2,55240
13916,3466,49,2,86790
13917,3466,44,5,55170
13918,3466,19,4,24844
13919,3467,8,1,71394
13920,3467,4,4,72183
13921,3467,32,3,82134
13922,3467,75,1,31489
13923,3468,20,2,13940
13924,3468,72,5,53594
13925,3468,79,2,37051
13926,3468,67,1,71990
13927,3468,28,3,53426
13928,3469,6,4,23328
13929,3469,73,2,58762
13930,3469,7,5,51167
13931,3470,45,3,89685
13932,3470,93,4,25266
13933,3470,59,2,68303
13934,3470,42,5,44615
13935,3470,8,1,71394
13936,3471,6,5,23328
13937,3471,72,4,53594
13938,3471,23,5,13902
13939,3471,65,1,95196
13940,3471,96,4,93706
13941,3472,28,2,53426
13942,3472,40,5,63117
13943,3472,89,5,99643
13944,3473,99,1,64203
13945,3473,45,4,89685
13946,3473,42,4,44615
13947,3473,98,3,88669
13948,3474,15,5,59265
13949,3474,64,3,18863
13950,3474,93,5,25266
13951,3474,58,3,66996
13952,3474,71,3,62771
13953,3475,16,5,21730
13954,3475,87,5,47322
13955,3475,58,4,66996
13956,3476,92,2,43974
13957,3476,15,4,59265
13958,3476,67,5,71990
13959,3476,63,5,59829
13960,3476,75,5,31489
13961,3477,23,4,13902
13962,3477,28,4,53426
13963,3477,80,1,14416
13964,3478,61,5,83461
13965,3478,47,5,38951
13966,3478,90,3,99988
13967,3478,56,5,13545
13968,3479,91,2,87573
13969,3479,59,2,68303
13970,3479,81,3,69446
13971,3479,57,2,87341
13972,3479,97,1,24578
13973,3480,39,1,30610
13974,3480,94,1,54643
13975,3480,81,3,69446
13976,3481,7,2,51167
13977,3481,45,4,89685
13978,3481,29,2,27367
13979,3481,89,4,99643
13980,3482,97,1,24578
13981,3482,54,2,55716
13982,3482,51,5,22310
13983,3483,22,1,20870
13984,3483,46,3,39246
13985,3483,98,2,88669
13986,3483,49,2,86790
13987,3483,45,5,89685
13988,3484,43,5,37544
13989,3484,36,1,50269
13990,3484,88,2,82751
13991,3485,2,5,16956
13992,3485,82,2,40303
13993,3485,12,4,31257
13994,3485,8,2,71394
13995,3486,53,5,58950
13996,3486,88,4,82751
13997,3486,77,5,62543
13998,3486,5,4,35124
13999,3486,89,5,99643
14000,3487,2,4,16956
14001,3487,83,2,57341
14002,3487,70,3,16773
14003,3487,46,5,39246
14004,3487,53,2,58950
14005,3488,13,1,60825
14006,3488,92,3,43974
14007,3488,84,4,78759
14008,3488,90,3,99988
14009,3488,21,5,33591
14010,3489,14,4,61112
14011,3489,67,5,71990
14012,3489,68,4,92995
14013,3489,78,4,21761
14014,3489,90,3,99988
14015,3490,31,3,25080
14016,3490,3,3,92869
14017,3490,63,3,59829
14018,3490,85,1,49747
14019,3490,88,2,82751
14020,3491,88,2,82751
14021,3491,20,2,13940
14022,3491,29,2,27367
14023,3492,36,5,50269
14024,3492,9,1,24385
14025,3492,1,2,77345
14026,3493,100,4,55240
14027,3493,13,4,60825
14028,3493,9,2,24385
14029,3493,5,2,35124
14030,3493,46,1,39246
14031,3494,86,1,33028
14032,3494,82,3,40303
14033,3494,61,4,83461
14034,3495,72,1,53594
14035,3495,24,1,96972
14036,3495,80,2,14416
14037,3495,63,5,59829
14038,3496,57,3,87341
14039,3496,15,2,59265
14040,3496,22,5,20870
14041,3496,31,4,25080
14042,3497,37,1,31314
14043,3497,28,5,53426
14044,3497,21,1,33591
14045,3498,28,1,53426
14046,3498,72,5,53594
14047,3498,73,4,58762
14048,3499,71,2,62771
14049,3499,9,5,24385
14050,3499,85,3,49747
14051,3499,98,3,88669
14052,3500,85,2,49747
14053,3500,64,5,18863
14054,3500,55,5,50282
14055,3500,79,4,37051
14056,3501,58,2,66996
14057,3501,5,2,35124
14058,3501,70,4,16773
14059,3501,30,1,22486
14060,3501,62,3,39951
14061,3502,65,3,95196
14062,3502,81,4,69446
14063,3502,10,3,15030
14064,3502,54,2,55716
14065,3503,18,1,49881
14066,3503,52,3,47423
14067,3503,73,3,58762
14068,3503,8,1,71394
14069,3504,59,1,68303
14070,3504,29,2,27367
14071,3504,44,5,55170
14072,3505,55,1,50282
14073,3505,79,5,37051
14074,3505,62,4,39951
14075,3505,41,5,16916
14076,3505,27,3,85161
14077,3506,13,3,60825
14078,3506,23,5,13902
14079,3506,61,4,83461
14080,3507,98,3,88669
14081,3507,58,4,66996
14082,3507,40,3,63117
14083,3507,36,3,50269
14084,3508,43,2,37544
14085,3508,29,1,27367
14086,3508,86,5,33028
14087,3508,94,2,54643
14088,3508,38,3,89599
14089,3509,94,5,54643
14090,3509,27,4,85161
14091,3509,98,4,88669
14092,3509,50,4,53007
14093,3509,14,5,61112
14094,3510,30,2,22486
14095,3510,82,4,40303
14096,3510,25,5,95530
14097,3510,83,1,57341
14098,3511,56,1,13545
14099,3511,40,2,63117
14100,3511,42,3,44615
14101,3511,15,4,59265
14102,3511,93,2,25266
14103,3512,53,5,58950
14104,3512,45,4,89685
14105,3512,29,2,27367
14106,3512,46,1,39246
14107,3512,43,1,37544
14108,3513,90,3,99988
14109,3513,65,5,95196
14110,3513,1,4,77345
14111,3513,36,4,50269
14112,3514,95,3,10177
14113,3514,21,1,33591
14114,3514,59,3,68303
14115,3515,1,3,77345
14116,3515,61,1,83461
14117,3515,69,3,66333
14118,3515,93,1,25266
14119,3516,66,4,21309
14120,3516,84,4,78759
14121,3516,58,1,66996
14122,3516,15,1,59265
14123,3517,51,5,22310
14124,3517,20,3,13940
14125,3517,21,3,33591
14126,3517,5,4,35124
14127,3518,81,1,69446
14128,3518,2,5,16956
14129,3518,28,5,53426
14130,3518,27,1,85161
14131,3518,24,5,96972
14132,3519,24,3,96972
14133,3519,78,5,21761
14134,3519,71,1,62771
14135,3519,11,2,42580
14136,3520,6,2,23328
14137,3520,84,2,78759
14138,3520,10,5,15030
14139,3520,68,2,92995
14140,3521,4,4,72183
14141,3521,3,2,92869
14142,3521,82,2,40303
14143,3521,88,2,82751
14144,3522,85,5,49747
14145,3522,28,4,53426
14146,3522,58,4,66996
14147,3523,91,2,87573
14148,3523,46,4,39246
14149,3523,43,4,37544
14150,3523,3,5,92869
14151,3523,98,4,88669
14152,3524,26,4,47395
14153,3524,98,2,88669
14154,3524,80,3,14416
14155,3524,95,5,10177
14156,3524,48,1,56186
14157,3525,27,4,85161
14158,3525,49,5,86790
14159,3525,41,1,16916
14160,3525,84,3,78759
14161,3525,21,5,33591
14162,3526,87,2,47322
14163,3526,17,1,32785
14164,3526,73,2,58762
14165,3526,42,4,44615
14166,3526,38,3,89599
14167,3527,12,4,31257
14168,3527,35,1,27106
14169,3527,7,2,51167
14170,3528,92,3,43974
14171,3528,27,2,85161
14172,3528,86,3,33028
14173,3528,59,1,68303
14174,3528,56,3,13545
14175,3529,17,2,32785
14176,3529,37,1,31314
14177,3529,81,2,69446
14178,3529,25,1,95530
14179,3530,12,4,31257
14180,3530,68,1,92995
14181,3530,29,1,27367
14182,3531,22,3,20870
14183,3531,38,3,89599
14184,3531,54,1,55716
14185,3531,23,5,13902
14186,3532,96,1,93706
14187,3532,35,4,27106
14188,3532,29,4,27367
14189,3532,43,3,37544
14190,3533,3,2,92869
14191,3533,17,3,32785
14192,3533,76,2,95956
14193,3533,84,2,78759
14194,3534,49,2,86790
14195,3534,80,1,14416
14196,3534,3,4,92869
14197,3534,61,4,83461
14198,3535,85,3,49747
14199,3535,100,5,55240
14200,3535,62,4,39951
14201,3536,78,1,21761
14202,3536,67,5,71990
14203,3536,15,4,59265
14204,3537,60,1,91851
14205,3537,37,4,31314
14206,3537,32,1,82134
14207,3538,44,2,55170
14208,3538,47,3,38951
14209,3538,33,3,67163
14210,3539,21,4,33591
14211,3539,31,4,25080
14212,3539,66,1,21309
14213,3540,94,5,54643
14214,3540,46,3,39246
14215,3540,6,3,23328
14216,3541,20,3,13940
14217,3541,47,3,38951
14218,3541,10,5,15030
14219,3541,13,2,60825
14220,3542,87,1,47322
14221,3542,9,1,24385
14222,3542,34,3,71809
14223,3542,1,2,77345
14224,3543,82,2,40303
14225,3543,20,4,13940
14226,3543,41,1,16916
14227,3544,46,5,39246
14228,3544,84,2,78759
14229,3544,67,2,71990
14230,3544,61,5,83461
14231,3544,59,2,68303
14232,3545,63,5,59829
14233,3545,91,1,87573
14234,3545,68,5,92995
14235,3545,36,3,50269
14236,3546,4,4,72183
14237,3546,11,5,42580
14238,3546,6,4,23328
14239,3546,45,1,89685
14240,3547,82,1,40303
14241,3547,14,3,61112
14242,3547,35,2,27106
14243,3547,93,1,25266
14244,3548,10,3,15030
14245,3548,9,3,24385
14246,3548,58,1,66996
14247,3548,47,1,38951
14248,3549,66,4,21309
14249,3549,51,1,22310
14250,3549,4,4,72183
14251,3549,38,3,89599
14252,3549,100,1,55240
14253,3550,8,2,71394
14254,3550,67,5,71990
14255,3550,10,1,15030
14256,3550,13,4,60825
14257,3550,99,2,64203
14258,3551,3,3,92869
14259,3551,44,4,55170
14260,3551,30,3,22486
14261,3551,14,1,61112
14262,3551,5,5,35124
14263,3552,2,1,16956
14264,3552,82,1,40303
14265,3552,67,5,71990
14266,3553,32,3,82134
14267,3553,20,4,13940
14268,3553,50,1,53007
14269,3553,94,4,54643
14270,3553,14,3,61112
14271,3554,11,4,42580
14272,3554,65,3,95196
14273,3554,98,2,88669
14274,3554,70,1,16773
14275,3555,5,1,35124
14276,3555,58,5,66996
14277,3555,66,2,21309
14278,3555,7,5,51167
14279,3556,22,3,20870
14280,3556,23,1,13902
14281,3556,28,2,53426
14282,3556,15,3,59265
14283,3557,14,3,61112
14284,3557,22,1,20870
14285,3557,42,5,44615
14286,3557,69,4,66333
14287,3558,95,5,10177
14288,3558,90,5,99988
14289,3558,71,1,62771
14290,3558,70,1,16773
14291,3558,40,4,63117
14292,3559,7,2,51167
14293,3559,16,1,21730
14294,3559,60,5,91851
14295,3559,17,1,32785
14296,3560,6,4,23328
14297,3560,28,4,53426
14298,3560,65,3,95196
14299,3560,45,2,89685
14300,3560,15,3,59265
14301,3561,22,2,20870
14302,3561,15,3,59265
14303,3561,21,5,33591
14304,3561,26,4,47395
14305,3562,44,4,55170
14306,3562,33,4,67163
14307,3562,32,3,82134
14308,3562,86,2,33028
14309,3562,82,4,40303
14310,3563,66,1,21309
14311,3563,81,1,69446
14312,3563,72,1,53594
14313,3564,65,4,95196
14314,3564,33,1,67163
14315,3564,89,3,99643
14316,3564,10,2,15030
14317,3564,36,4,50269
14318,3565,44,2,55170
14319,3565,31,2,25080
14320,3565,66,1,21309
14321,3565,51,3,22310
14322,3566,70,3,16773
14323,3566,34,4,71809
14324,3566,73,2,58762
14325,3566,27,4,85161
14326,3566,92,2,43974
14327,3567,19,1,24844
14328,3567,67,1,71990
14329,3567,27,3,85161
14330,3567,10,1,15030
14331,3567,43,3,37544
14332,3568,69,1,66333
14333,3568,43,3,37544
14334,3568,87,1,47322
14335,3569,67,2,71990
14336,3569,24,5,96972
14337,3569,27,5,85161
14338,3570,33,3,67163
14339,3570,4,3,72183
14340,3570,77,1,62543
14341,3570,18,2,49881
14342,3570,100,3,55240
14343,3571,93,2,25266
14344,3571,27,1,85161
14345,3571,75,3,31489
14346,3572,49,4,86790
14347,3572,47,3,38951
14348,3572,30,1,22486
14349,3572,60,3,91851
14350,3572,14,5,61112
14351,3573,11,4,42580
14352,3573,21,3,33591
14353,3573,83,2,57341
14354,3574,41,4,16916
14355,3574,91,4,87573
14356,3574,63,2,59829
14357,3574,48,1,56186
14358,3574,13,4,60825
14359,3575,31,3,25080
14360,3575,92,3,43974
14361,3575,89,3,99643
14362,3575,15,4,59265
14363,3575,37,3,31314
14364,3576,4,2,72183
14365,3576,38,2,89599
14366,3576,67,2,71990
14367,3576,15,1,59265
14368,3577,47,2,38951
14369,3577,51,5,22310
14370,3577,4,1,72183
14371,3578,66,4,21309
14372,3578,59,1,68303
14373,3578,80,4,14416
14374,3578,3,5,92869
14375,3579,69,3,66333
14376,3579,62,5,39951
14377,3579,15,4,59265
14378,3579,93,2,25266
14379,3580,12,4,31257
14380,3580,38,2,89599
14381,3580,74,2,60296
14382,3580,6,2,23328
14383,3580,51,1,22310
14384,3581,59,4,68303
14385,3581,89,2,99643
14386,3581,5,4,35124
14387,3581,24,5,96972
14388,3581,81,5,69446
14389,3582,78,5,21761
14390,3582,83,4,57341
14391,3582,54,4,55716
14392,3582,47,5,38951
14393,3583,1,5,77345
14394,3583,11,2,42580
14395,3583,95,3,10177
14396,3584,100,5,55240
14397,3584,44,4,55170
14398,3584,34,5,71809
14399,3584,1,4,77345
14400,3584,46,1,39246
14401,3585,85,4,49747
14402,3585,26,3,47395
14403,3585,30,1,22486
14404,3585,93,1,25266
14405,3585,71,3,62771
14406,3586,100,4,55240
14407,3586,7,4,51167
14408,3586,63,5,59829
14409,3587,24,1,96972
14410,3587,12,4,31257
14411,3587,76,4,95956
14412,3587,6,2,23328
14413,3587,36,3,50269
14414,3588,37,5,31314
14415,3588,18,1,49881
14416,3588,25,5,95530
14417,3588,99,4,64203
14418,3589,11,5,42580
14419,3589,71,5,62771
14420,3589,6,5,23328
14421,3590,41,5,16916
14422,3590,19,4,24844
14423,3590,76,4,95956
14424,3591,96,1,93706
14425,3591,78,5,21761
14426,3591,93,5,25266
14427,3591,76,4,95956
14428,3591,77,5,62543
14429,3592,82,1,40303
14430,3592,67,5,71990
14431,3592,6,2,23328
14432,3593,28,5,53426
14433,3593,94,1,54643
14434,3593,56,4,13545
14435,3594,76,5,95956
14436,3594,27,1,85161
14437,3594,78,3,21761
14438,3594,7,1,51167
14439,3595,17,5,32785
14440,3595,35,1,27106
14441,3595,43,4,37544
14442,3596,45,3,89685
14443,3596,9,3,24385
14444,3596,7,5,51167
14445,3597,78,2,21761
14446,3597,28,1,53426
14447,3597,81,2,69446
14448,3598,11,4,42580
14449,3598,44,1,55170
14450,3598,19,1,24844
14451,3598,38,5,89599
14452,3599,17,5,32785
14453,3599,90,4,99988
14454,3599,26,5,47395
14455,3599,24,1,96972
14456,3599,79,4,37051
14457,3600,16,3,21730
14458,3600,27,5,85161
14459,3600,4,4,72183
14460,3600,15,4,59265
14461,3600,86,5,33028
14462,3601,45,4,89685
14463,3601,64,3,18863
14464,3601,40,4,63117
14465,3602,97,5,24578
14466,3602,76,3,95956
14467,3602,84,4,78759
14468,3603,78,2,21761
14469,3603,28,4,53426
14470,3603,12,4,31257
14471,3604,51,5,22310
14472,3604,75,3,31489
14473,3604,27,3,85161
14474,3604,20,4,13940
14475,3605,87,5,47322
14476,3605,61,1,83461
14477,3605,72,5,53594
14478,3606,34,2,71809
14479,3606,53,4,58950
14480,3606,94,5,54643
14481,3606,35,1,27106
14482,3606,10,4,15030
14483,3607,35,1,27106
14484,3607,32,1,82134
14485,3607,16,4,21730
14486,3608,100,2,55240
14487,3608,73,3,58762
14488,3608,84,3,78759
14489,3608,36,5,50269
14490,3608,69,1,66333
14491,3609,6,2,23328
14492,3609,14,4,61112
14493,3609,46,4,39246
14494,3610,24,5,96972
14495,3610,86,4,33028
14496,3610,37,4,31314
14497,3610,5,2,35124
14498,3611,42,1,44615
14499,3611,65,1,95196
14500,3611,99,3,64203
14501,3611,26,1,47395
14502,3611,48,5,56186
14503,3612,22,4,20870
14504,3612,78,1,21761
14505,3612,72,3,53594
14506,3612,81,1,69446
14507,3613,82,1,40303
14508,3613,74,5,60296
14509,3613,68,5,92995
14510,3614,61,2,83461
14511,3614,64,1,18863
14512,3614,57,3,87341
14513,3614,36,5,50269
14514,3614,11,2,42580
14515,3615,49,5,86790
14516,3615,13,3,60825
14517,3615,83,4,57341
14518,3615,20,1,13940
14519,3616,76,2,95956
14520,3616,94,5,54643
14521,3616,62,2,39951
14522,3616,11,4,42580
14523,3617,55,4,50282
14524,3617,58,2,66996
14525,3617,75,2,31489
14526,3617,13,3,60825
14527,3618,23,2,13902
14528,3618,97,3,24578
14529,3618,75,1,31489
14530,3618,68,3,92995
14531,3619,17,2,32785
14532,3619,69,4,66333
14533,3619,85,3,49747
14534,3619,53,1,58950
14535,3619,63,4,59829
14536,3620,6,4,23328
14537,3620,92,2,43974
14538,3620,91,1,87573
14539,3620,63,1,59829
14540,3620,31,4,25080
14541,3621,73,3,58762
14542,3621,24,1,96972
14543,3621,89,3,99643
14544,3621,90,3,99988
14545,3622,48,3,56186
14546,3622,79,5,37051
14547,3622,92,4,43974
14548,3623,17,3,32785
14549,3623,39,2,30610
14550,3623,67,4,71990
14551,3624,26,2,47395
14552,3624,7,3,51167
14553,3624,16,3,21730
14554,3625,80,2,14416
14555,3625,94,5,54643
14556,3625,23,5,13902
14557,3625,54,2,55716
14558,3626,2,3,16956
14559,3626,24,1,96972
14560,3626,55,4,50282
14561,3626,78,3,21761
14562,3627,32,2,82134
14563,3627,41,1,16916
14564,3627,25,4,95530
14565,3627,56,2,13545
14566,3627,66,3,21309
14567,3628,26,4,47395
14568,3628,69,4,66333
14569,3628,88,5,82751
14570,3628,98,3,88669
14571,3628,2,5,16956
14572,3629,45,3,89685
14573,3629,97,1,24578
14574,3629,92,5,43974
14575,3629,52,1,47423
14576,3630,83,1,57341
14577,3630,42,1,44615
14578,3630,27,5,85161
14579,3630,10,2,15030
14580,3630,6,4,23328
14581,3631,50,1,53007
14582,3631,17,1,32785
14583,3631,47,5,38951
14584,3632,69,3,66333
14585,3632,45,2,89685
14586,3632,46,2,39246
14587,3632,64,4,18863
14588,3633,58,2,66996
14589,3633,17,4,32785
14590,3633,29,5,27367
14591,3634,81,2,69446
14592,3634,45,4,89685
14593,3634,55,5,50282
14594,3635,24,4,96972
14595,3635,72,2,53594
14596,3635,60,2,91851
14597,3635,80,1,14416
14598,3636,24,1,96972
14599,3636,21,2,33591
14600,3636,87,3,47322
14601,3637,99,4,64203
14602,3637,27,5,85161
14603,3637,96,5,93706
14604,3637,45,1,89685
14605,3638,85,3,49747
14606,3638,36,1,50269
14607,3638,41,5,16916
14608,3638,28,3,53426
14609,3639,36,4,50269
14610,3639,15,2,59265
14611,3639,89,2,99643
14612,3640,30,3,22486
14613,3640,97,5,24578
14614,3640,37,5,31314
14615,3641,98,5,88669
14616,3641,8,5,71394
14617,3641,42,3,44615
14618,3641,20,2,13940
14619,3642,13,5,60825
14620,3642,44,4,55170
14621,3642,81,5,69446
14622,3642,100,2,55240
14623,3643,66,3,21309
14624,3643,93,4,25266
14625,3643,22,4,20870
14626,3644,31,2,25080
14627,3644,73,3,58762
14628,3644,36,3,50269
14629,3644,3,2,92869
14630,3644,44,5,55170
14631,3645,4,5,72183
14632,3645,83,2,57341
14633,3645,93,1,25266
14634,3645,50,5,53007
14635,3645,82,5,40303
14636,3646,12,5,31257
14637,3646,4,2,72183
14638,3646,68,5,92995
14639,3646,83,5,57341
14640,3646,23,1,13902
14641,3647,54,1,55716
14642,3647,46,2,39246
14643,3647,10,4,15030
14644,3647,15,3,59265
14645,3647,99,1,64203
14646,3648,92,5,43974
14647,3648,77,2,62543
14648,3648,90,3,99988
14649,3648,70,3,16773
14650,3648,36,2,50269
14651,3649,44,3,55170
14652,3649,5,5,35124
14653,3649,75,1,31489
14654,3649,29,5,27367
14655,3649,83,2,57341
14656,3650,74,2,60296
14657,3650,65,5,95196
14658,3650,93,1,25266
14659,3650,96,1,93706
14660,3650,42,5,44615
14661,3651,84,1,78759
14662,3651,89,4,99643
14663,3651,55,5,50282
14664,3651,2,2,16956
14665,3651,60,3,91851
14666,3652,81,4,69446
14667,3652,70,5,16773
14668,3652,63,5,59829
14669,3652,3,5,92869
14670,3652,69,1,66333
14671,3653,54,1,55716
14672,3653,52,5,47423
14673,3653,74,4,60296
14674,3654,88,1,82751
14675,3654,59,2,68303
14676,3654,57,4,87341
14677,3654,68,4,92995
14678,3654,61,1,83461
14679,3655,41,3,16916
14680,3655,23,3,13902
14681,3655,53,1,58950
14682,3655,96,4,93706
14683,3655,42,1,44615
14684,3656,62,3,39951
14685,3656,34,5,71809
14686,3656,54,1,55716
14687,3656,74,2,60296
14688,3656,14,1,61112
14689,3657,60,2,91851
14690,3657,21,1,33591
14691,3657,15,2,59265
14692,3657,44,4,55170
14693,3657,43,4,37544
14694,3658,69,1,66333
14695,3658,26,2,47395
14696,3658,73,4,58762
14697,3658,52,5,47423
14698,3658,75,2,31489
14699,3659,25,5,95530
14700,3659,98,5,88669
14701,3659,32,1,82134
14702,3659,41,5,16916
14703,3660,34,4,71809
14704,3660,76,2,95956
14705,3660,48,2,56186
14706,3660,45,5,89685
14707,3661,15,5,59265
14708,3661,93,5,25266
14709,3661,46,1,39246
14710,3661,27,3,85161
14711,3661,66,1,21309
14712,3662,67,4,71990
14713,3662,89,5,99643
14714,3662,25,1,95530
14715,3663,63,1,59829
14716,3663,74,1,60296
14717,3663,59,4,68303
14718,3663,23,4,13902
14719,3663,28,4,53426
14720,3664,55,5,50282
14721,3664,94,3,54643
14722,3664,12,4,31257
14723,3665,65,2,95196
14724,3665,63,5,59829
14725,3665,74,4,60296
14726,3665,37,5,31314
14727,3665,31,4,25080
14728,3666,72,4,53594
14729,3666,54,3,55716
14730,3666,52,5,47423
14731,3666,75,4,31489
14732,3667,93,2,25266
14733,3667,70,5,16773
14734,3667,84,5,78759
14735,3668,74,4,60296
14736,3668,90,3,99988
14737,3668,73,5,58762
14738,3668,100,5,55240
14739,3669,37,1,31314
14740,3669,14,2,61112
14741,3669,49,2,86790
14742,3670,86,5,33028
14743,3670,60,1,91851
14744,3670,8,4,71394
14745,3670,76,5,95956
14746,3671,20,4,13940
14747,3671,97,2,24578
14748,3671,73,3,58762
14749,3671,46,2,39246
14750,3672,50,3,53007
14751,3672,65,5,95196
14752,3672,87,2,47322
14753,3672,79,2,37051
14754,3672,100,1,55240
14755,3673,45,2,89685
14756,3673,1,5,77345
14757,3673,18,3,49881
14758,3673,48,1,56186
14759,3674,46,5,39246
14760,3674,23,4,13902
14761,3674,53,1,58950
14762,3674,30,3,22486
14763,3674,96,1,93706
14764,3675,44,1,55170
14765,3675,31,1,25080
14766,3675,86,5,33028
14767,3676,9,1,24385
14768,3676,26,4,47395
14769,3676,70,3,16773
14770,3677,94,1,54643
14771,3677,65,4,95196
14772,3677,30,2,22486
14773,3677,26,5,47395
14774,3677,41,4,16916
14775,3678,22,1,20870
14776,3678,49,5,86790
14777,3678,65,4,95196
14778,3678,43,2,37544
14779,3678,17,2,32785
14780,3679,41,2,16916
14781,3679,59,4,68303
14782,3679,8,2,71394
14783,3679,30,1,22486
14784,3679,7,5,51167
14785,3680,6,3,23328
14786,3680,81,5,69446
14787,3680,38,2,89599
14788,3680,20,1,13940
14789,3681,28,3,53426
14790,3681,41,2,16916
14791,3681,75,4,31489
14792,3681,16,4,21730
14793,3682,52,3,47423
14794,3682,24,2,96972
14795,3682,14,5,61112
14796,3682,19,2,24844
14797,3683,34,2,71809
14798,3683,70,5,16773
14799,3683,60,3,91851
14800,3683,62,4,39951
14801,3684,50,5,53007
14802,3684,36,4,50269
14803,3684,52,2,47423
14804,3684,6,1,23328
14805,3684,32,2,82134
14806,3685,86,4,33028
14807,3685,63,3,59829
14808,3685,36,4,50269
14809,3685,42,2,44615
14810,3685,15,2,59265
14811,3686,31,3,25080
14812,3686,63,4,59829
14813,3686,56,5,13545
14814,3686,75,5,31489
14815,3687,16,4,21730
14816,3687,66,2,21309
14817,3687,33,5,67163
14818,3687,45,1,89685
14819,3687,54,4,55716
14820,3688,43,5,37544
14821,3688,30,4,22486
14822,3688,41,5,16916
14823,3688,57,2,87341
14824,3688,47,1,38951
14825,3689,72,2,53594
14826,3689,9,5,24385
14827,3689,63,4,59829
14828,3689,80,3,14416
14829,3690,85,1,49747
14830,3690,4,4,72183
14831,3690,95,5,10177
14832,3690,63,4,59829
14833,3691,86,3,33028
14834,3691,16,2,21730
14835,3691,81,3,69446
14836,3692,53,3,58950
14837,3692,72,2,53594
14838,3692,91,3,87573
14839,3693,6,2,23328
14840,3693,60,3,91851
14841,3693,5,3,35124
14842,3693,48,3,56186
14843,3694,5,5,35124
14844,3694,59,2,68303
14845,3694,46,1,39246
14846,3694,15,1,59265
14847,3694,17,4,32785
14848,3695,66,5,21309
14849,3695,79,3,37051
14850,3695,17,4,32785
14851,3695,74,3,60296
14852,3696,83,5,57341
14853,3696,69,4,66333
14854,3696,52,4,47423
14855,3696,78,3,21761
14856,3696,40,2,63117
14857,3697,35,4,27106
14858,3697,56,3,13545
14859,3697,99,3,64203
14860,3697,24,1,96972
14861,3698,78,3,21761
14862,3698,9,3,24385
14863,3698,44,4,55170
14864,3698,95,2,10177
14865,3699,72,4,53594
14866,3699,77,3,62543
14867,3699,84,1,78759
14868,3699,11,4,42580
14869,3700,94,4,54643
14870,3700,17,1,32785
14871,3700,100,4,55240
14872,3700,88,4,82751
14873,3701,9,5,24385
14874,3701,79,4,37051
14875,3701,10,2,15030
14876,3702,34,5,71809
14877,3702,66,3,21309
14878,3702,76,2,95956
14879,3703,33,3,67163
14880,3703,72,3,53594
14881,3703,38,4,89599
14882,3703,65,1,95196
14883,3704,41,4,16916
14884,3704,69,3,66333
14885,3704,16,3,21730
14886,3704,98,4,88669
14887,3704,51,4,22310
14888,3705,87,3,47322
14889,3705,99,5,64203
14890,3705,12,5,31257
14891,3705,5,5,35124
14892,3705,88,1,82751
14893,3706,58,5,66996
14894,3706,47,2,38951
14895,3706,79,4,37051
14896,3707,53,3,58950
14897,3707,25,2,95530
14898,3707,56,2,13545
14899,3708,37,1,31314
14900,3708,92,2,43974
14901,3708,91,5,87573
14902,3709,84,3,78759
14903,3709,26,1,47395
14904,3709,25,3,95530
14905,3710,64,1,18863
14906,3710,35,2,27106
14907,3710,34,3,71809
14908,3711,42,2,44615
14909,3711,34,4,71809
14910,3711,39,3,30610
14911,3711,9,3,24385
14912,3711,62,3,39951
14913,3712,16,4,21730
14914,3712,13,3,60825
14915,3712,75,4,31489
14916,3712,68,5,92995
14917,3712,85,1,49747
14918,3713,51,2,22310
14919,3713,68,3,92995
14920,3713,26,5,47395
14921,3713,63,3,59829
14922,3713,91,2,87573
14923,3714,2,1,16956
14924,3714,58,2,66996
14925,3714,67,4,71990
14926,3714,49,1,86790
14927,3714,75,3,31489
14928,3715,83,4,57341
14929,3715,79,2,37051
14930,3715,16,4,21730
14931,3716,15,1,59265
14932,3716,43,5,37544
14933,3716,93,5,25266
14934,3717,31,3,25080
14935,3717,67,4,71990
14936,3717,68,5,92995
14937,3717,6,2,23328
14938,3718,7,5,51167
14939,3718,25,2,95530
14940,3718,27,4,85161
14941,3718,94,3,54643
14942,3718,74,4,60296
14943,3719,7,4,51167
14944,3719,10,2,15030
14945,3719,54,1,55716
14946,3719,13,1,60825
14947,3720,41,1,16916
14948,3720,52,1,47423
14949,3720,69,3,66333
14950,3721,50,1,53007
14951,3721,97,1,24578
14952,3721,94,1,54643
14953,3721,37,4,31314
14954,3722,20,2,13940
14955,3722,97,2,24578
14956,3722,70,1,16773
14957,3722,79,1,37051
14958,3722,49,2,86790
14959,3723,73,4,58762
14960,3723,57,5,87341
14961,3723,100,5,55240
14962,3723,66,5,21309
14963,3724,6,2,23328
14964,3724,65,2,95196
14965,3724,32,3,82134
14966,3725,93,1,25266
14967,3725,40,2,63117
14968,3725,68,5,92995
14969,3725,7,4,51167
14970,3726,54,3,55716
14971,3726,43,1,37544
14972,3726,36,4,50269
14973,3727,80,5,14416
14974,3727,17,3,32785
14975,3727,70,1,16773
14976,3728,73,2,58762
14977,3728,99,3,64203
14978,3728,44,3,55170
14979,3729,29,2,27367
14980,3729,60,3,91851
14981,3729,74,1,60296
14982,3730,61,5,83461
14983,3730,63,1,59829
14984,3730,48,5,56186
14985,3730,68,5,92995
14986,3731,51,5,22310
14987,3731,18,2,49881
14988,3731,36,2,50269
14989,3731,76,2,95956
14990,3732,38,2,89599
14991,3732,49,2,86790
14992,3732,71,3,62771
14993,3733,39,4,30610
14994,3733,41,1,16916
14995,3733,26,2,47395
14996,3734,52,2,47423
14997,3734,72,2,53594
14998,3734,41,2,16916
14999,3734,35,2,27106
15000,3735,18,1,49881
15001,3735,4,4,72183
15002,3735,56,3,13545
15003,3736,41,3,16916
15004,3736,9,5,24385
15005,3736,26,4,47395
15006,3736,62,3,39951
15007,3737,41,2,16916
15008,3737,40,1,63117
15009,3737,93,2,25266
15010,3738,12,2,31257
15011,3738,92,3,43974
15012,3738,20,2,13940
15013,3738,22,4,20870
15014,3739,74,4,60296
15015,3739,48,5,56186
15016,3739,65,2,95196
15017,3739,35,2,27106
15018,3740,85,4,49747
15019,3740,79,1,37051
15020,3740,6,5,23328
15021,3740,7,2,51167
15022,3740,56,3,13545
15023,3741,61,5,83461
15024,3741,16,1,21730
15025,3741,15,1,59265
15026,3741,32,3,82134
15027,3741,91,4,87573
15028,3742,44,1,55170
15029,3742,30,1,22486
15030,3742,66,4,21309
15031,3743,5,1,35124
15032,3743,50,1,53007
15033,3743,52,2,47423
15034,3744,73,5,58762
15035,3744,48,2,56186
15036,3744,6,2,23328
15037,3744,94,5,54643
15038,3744,92,1,43974
15039,3745,55,2,50282
15040,3745,42,4,44615
15041,3745,23,1,13902
15042,3745,64,2,18863
15043,3745,79,2,37051
15044,3746,12,3,31257
15045,3746,29,4,27367
15046,3746,81,3,69446
15047,3747,32,2,82134
15048,3747,12,1,31257
15049,3747,8,4,71394
15050,3747,2,4,16956
15051,3748,49,4,86790
15052,3748,91,2,87573
15053,3748,42,2,44615
15054,3748,52,4,47423
15055,3749,58,1,66996
15056,3749,33,1,67163
15057,3749,95,1,10177
15058,3749,14,4,61112
15059,3750,58,4,66996
15060,3750,90,1,99988
15061,3750,33,2,67163
15062,3751,46,1,39246
15063,3751,34,2,71809
15064,3751,66,4,21309
15065,3751,91,4,87573
15066,3752,29,4,27367
15067,3752,74,3,60296
15068,3752,19,5,24844
15069,3752,10,4,15030
15070,3752,21,3,33591
15071,3753,17,5,32785
15072,3753,22,4,20870
15073,3753,48,3,56186
15074,3753,2,1,16956
15075,3754,52,5,47423
15076,3754,65,3,95196
15077,3754,27,2,85161
15078,3754,85,5,49747
15079,3754,98,2,88669
15080,3755,72,5,53594
15081,3755,61,4,83461
15082,3755,13,1,60825
15083,3756,38,1,89599
15084,3756,31,1,25080
15085,3756,37,3,31314
15086,3756,80,1,14416
15087,3756,96,1,93706
15088,3757,26,1,47395
15089,3757,87,1,47322
15090,3757,16,5,21730
15091,3757,40,1,63117
15092,3757,13,3,60825
15093,3758,96,4,93706
15094,3758,43,4,37544
15095,3758,98,1,88669
15096,3758,40,5,63117
15097,3759,68,3,92995
15098,3759,41,5,16916
15099,3759,17,1,32785
15100,3759,88,5,82751
15101,3760,97,1,24578
15102,3760,68,3,92995
15103,3760,54,5,55716
15104,3760,2,2,16956
15105,3760,32,2,82134
15106,3761,91,1,87573
15107,3761,48,4,56186
15108,3761,25,3,95530
15109,3761,80,3,14416
15110,3761,11,4,42580
15111,3762,58,3,66996
15112,3762,7,4,51167
15113,3762,85,5,49747
15114,3763,81,2,69446
15115,3763,93,2,25266
15116,3763,1,1,77345
15117,3764,40,1,63117
15118,3764,4,4,72183
15119,3764,74,2,60296
15120,3764,65,5,95196
15121,3764,52,5,47423
15122,3765,85,5,49747
15123,3765,60,3,91851
15124,3765,88,1,82751
15125,3765,86,4,33028
15126,3765,18,3,49881
15127,3766,63,3,59829
15128,3766,60,2,91851
15129,3766,54,4,55716
15130,3766,6,5,23328
15131,3767,43,1,37544
15132,3767,29,1,27367
15133,3767,71,5,62771
15134,3767,37,4,31314
15135,3767,3,2,92869
15136,3768,61,2,83461
15137,3768,40,5,63117
15138,3768,39,5,30610
15139,3768,29,1,27367
15140,3768,43,5,37544
15141,3769,15,3,59265
15142,3769,44,4,55170
15143,3769,70,2,16773
15144,3769,5,3,35124
15145,3769,72,1,53594
15146,3770,90,4,99988
15147,3770,93,2,25266
15148,3770,12,3,31257
15149,3770,32,3,82134
15150,3770,79,2,37051
15151,3771,35,2,27106
15152,3771,29,5,27367
15153,3771,60,1,91851
15154,3771,6,5,23328
15155,3771,79,4,37051
15156,3772,78,4,21761
15157,3772,28,2,53426
15158,3772,82,1,40303
15159,3772,95,3,10177
15160,3772,25,3,95530
15161,3773,71,5,62771
15162,3773,68,1,92995
15163,3773,99,3,64203
15164,3774,52,2,47423
15165,3774,73,2,58762
15166,3774,40,2,63117
15167,3774,63,4,59829
15168,3775,96,1,93706
15169,3775,13,3,60825
15170,3775,84,3,78759
15171,3775,98,5,88669
15172,3776,43,2,37544
15173,3776,98,5,88669
15174,3776,69,1,66333
15175,3776,2,2,16956
15176,3777,32,3,82134
15177,3777,86,3,33028
15178,3777,98,2,88669
15179,3777,25,4,95530
15180,3777,100,1,55240
15181,3778,75,3,31489
15182,3778,51,5,22310
15183,3778,56,1,13545
15184,3778,57,1,87341
15185,3779,31,1,25080
15186,3779,34,2,71809
15187,3779,22,1,20870
15188,3779,61,3,83461
15189,3779,28,4,53426
15190,3780,50,5,53007
15191,3780,25,4,95530
15192,3780,9,4,24385
15193,3781,16,3,21730
15194,3781,51,5,22310
15195,3781,11,1,42580
15196,3781,77,3,62543
15197,3781,92,5,43974
15198,3782,24,2,96972
15199,3782,40,1,63117
15200,3782,67,3,71990
15201,3782,87,3,47322
15202,3782,59,1,68303
15203,3783,42,3,44615
15204,3783,98,4,88669
15205,3783,46,4,39246
15206,3784,55,4,50282
15207,3784,90,4,99988
15208,3784,44,5,55170
15209,3784,33,2,67163
15210,3785,32,5,82134
15211,3785,25,1,95530
15212,3785,78,2,21761
15213,3785,83,4,57341
15214,3785,31,5,25080
15215,3786,39,3,30610
15216,3786,92,4,43974
15217,3786,59,3,68303
15218,3786,96,5,93706
15219,3787,19,2,24844
15220,3787,27,3,85161
15221,3787,99,4,64203
15222,3787,46,1,39246
15223,3787,8,5,71394
15224,3788,67,2,71990
15225,3788,11,5,42580
15226,3788,88,3,82751
15227,3788,74,3,60296
15228,3789,6,5,23328
15229,3789,16,4,21730
15230,3789,7,1,51167
15231,3789,70,3,16773
15232,3790,35,5,27106
15233,3790,80,5,14416
15234,3790,44,1,55170
15235,3791,20,3,13940
15236,3791,95,3,10177
15237,3791,16,2,21730
15238,3791,8,1,71394
15239,3792,4,5,72183
15240,3792,74,5,60296
15241,3792,9,1,24385
15242,3792,40,3,63117
15243,3793,71,1,62771
15244,3793,42,5,44615
15245,3793,36,5,50269
15246,3793,99,3,64203
15247,3793,24,4,96972
15248,3794,86,1,33028
15249,3794,26,1,47395
15250,3794,31,2,25080
15251,3795,23,1,13902
15252,3795,76,4,95956
15253,3795,50,4,53007
15254,3795,63,1,59829
15255,3796,2,2,16956
15256,3796,74,3,60296
15257,3796,78,1,21761
15258,3797,36,5,50269
15259,3797,87,3,47322
15260,3797,22,2,20870
15261,3798,80,4,14416
15262,3798,87,3,47322
15263,3798,4,2,72183
15264,3798,9,5,24385
15265,3798,35,3,27106
15266,3799,37,2,31314
15267,3799,6,5,23328
15268,3799,15,2,59265
15269,3799,24,1,96972
15270,3799,12,1,31257
15271,3800,74,5,60296
15272,3800,58,1,66996
15273,3800,54,2,55716
15274,3800,24,2,96972
15275,3800,38,2,89599
15276,3801,8,4,71394
15277,3801,72,4,53594
15278,3801,15,2,59265
15279,3802,99,5,64203
15280,3802,35,2,27106
15281,3802,24,3,96972
15282,3803,76,2,95956
15283,3803,59,5,68303
15284,3803,65,5,95196
15285,3804,28,1,53426
15286,3804,42,4,44615
15287,3804,41,1,16916
15288,3804,62,1,39951
15289,3805,84,1,78759
15290,3805,44,1,55170
15291,3805,66,5,21309
15292,3805,92,5,43974
15293,3806,87,2,47322
15294,3806,24,5,96972
15295,3806,29,3,27367
15296,3807,25,4,95530
15297,3807,100,1,55240
15298,3807,61,2,83461
15299,3808,12,3,31257
15300,3808,23,1,13902
15301,3808,99,1,64203
15302,3808,89,2,99643
15303,3809,61,4,83461
15304,3809,45,2,89685
15305,3809,44,1,55170
15306,3810,85,4,49747
15307,3810,56,5,13545
15308,3810,71,3,62771
15309,3810,73,2,58762
15310,3811,61,2,83461
15311,3811,12,4,31257
15312,3811,90,5,99988
15313,3811,10,4,15030
15314,3812,12,1,31257
15315,3812,79,5,37051
15316,3812,20,1,13940
15317,3813,87,2,47322
15318,3813,97,1,24578
15319,3813,52,2,47423
15320,3813,40,3,63117
15321,3814,42,3,44615
15322,3814,20,1,13940
15323,3814,58,3,66996
15324,3814,65,5,95196
15325,3814,81,5,69446
15326,3815,88,3,82751
15327,3815,36,1,50269
15328,3815,43,4,37544
15329,3816,70,5,16773
15330,3816,34,1,71809
15331,3816,51,1,22310
15332,3817,13,4,60825
15333,3817,98,5,88669
15334,3817,20,4,13940
15335,3817,17,2,32785
15336,3818,59,3,68303
15337,3818,1,5,77345
15338,3818,79,1,37051
15339,3819,13,1,60825
15340,3819,33,1,67163
15341,3819,85,5,49747
15342,3820,38,5,89599
15343,3820,47,1,38951
15344,3820,14,3,61112
15345,3820,15,5,59265
15346,3820,61,4,83461
15347,3821,68,4,92995
15348,3821,19,1,24844
15349,3821,82,1,40303
15350,3821,84,5,78759
15351,3822,62,4,39951
15352,3822,63,5,59829
15353,3822,56,3,13545
15354,3822,19,2,24844
15355,3823,80,3,14416
15356,3823,1,2,77345
15357,3823,27,4,85161
15358,3823,9,5,24385
15359,3824,34,5,71809
15360,3824,56,3,13545
15361,3824,70,5,16773
15362,3824,52,1,47423
15363,3824,45,5,89685
15364,3825,94,5,54643
15365,3825,79,2,37051
15366,3825,62,5,39951
15367,3826,96,2,93706
15368,3826,71,3,62771
15369,3826,79,5,37051
15370,3826,75,4,31489
15371,3827,72,5,53594
15372,3827,93,1,25266
15373,3827,80,4,14416
15374,3827,90,2,99988
15375,3828,47,4,38951
15376,3828,69,1,66333
15377,3828,65,3,95196
15378,3828,8,3,71394
15379,3828,92,2,43974
15380,3829,44,1,55170
15381,3829,57,5,87341
15382,3829,82,5,40303
15383,3829,15,4,59265
15384,3829,49,1,86790
15385,3830,34,5,71809
15386,3830,67,3,71990
15387,3830,35,1,27106
15388,3830,89,1,99643
15389,3831,65,3,95196
15390,3831,94,5,54643
15391,3831,92,5,43974
15392,3831,4,3,72183
15393,3832,99,5,64203
15394,3832,13,4,60825
15395,3832,25,4,95530
15396,3832,59,1,68303
15397,3832,53,5,58950
15398,3833,29,5,27367
15399,3833,99,2,64203
15400,3833,80,1,14416
15401,3834,100,1,55240
15402,3834,95,2,10177
15403,3834,77,3,62543
15404,3834,34,2,71809
15405,3834,21,3,33591
15406,3835,65,3,95196
15407,3835,48,5,56186
15408,3835,33,1,67163
15409,3835,15,4,59265
15410,3835,45,4,89685
15411,3836,58,3,66996
15412,3836,36,4,50269
15413,3836,16,1,21730
15414,3836,9,3,24385
15415,3836,67,2,71990
15416,3837,100,4,55240
15417,3837,99,3,64203
15418,3837,66,2,21309
15419,3837,93,4,25266
15420,3838,4,5,72183
15421,3838,23,1,13902
15422,3838,96,4,93706
15423,3839,3,5,92869
15424,3839,80,4,14416
15425,3839,41,3,16916
15426,3839,1,5,77345
15427,3840,40,4,63117
15428,3840,100,3,55240
15429,3840,75,2,31489
15430,3840,3,1,92869
15431,3841,80,1,14416
15432,3841,88,5,82751
15433,3841,5,4,35124
15434,3842,78,5,21761
15435,3842,65,5,95196
15436,3842,88,5,82751
15437,3842,89,1,99643
15438,3843,23,4,13902
15439,3843,41,3,16916
15440,3843,91,2,87573
15441,3843,81,5,69446
15442,3844,59,1,68303
15443,3844,89,2,99643
15444,3844,15,3,59265
15445,3844,51,2,22310
15446,3844,83,1,57341
15447,3845,2,2,16956
15448,3845,8,4,71394
15449,3845,90,1,99988
15450,3845,92,3,43974
15451,3845,19,4,24844
15452,3846,59,3,68303
15453,3846,91,2,87573
15454,3846,92,4,43974
15455,3846,83,2,57341
15456,3847,92,5,43974
15457,3847,70,3,16773
15458,3847,37,3,31314
15459,3847,28,4,53426
15460,3847,96,2,93706
15461,3848,60,3,91851
15462,3848,44,4,55170
15463,3848,66,3,21309
15464,3849,74,4,60296
15465,3849,25,5,95530
15466,3849,35,5,27106
15467,3849,47,2,38951
15468,3850,80,4,14416
15469,3850,26,5,47395
15470,3850,12,5,31257
15471,3851,65,2,95196
15472,3851,68,3,92995
15473,3851,21,3,33591
15474,3851,36,4,50269
15475,3852,90,2,99988
15476,3852,39,3,30610
15477,3852,91,3,87573
15478,3852,54,5,55716
15479,3852,17,3,32785
15480,3853,26,3,47395
15481,3853,3,5,92869
15482,3853,46,5,39246
15483,3853,72,1,53594
15484,3854,30,5,22486
15485,3854,77,5,62543
15486,3854,96,1,93706
15487,3855,88,4,82751
15488,3855,91,4,87573
15489,3855,60,3,91851
15490,3855,34,5,71809
15491,3855,75,5,31489
15492,3856,92,1,43974
15493,3856,57,5,87341
15494,3856,13,4,60825
15495,3857,75,5,31489
15496,3857,31,2,25080
15497,3857,2,4,16956
15498,3858,25,2,95530
15499,3858,16,5,21730
15500,3858,30,4,22486
15501,3859,70,2,16773
15502,3859,52,3,47423
15503,3859,94,1,54643
15504,3859,21,1,33591
15505,3859,57,4,87341
15506,3860,67,4,71990
15507,3860,95,4,10177
15508,3860,85,4,49747
15509,3861,20,5,13940
15510,3861,35,1,27106
15511,3861,48,4,56186
15512,3861,73,1,58762
15513,3862,11,5,42580
15514,3862,15,5,59265
15515,3862,45,4,89685
15516,3863,97,3,24578
15517,3863,37,4,31314
15518,3863,3,4,92869
15519,3864,15,4,59265
15520,3864,45,2,89685
15521,3864,5,3,35124
15522,3864,49,1,86790
15523,3864,62,4,39951
15524,3865,9,2,24385
15525,3865,11,1,42580
15526,3865,78,5,21761
15527,3865,69,2,66333
15528,3866,38,1,89599
15529,3866,25,5,95530
15530,3866,86,5,33028
15531,3866,75,3,31489
15532,3867,2,1,16956
15533,3867,10,3,15030
15534,3867,56,5,13545
15535,3867,68,3,92995
15536,3868,4,4,72183
15537,3868,40,2,63117
15538,3868,39,3,30610
15539,3869,31,1,25080
15540,3869,20,4,13940
15541,3869,16,4,21730
15542,3869,40,1,63117
15543,3870,79,4,37051
15544,3870,94,2,54643
15545,3870,19,2,24844
15546,3870,70,3,16773
15547,3871,18,1,49881
15548,3871,79,1,37051
15549,3871,16,5,21730
15550,3871,17,5,32785
15551,3872,40,4,63117
15552,3872,10,2,15030
15553,3872,63,4,59829
15554,3872,5,3,35124
15555,3873,48,3,56186
15556,3873,100,1,55240
15557,3873,57,5,87341
15558,3873,44,2,55170
15559,3873,46,5,39246
15560,3874,17,4,32785
15561,3874,99,1,64203
15562,3874,62,3,39951
15563,3875,76,3,95956
15564,3875,66,3,21309
15565,3875,82,2,40303
15566,3875,16,4,21730
15567,3876,16,4,21730
15568,3876,32,5,82134
15569,3876,70,3,16773
15570,3876,44,2,55170
15571,3877,93,4,25266
15572,3877,24,2,96972
15573,3877,41,4,16916
15574,3878,45,1,89685
15575,3878,92,3,43974
15576,3878,26,3,47395
15577,3878,53,4,58950
15578,3878,57,5,87341
15579,3879,91,1,87573
15580,3879,7,5,51167
15581,3879,75,4,31489
15582,3879,84,2,78759
15583,3879,18,3,49881
15584,3880,15,5,59265
15585,3880,43,2,37544
15586,3880,63,5,59829
15587,3880,29,2,27367
15588,3880,64,4,18863
15589,3881,1,2,77345
15590,3881,34,4,71809
15591,3881,63,4,59829
15592,3882,50,2,53007
15593,3882,21,1,33591
15594,3882,90,1,99988
15595,3882,31,5,25080
15596,3883,82,5,40303
15597,3883,76,2,95956
15598,3883,91,2,87573
15599,3883,1,4,77345
15600,3884,68,3,92995
15601,3884,84,3,78759
15602,3884,40,3,63117
15603,3885,55,4,50282
15604,3885,21,1,33591
15605,3885,74,5,60296
15606,3885,29,2,27367
15607,3886,87,2,47322
15608,3886,60,1,91851
15609,3886,93,5,25266
15610,3886,23,3,13902
15611,3887,67,2,71990
15612,3887,72,5,53594
15613,3887,75,5,31489
15614,3888,83,3,57341
15615,3888,48,1,56186
15616,3888,73,1,58762
15617,3888,64,1,18863
15618,3889,76,4,95956
15619,3889,3,5,92869
15620,3889,56,2,13545
15621,3890,96,4,93706
15622,3890,63,5,59829
15623,3890,11,1,42580
15624,3890,40,4,63117
15625,3891,58,1,66996
15626,3891,9,2,24385
15627,3891,76,5,95956
15628,3891,4,5,72183
15629,3892,70,3,16773
15630,3892,79,5,37051
15631,3892,48,1,56186
15632,3892,3,2,92869
15633,3892,24,2,96972
15634,3893,18,5,49881
15635,3893,92,1,43974
15636,3893,53,4,58950
15637,3893,98,2,88669
15638,3893,99,5,64203
15639,3894,61,3,83461
15640,3894,4,3,72183
15641,3894,66,5,21309
15642,3894,52,1,47423
15643,3894,42,4,44615
15644,3895,89,1,99643
15645,3895,7,3,51167
15646,3895,46,5,39246
15647,3895,36,2,50269
15648,3895,30,4,22486
15649,3896,92,5,43974
15650,3896,3,4,92869
15651,3896,54,5,55716
15652,3896,74,1,60296
15653,3897,48,2,56186
15654,3897,34,5,71809
15655,3897,15,1,59265
15656,3897,53,3,58950
15657,3897,97,1,24578
15658,3898,84,3,78759
15659,3898,27,2,85161
15660,3898,9,3,24385
15661,3899,12,3,31257
15662,3899,72,4,53594
15663,3899,34,5,71809
15664,3899,17,5,32785
15665,3899,33,5,67163
15666,3900,71,1,62771
15667,3900,29,1,27367
15668,3900,81,3,69446
15669,3901,22,1,20870
15670,3901,93,2,25266
15671,3901,72,4,53594
15672,3901,20,2,13940
15673,3902,22,1,20870
15674,3902,36,2,50269
15675,3902,11,3,42580
15676,3902,12,1,31257
15677,3903,100,3,55240
15678,3903,19,1,24844
15679,3903,32,4,82134
15680,3904,54,2,55716
15681,3904,82,2,40303
15682,3904,37,4,31314
15683,3904,66,2,21309
15684,3905,52,3,47423
15685,3905,5,3,35124
15686,3905,23,4,13902
15687,3905,15,1,59265
15688,3906,57,5,87341
15689,3906,2,3,16956
15690,3906,37,3,31314
15691,3907,34,4,71809
15692,3907,40,3,63117
15693,3907,66,3,21309
15694,3907,2,4,16956
15695,3908,8,2,71394
15696,3908,44,2,55170
15697,3908,39,5,30610
15698,3908,96,3,93706
15699,3908,19,3,24844
15700,3909,29,5,27367
15701,3909,71,2,62771
15702,3909,40,5,63117
15703,3909,78,3,21761
15704,3909,73,3,58762
15705,3910,74,4,60296
15706,3910,98,3,88669
15707,3910,68,4,92995
15708,3911,28,1,53426
15709,3911,11,3,42580
15710,3911,55,5,50282
15711,3911,74,2,60296
15712,3912,98,1,88669
15713,3912,66,1,21309
15714,3912,72,5,53594
15715,3912,15,2,59265
15716,3913,66,3,21309
15717,3913,83,1,57341
15718,3913,19,3,24844
15719,3913,21,5,33591
15720,3914,14,3,61112
15721,3914,80,3,14416
15722,3914,61,1,83461
15723,3915,41,3,16916
15724,3915,92,5,43974
15725,3915,72,1,53594
15726,3915,46,4,39246
15727,3916,23,5,13902
15728,3916,65,5,95196
15729,3916,2,3,16956
15730,3917,66,4,21309
15731,3917,29,5,27367
15732,3917,42,1,44615
15733,3918,35,2,27106
15734,3918,58,2,66996
15735,3918,1,2,77345
15736,3918,79,4,37051
15737,3919,65,1,95196
15738,3919,39,1,30610
15739,3919,26,3,47395
15740,3920,66,4,21309
15741,3920,86,4,33028
15742,3920,18,3,49881
15743,3920,10,5,15030
15744,3920,41,3,16916
15745,3921,78,2,21761
15746,3921,55,3,50282
15747,3921,17,5,32785
15748,3921,57,1,87341
15749,3922,54,5,55716
15750,3922,47,5,38951
15751,3922,98,2,88669
15752,3922,25,5,95530
15753,3922,2,2,16956
15754,3923,36,2,50269
15755,3923,43,4,37544
15756,3923,8,3,71394
15757,3923,16,2,21730
15758,3923,49,1,86790
15759,3924,73,1,58762
15760,3924,23,2,13902
15761,3924,41,5,16916
15762,3924,12,2,31257
15763,3925,48,1,56186
15764,3925,29,3,27367
15765,3925,79,1,37051
15766,3925,83,3,57341
15767,3925,16,1,21730
15768,3926,45,1,89685
15769,3926,25,5,95530
15770,3926,35,2,27106
15771,3926,80,4,14416
15772,3927,24,3,96972
15773,3927,46,4,39246
15774,3927,74,2,60296
15775,3927,78,1,21761
15776,3927,92,5,43974
15777,3928,54,4,55716
15778,3928,72,1,53594
15779,3928,46,3,39246
15780,3929,56,4,13545
15781,3929,10,1,15030
15782,3929,41,3,16916
15783,3929,23,2,13902
15784,3929,67,4,71990
15785,3930,82,1,40303
15786,3930,8,4,71394
15787,3930,58,4,66996
15788,3931,61,4,83461
15789,3931,67,3,71990
15790,3931,11,1,42580
15791,3932,4,3,72183
15792,3932,25,3,95530
15793,3932,37,5,31314
15794,3932,75,5,31489
15795,3933,16,2,21730
15796,3933,23,4,13902
15797,3933,58,1,66996
15798,3934,44,2,55170
15799,3934,50,3,53007
15800,3934,72,3,53594
15801,3934,80,2,14416
15802,3935,23,4,13902
15803,3935,14,4,61112
15804,3935,35,1,27106
15805,3935,76,1,95956
15806,3935,82,5,40303
15807,3936,41,5,16916
15808,3936,58,5,66996
15809,3936,52,3,47423
15810,3937,41,5,16916
15811,3937,82,2,40303
15812,3937,83,3,57341
15813,3937,87,3,47322
15814,3938,4,2,72183
15815,3938,3,5,92869
15816,3938,39,2,30610
15817,3938,51,2,22310
15818,3938,82,1,40303
15819,3939,53,3,58950
15820,3939,23,4,13902
15821,3939,64,3,18863
15822,3939,74,2,60296
15823,3940,93,4,25266
15824,3940,73,4,58762
15825,3940,1,1,77345
15826,3941,36,4,50269
15827,3941,56,5,13545
15828,3941,75,4,31489
15829,3942,81,1,69446
15830,3942,75,4,31489
15831,3942,92,2,43974
15832,3943,60,5,91851
15833,3943,90,5,99988
15834,3943,45,5,89685
15835,3944,41,4,16916
15836,3944,31,4,25080
15837,3944,49,2,86790
15838,3944,48,4,56186
15839,3944,96,4,93706
15840,3945,68,3,92995
15841,3945,25,5,95530
15842,3945,100,3,55240
15843,3945,77,2,62543
15844,3946,34,1,71809
15845,3946,46,1,39246
15846,3946,25,3,95530
15847,3947,48,2,56186
15848,3947,57,3,87341
15849,3947,43,5,37544
15850,3947,45,2,89685
15851,3948,88,4,82751
15852,3948,22,3,20870
15853,3948,55,1,50282
15854,3948,87,4,47322
15855,3949,17,3,32785
15856,3949,50,5,53007
15857,3949,87,2,47322
15858,3950,2,5,16956
15859,3950,28,3,53426
15860,3950,6,4,23328
15861,3950,27,1,85161
15862,3950,63,3,59829
15863,3951,12,4,31257
15864,3951,31,4,25080
15865,3951,6,2,23328
15866,3951,32,4,82134
15867,3952,47,3,38951
15868,3952,100,1,55240
15869,3952,33,5,67163
15870,3952,25,3,95530
15871,3953,14,4,61112
15872,3953,71,4,62771
15873,3953,29,5,27367
15874,3953,79,5,37051
15875,3953,82,3,40303
15876,3954,42,2,44615
15877,3954,43,4,37544
15878,3954,44,3,55170
15879,3954,32,5,82134
15880,3954,83,2,57341
15881,3955,91,4,87573
15882,3955,93,5,25266
15883,3955,49,1,86790
15884,3955,11,3,42580
15885,3955,39,1,30610
15886,3956,43,4,37544
15887,3956,17,3,32785
15888,3956,64,1,18863
15889,3957,19,1,24844
15890,3957,98,1,88669
15891,3957,39,4,30610
15892,3958,23,4,13902
15893,3958,27,3,85161
15894,3958,93,2,25266
15895,3958,66,1,21309
15896,3958,84,1,78759
15897,3959,91,3,87573
15898,3959,45,5,89685
15899,3959,99,2,64203
15900,3960,69,4,66333
15901,3960,56,4,13545
15902,3960,2,4,16956
15903,3960,61,5,83461
15904,3960,21,2,33591
15905,3961,54,5,55716
15906,3961,20,4,13940
15907,3961,1,4,77345
15908,3962,41,3,16916
15909,3962,81,2,69446
15910,3962,39,2,30610
15911,3963,87,3,47322
15912,3963,40,2,63117
15913,3963,59,3,68303
15914,3963,85,3,49747
15915,3963,55,1,50282
15916,3964,31,2,25080
15917,3964,41,3,16916
15918,3964,26,3,47395
15919,3964,44,4,55170
15920,3964,17,2,32785
15921,3965,60,4,91851
15922,3965,14,1,61112
15923,3965,39,5,30610
15924,3965,66,1,21309
15925,3965,52,2,47423
15926,3966,75,1,31489
15927,3966,7,5,51167
15928,3966,90,4,99988
15929,3967,39,4,30610
15930,3967,38,4,89599
15931,3967,94,1,54643
15932,3967,84,1,78759
15933,3967,87,5,47322
15934,3968,72,1,53594
15935,3968,61,5,83461
15936,3968,99,4,64203
15937,3969,55,1,50282
15938,3969,58,4,66996
15939,3969,97,5,24578
15940,3970,86,1,33028
15941,3970,85,1,49747
15942,3970,13,1,60825
15943,3970,84,3,78759
15944,3970,82,1,40303
15945,3971,92,4,43974
15946,3971,82,5,40303
15947,3971,39,1,30610
15948,3971,11,2,42580
15949,3971,76,4,95956
15950,3972,88,1,82751
15951,3972,35,3,27106
15952,3972,84,5,78759
15953,3972,11,4,42580
15954,3972,43,3,37544
15955,3973,97,3,24578
15956,3973,82,5,40303
15957,3973,7,5,51167
15958,3973,68,3,92995
15959,3973,33,1,67163
15960,3974,87,2,47322
15961,3974,31,1,25080
15962,3974,45,2,89685
15963,3974,52,1,47423
15964,3975,33,2,67163
15965,3975,65,2,95196
15966,3975,82,2,40303
15967,3976,80,4,14416
15968,3976,38,4,89599
15969,3976,72,2,53594
15970,3976,100,4,55240
15971,3976,60,2,91851
15972,3977,5,2,35124
15973,3977,11,1,42580
15974,3977,68,3,92995
15975,3977,55,4,50282
15976,3978,87,4,47322
15977,3978,84,3,78759
15978,3978,93,3,25266
15979,3979,97,1,24578
15980,3979,66,1,21309
15981,3979,48,3,56186
15982,3980,72,3,53594
15983,3980,68,3,92995
15984,3980,16,5,21730
15985,3980,66,3,21309
15986,3980,26,2,47395
15987,3981,60,3,91851
15988,3981,52,2,47423
15989,3981,57,4,87341
15990,3982,40,1,63117
15991,3982,14,2,61112
15992,3982,26,2,47395
15993,3982,17,5,32785
15994,3982,100,4,55240
15995,3983,87,5,47322
15996,3983,59,3,68303
15997,3983,37,4,31314
15998,3983,88,5,82751
15999,3983,86,4,33028
16000,3984,57,3,87341
16001,3984,14,2,61112
16002,3984,72,4,53594
16003,3985,8,2,71394
16004,3985,38,4,89599
16005,3985,17,3,32785
16006,3985,72,1,53594
16007,3985,52,4,47423
16008,3986,19,2,24844
16009,3986,47,4,38951
16010,3986,2,3,16956
16011,3986,50,4,53007
16012,3987,4,4,72183
16013,3987,1,3,77345
16014,3987,67,5,71990
16015,3988,31,1,25080
16016,3988,27,2,85161
16017,3988,15,1,59265
16018,3989,78,1,21761
16019,3989,43,5,37544
16020,3989,62,4,39951
16021,3989,23,3,13902
16022,3990,40,5,63117
16023,3990,80,3,14416
16024,3990,81,1,69446
16025,3990,70,3,16773
16026,3991,21,1,33591
16027,3991,39,2,30610
16028,3991,97,1,24578
16029,3992,95,5,10177
16030,3992,37,3,31314
16031,3992,83,3,57341
16032,3992,14,4,61112
16033,3993,14,1,61112
16034,3993,31,4,25080
16035,3993,74,1,60296
16036,3993,47,1,38951
16037,3994,55,1,50282
16038,3994,43,3,37544
16039,3994,2,5,16956
16040,3995,32,3,82134
16041,3995,26,1,47395
16042,3995,22,5,20870
16043,3995,41,5,16916
16044,3996,32,3,82134
16045,3996,66,5,21309
16046,3996,89,5,99643
16047,3996,31,3,25080
16048,3996,18,1,49881
16049,3997,49,4,86790
16050,3997,6,4,23328
16051,3997,48,1,56186
16052,3997,46,1,39246
16053,3998,60,2,91851
16054,3998,30,1,22486
16055,3998,41,2,16916
16056,3999,17,5,32785
16057,3999,65,3,95196
16058,3999,72,1,53594
16059,3999,38,4,89599
16060,3999,59,2,68303
16061,4000,17,5,32785
16062,4000,86,1,33028
16063,4000,68,1,92995
16064,4000,55,2,50282
16065,4001,9,4,24385
16066,4001,70,2,16773
16067,4001,88,5,82751
16068,4001,10,2,15030
16069,4002,68,2,92995
16070,4002,79,4,37051
16071,4002,60,2,91851
16072,4002,12,1,31257
16073,4002,82,5,40303
16074,4003,28,1,53426
16075,4003,3,3,92869
16076,4003,25,4,95530
16077,4003,35,4,27106
16078,4004,27,1,85161
16079,4004,83,1,57341
16080,4004,97,2,24578
16081,4005,9,1,24385
16082,4005,87,1,47322
16083,4005,65,1,95196
16084,4005,63,1,59829
16085,4006,90,2,99988
16086,4006,53,2,58950
16087,4006,58,4,66996
16088,4006,91,4,87573
16089,4006,41,1,16916
16090,4007,12,3,31257
16091,4007,96,5,93706
16092,4007,66,4,21309
16093,4007,11,1,42580
16094,4007,1,4,77345
16095,4008,82,4,40303
16096,4008,24,5,96972
16097,4008,15,1,59265
16098,4008,62,3,39951
16099,4008,88,5,82751
16100,4009,73,2,58762
16101,4009,91,4,87573
16102,4009,47,1,38951
16103,4010,96,4,93706
16104,4010,7,2,51167
16105,4010,26,2,47395
16106,4010,34,5,71809
16107,4010,77,1,62543
16108,4011,51,3,22310
16109,4011,59,2,68303
16110,4011,71,1,62771
16111,4011,78,2,21761
16112,4011,54,3,55716
16113,4012,15,1,59265
16114,4012,58,3,66996
16115,4012,23,4,13902
16116,4013,41,5,16916
16117,4013,46,1,39246
16118,4013,80,1,14416
16119,4013,57,4,87341
16120,4013,25,2,95530
16121,4014,58,2,66996
16122,4014,65,4,95196
16123,4014,78,2,21761
16124,4014,79,2,37051
16125,4014,34,1,71809
16126,4015,54,3,55716
16127,4015,81,3,69446
16128,4015,58,4,66996
16129,4015,23,2,13902
16130,4016,53,4,58950
16131,4016,42,2,44615
16132,4016,38,5,89599
16133,4016,46,1,39246
16134,4016,15,4,59265
16135,4017,70,1,16773
16136,4017,97,2,24578
16137,4017,48,5,56186
16138,4018,94,4,54643
16139,4018,27,3,85161
16140,4018,71,4,62771
16141,4018,53,4,58950
16142,4019,60,4,91851
16143,4019,75,2,31489
16144,4019,87,5,47322
16145,4020,7,2,51167
16146,4020,39,3,30610
16147,4020,86,4,33028
16148,4021,52,4,47423
16149,4021,60,2,91851
16150,4021,65,5,95196
16151,4021,96,5,93706
16152,4022,83,4,57341
16153,4022,80,1,14416
16154,4022,2,1,16956
16155,4023,73,1,58762
16156,4023,18,4,49881
16157,4023,99,5,64203
16158,4023,38,2,89599
16159,4023,89,1,99643
16160,4024,52,4,47423
16161,4024,78,5,21761
16162,4024,97,1,24578
16163,4024,46,3,39246
16164,4025,15,5,59265
16165,4025,19,2,24844
16166,4025,79,3,37051
16167,4025,98,3,88669
16168,4026,18,5,49881
16169,4026,14,2,61112
16170,4026,13,2,60825
16171,4026,56,4,13545
16172,4026,69,2,66333
16173,4027,62,3,39951
16174,4027,100,1,55240
16175,4027,1,4,77345
16176,4027,9,2,24385
16177,4027,43,2,37544
16178,4028,95,3,10177
16179,4028,70,2,16773
16180,4028,48,3,56186
16181,4028,6,4,23328
16182,4029,80,4,14416
16183,4029,28,2,53426
16184,4029,27,5,85161
16185,4030,95,2,10177
16186,4030,57,5,87341
16187,4030,64,1,18863
16188,4030,47,4,38951
16189,4030,49,3,86790
16190,4031,69,4,66333
16191,4031,5,4,35124
16192,4031,85,2,49747
16193,4031,8,3,71394
16194,4032,74,4,60296
16195,4032,8,3,71394
16196,4032,95,5,10177
16197,4033,15,5,59265
16198,4033,30,4,22486
16199,4033,47,4,38951
16200,4033,77,4,62543
16201,4033,86,3,33028
16202,4034,67,4,71990
16203,4034,27,1,85161
16204,4034,19,1,24844
16205,4034,14,2,61112
16206,4035,93,1,25266
16207,4035,25,3,95530
16208,4035,36,5,50269
16209,4035,15,2,59265
16210,4035,10,1,15030
16211,4036,52,5,47423
16212,4036,73,2,58762
16213,4036,78,2,21761
16214,4036,87,1,47322
16215,4037,38,2,89599
16216,4037,88,2,82751
16217,4037,57,5,87341
16218,4037,15,4,59265
16219,4037,16,4,21730
16220,4038,50,1,53007
16221,4038,66,5,21309
16222,4038,47,4,38951
16223,4038,8,4,71394
16224,4038,3,1,92869
16225,4039,66,5,21309
16226,4039,99,4,64203
16227,4039,15,5,59265
16228,4039,91,4,87573
16229,4040,82,1,40303
16230,4040,26,3,47395
16231,4040,63,2,59829
16232,4040,51,4,22310
16233,4040,8,1,71394
16234,4041,49,4,86790
16235,4041,43,5,37544
16236,4041,32,1,82134
16237,4041,25,5,95530
16238,4041,44,1,55170
16239,4042,46,5,39246
16240,4042,88,4,82751
16241,4042,77,3,62543
16242,4042,72,5,53594
16243,4042,26,5,47395
16244,4043,83,2,57341
16245,4043,74,4,60296
16246,4043,79,1,37051
16247,4043,40,4,63117
16248,4043,90,5,99988
16249,4044,47,3,38951
16250,4044,97,3,24578
16251,4044,59,4,68303
16252,4044,68,1,92995
16253,4045,62,4,39951
16254,4045,41,3,16916
16255,4045,72,4,53594
16256,4045,35,3,27106
16257,4045,88,2,82751
16258,4046,5,3,35124
16259,4046,37,2,31314
16260,4046,22,4,20870
16261,4047,11,1,42580
16262,4047,99,3,64203
16263,4047,68,3,92995
16264,4048,22,2,20870
16265,4048,87,4,47322
16266,4048,45,5,89685
16267,4049,10,3,15030
16268,4049,20,1,13940
16269,4049,53,4,58950
16270,4049,73,1,58762
16271,4050,35,3,27106
16272,4050,23,2,13902
16273,4050,95,5,10177
16274,4051,62,4,39951
16275,4051,38,3,89599
16276,4051,67,5,71990
16277,4051,93,2,25266
16278,4052,99,4,64203
16279,4052,2,3,16956
16280,4052,55,2,50282
16281,4052,48,4,56186
16282,4052,21,3,33591
16283,4053,63,2,59829
16284,4053,3,4,92869
16285,4053,69,2,66333
16286,4054,39,1,30610
16287,4054,25,4,95530
16288,4054,81,1,69446
16289,4054,37,4,31314
16290,4055,24,5,96972
16291,4055,4,3,72183
16292,4055,2,4,16956
16293,4056,54,3,55716
16294,4056,40,1,63117
16295,4056,56,4,13545
16296,4056,25,2,95530
16297,4057,63,5,59829
16298,4057,61,1,83461
16299,4057,83,5,57341
16300,4057,96,2,93706
16301,4057,74,5,60296
16302,4058,28,3,53426
16303,4058,45,1,89685
16304,4058,2,5,16956
16305,4058,72,5,53594
16306,4058,10,2,15030
16307,4059,52,3,47423
16308,4059,72,5,53594
16309,4059,95,1,10177
16310,4059,42,1,44615
16311,4060,20,4,13940
16312,4060,67,1,71990
16313,4060,92,5,43974
16314,4060,52,3,47423
16315,4060,3,4,92869
16316,4061,45,2,89685
16317,4061,71,5,62771
16318,4061,73,3,58762
16319,4061,57,5,87341
16320,4061,54,5,55716
16321,4062,55,3,50282
16322,4062,12,4,31257
16323,4062,11,2,42580
16324,4062,57,1,87341
16325,4062,80,5,14416
16326,4063,11,1,42580
16327,4063,53,4,58950
16328,4063,79,4,37051
16329,4064,52,4,47423
16330,4064,69,2,66333
16331,4064,28,4,53426
16332,4064,98,4,88669
16333,4065,77,1,62543
16334,4065,83,3,57341
16335,4065,68,3,92995
16336,4066,34,1,71809
16337,4066,13,5,60825
16338,4066,47,1,38951
16339,4067,17,3,32785
16340,4067,27,1,85161
16341,4067,31,2,25080
16342,4068,72,4,53594
16343,4068,45,4,89685
16344,4068,90,1,99988
16345,4068,44,2,55170
16346,4069,76,1,95956
16347,4069,35,1,27106
16348,4069,58,1,66996
16349,4069,99,4,64203
16350,4070,67,4,71990
16351,4070,26,4,47395
16352,4070,68,3,92995
16353,4071,52,4,47423
16354,4071,42,4,44615
16355,4071,50,1,53007
16356,4071,53,1,58950
16357,4071,67,4,71990
16358,4072,75,3,31489
16359,4072,94,1,54643
16360,4072,1,5,77345
16361,4072,88,3,82751
16362,4072,97,5,24578
16363,4073,31,4,25080
16364,4073,91,5,87573
16365,4073,48,4,56186
16366,4073,80,1,14416
16367,4074,31,5,25080
16368,4074,30,2,22486
16369,4074,75,2,31489
16370,4075,32,4,82134
16371,4075,90,4,99988
16372,4075,50,1,53007
16373,4075,19,3,24844
16374,4076,6,1,23328
16375,4076,68,4,92995
16376,4076,43,4,37544
16377,4076,96,4,93706
16378,4077,55,2,50282
16379,4077,53,4,58950
16380,4077,6,2,23328
16381,4077,29,3,27367
16382,4077,32,1,82134
16383,4078,31,2,25080
16384,4078,80,4,14416
16385,4078,89,3,99643
16386,4079,36,1,50269
16387,4079,80,1,14416
16388,4079,17,5,32785
16389,4079,11,2,42580
16390,4080,93,2,25266
16391,4080,72,5,53594
16392,4080,74,2,60296
16393,4080,88,3,82751
16394,4081,25,3,95530
16395,4081,78,3,21761
16396,4081,44,3,55170
16397,4081,86,2,33028
16398,4081,2,4,16956
16399,4082,31,5,25080
16400,4082,90,4,99988
16401,4082,84,5,78759
16402,4082,100,3,55240
16403,4083,6,2,23328
16404,4083,35,5,27106
16405,4083,94,5,54643
16406,4083,91,3,87573
16407,4083,96,3,93706
16408,4084,75,2,31489
16409,4084,63,3,59829
16410,4084,50,4,53007
16411,4084,59,3,68303
16412,4084,9,2,24385
16413,4085,82,3,40303
16414,4085,16,4,21730
16415,4085,19,4,24844
16416,4085,97,1,24578
16417,4085,67,4,71990
16418,4086,47,1,38951
16419,4086,85,2,49747
16420,4086,12,2,31257
16421,4086,61,2,83461
16422,4087,4,5,72183
16423,4087,24,1,96972
16424,4087,96,5,93706
16425,4088,6,3,23328
16426,4088,90,3,99988
16427,4088,49,1,86790
16428,4088,88,2,82751
16429,4088,25,4,95530
16430,4089,82,3,40303
16431,4089,47,2,38951
16432,4089,18,3,49881
16433,4090,75,4,31489
16434,4090,5,2,35124
16435,4090,15,5,59265
16436,4090,34,4,71809
16437,4090,12,1,31257
16438,4091,77,1,62543
16439,4091,30,4,22486
16440,4091,2,5,16956
16441,4091,41,2,16916
16442,4092,79,4,37051
16443,4092,3,5,92869
16444,4092,42,4,44615
16445,4092,61,1,83461
16446,4093,27,1,85161
16447,4093,81,1,69446
16448,4093,37,5,31314
16449,4094,61,4,83461
16450,4094,57,1,87341
16451,4094,86,4,33028
16452,4094,6,4,23328
16453,4095,2,4,16956
16454,4095,52,5,47423
16455,4095,83,2,57341
16456,4095,21,4,33591
16457,4096,82,4,40303
16458,4096,68,4,92995
16459,4096,60,5,91851
16460,4097,87,1,47322
16461,4097,10,1,15030
16462,4097,93,2,25266
16463,4097,14,3,61112
16464,4098,93,2,25266
16465,4098,86,5,33028
16466,4098,9,4,24385
16467,4098,2,5,16956
16468,4099,8,1,71394
16469,4099,1,1,77345
16470,4099,98,3,88669
16471,4100,93,4,25266
16472,4100,56,4,13545
16473,4100,84,3,78759
16474,4100,34,4,71809
16475,4100,8,5,71394
16476,4101,86,3,33028
16477,4101,53,2,58950
16478,4101,81,5,69446
16479,4101,47,2,38951
16480,4101,54,5,55716
16481,4102,59,5,68303
16482,4102,50,5,53007
16483,4102,66,3,21309
16484,4102,40,4,63117
16485,4102,3,4,92869
16486,4103,17,5,32785
16487,4103,63,1,59829
16488,4103,93,4,25266
16489,4103,67,2,71990
16490,4103,15,5,59265
16491,4104,43,1,37544
16492,4104,69,1,66333
16493,4104,55,4,50282
16494,4104,50,1,53007
16495,4105,22,2,20870
16496,4105,28,4,53426
16497,4105,27,4,85161
16498,4106,76,2,95956
16499,4106,35,2,27106
16500,4106,42,3,44615
16501,4107,90,2,99988
16502,4107,26,2,47395
16503,4107,84,4,78759
16504,4108,74,2,60296
16505,4108,3,3,92869
16506,4108,17,4,32785
16507,4108,15,4,59265
16508,4109,18,2,49881
16509,4109,67,2,71990
16510,4109,70,5,16773
16511,4109,82,4,40303
16512,4110,97,3,24578
16513,4110,27,2,85161
16514,4110,40,2,63117
16515,4111,28,1,53426
16516,4111,95,3,10177
16517,4111,83,1,57341
16518,4111,88,1,82751
16519,4112,6,1,23328
16520,4112,48,2,56186
16521,4112,56,5,13545
16522,4112,15,1,59265
16523,4113,89,1,99643
16524,4113,50,4,53007
16525,4113,43,2,37544
16526,4114,26,1,47395
16527,4114,65,2,95196
16528,4114,85,1,49747
16529,4115,42,3,44615
16530,4115,84,3,78759
16531,4115,74,5,60296
16532,4115,16,2,21730
16533,4116,1,5,77345
16534,4116,32,4,82134
16535,4116,77,3,62543
16536,4116,60,4,91851
16537,4117,48,5,56186
16538,4117,67,2,71990
16539,4117,58,3,66996
16540,4118,72,1,53594
16541,4118,7,5,51167
16542,4118,35,3,27106
16543,4118,66,3,21309
16544,4118,10,2,15030
16545,4119,85,5,49747
16546,4119,42,4,44615
16547,4119,50,4,53007
16548,4119,86,3,33028
16549,4119,1,2,77345
16550,4120,56,3,13545
16551,4120,3,5,92869
16552,4120,12,1,31257
16553,4121,30,2,22486
16554,4121,95,1,10177
16555,4121,66,1,21309
16556,4121,74,5,60296
16557,4122,85,3,49747
16558,4122,19,4,24844
16559,4122,31,3,25080
16560,4123,72,1,53594
16561,4123,37,1,31314
16562,4123,92,3,43974
16563,4123,71,5,62771
16564,4123,59,4,68303
16565,4124,83,3,57341
16566,4124,43,1,37544
16567,4124,11,1,42580
16568,4125,41,3,16916
16569,4125,47,4,38951
16570,4125,35,1,27106
16571,4125,5,3,35124
16572,4125,61,3,83461
16573,4126,3,3,92869
16574,4126,27,2,85161
16575,4126,71,3,62771
16576,4126,86,3,33028
16577,4126,51,1,22310
16578,4127,18,2,49881
16579,4127,42,5,44615
16580,4127,11,5,42580
16581,4128,32,1,82134
16582,4128,62,1,39951
16583,4128,26,4,47395
16584,4128,46,3,39246
16585,4128,76,5,95956
16586,4129,57,4,87341
16587,4129,16,1,21730
16588,4129,51,1,22310
16589,4130,88,2,82751
16590,4130,77,3,62543
16591,4130,37,4,31314
16592,4130,31,4,25080
16593,4131,22,5,20870
16594,4131,1,1,77345
16595,4131,31,5,25080
16596,4132,94,5,54643
16597,4132,75,3,31489
16598,4132,82,2,40303
16599,4132,84,1,78759
16600,4133,68,4,92995
16601,4133,28,5,53426
16602,4133,13,5,60825
16603,4133,92,5,43974
16604,4133,38,1,89599
16605,4134,96,1,93706
16606,4134,78,3,21761
16607,4134,47,1,38951
16608,4134,36,5,50269
16609,4135,69,3,66333
16610,4135,27,2,85161
16611,4135,63,2,59829
16612,4135,86,1,33028
16613,4135,73,3,58762
16614,4136,5,2,35124
16615,4136,16,5,21730
16616,4136,23,5,13902
16617,4136,85,4,49747
16618,4136,32,5,82134
16619,4137,56,2,13545
16620,4137,44,3,55170
16621,4137,71,4,62771
16622,4137,23,1,13902
16623,4138,66,1,21309
16624,4138,90,2,99988
16625,4138,11,3,42580
16626,4138,55,1,50282
16627,4139,80,1,14416
16628,4139,21,2,33591
16629,4139,70,5,16773
16630,4139,11,2,42580
16631,4140,4,3,72183
16632,4140,56,5,13545
16633,4140,6,3,23328
16634,4140,7,3,51167
16635,4141,1,2,77345
16636,4141,56,2,13545
16637,4141,97,5,24578
16638,4142,16,2,21730
16639,4142,50,1,53007
16640,4142,92,1,43974
16641,4143,39,2,30610
16642,4143,87,2,47322
16643,4143,6,3,23328
16644,4144,34,4,71809
16645,4144,99,5,64203
16646,4144,92,2,43974
16647,4144,45,5,89685
16648,4145,15,4,59265
16649,4145,99,3,64203
16650,4145,91,3,87573
16651,4145,96,5,93706
16652,4145,51,5,22310
16653,4146,19,5,24844
16654,4146,93,3,25266
16655,4146,62,2,39951
16656,4146,88,1,82751
16657,4147,19,1,24844
16658,4147,6,1,23328
16659,4147,87,2,47322
16660,4147,81,3,69446
16661,4148,99,5,64203
16662,4148,85,2,49747
16663,4148,76,4,95956
16664,4148,7,3,51167
16665,4148,49,3,86790
16666,4149,76,5,95956
16667,4149,79,2,37051
16668,4149,78,5,21761
16669,4149,44,5,55170
16670,4149,49,2,86790
16671,4150,80,5,14416
16672,4150,38,5,89599
16673,4150,41,3,16916
16674,4150,35,5,27106
16675,4150,47,4,38951
16676,4151,73,2,58762
16677,4151,36,1,50269
16678,4151,99,1,64203
16679,4151,72,3,53594
16680,4152,31,5,25080
16681,4152,45,1,89685
16682,4152,35,1,27106
16683,4153,61,1,83461
16684,4153,83,2,57341
16685,4153,28,2,53426
16686,4153,37,1,31314
16687,4154,96,1,93706
16688,4154,19,2,24844
16689,4154,10,1,15030
16690,4154,80,2,14416
16691,4155,34,5,71809
16692,4155,10,2,15030
16693,4155,88,1,82751
16694,4155,24,3,96972
16695,4156,88,1,82751
16696,4156,39,2,30610
16697,4156,56,5,13545
16698,4156,82,1,40303
16699,4156,13,1,60825
16700,4157,60,1,91851
16701,4157,84,3,78759
16702,4157,1,3,77345
16703,4158,69,3,66333
16704,4158,58,4,66996
16705,4158,62,2,39951
16706,4158,38,4,89599
16707,4159,52,2,47423
16708,4159,50,5,53007
16709,4159,32,4,82134
16710,4159,37,4,31314
16711,4159,46,2,39246
16712,4160,42,5,44615
16713,4160,77,5,62543
16714,4160,69,2,66333
16715,4160,85,5,49747
16716,4160,97,2,24578
16717,4161,9,4,24385
16718,4161,98,3,88669
16719,4161,95,3,10177
16720,4162,8,4,71394
16721,4162,60,1,91851
16722,4162,73,1,58762
16723,4163,34,1,71809
16724,4163,91,2,87573
16725,4163,40,4,63117
16726,4163,79,1,37051
16727,4163,99,5,64203
16728,4164,40,4,63117
16729,4164,99,1,64203
16730,4164,17,3,32785
16731,4164,83,5,57341
16732,4164,97,3,24578
16733,4165,72,1,53594
16734,4165,36,5,50269
16735,4165,60,4,91851
16736,4166,14,4,61112
16737,4166,59,3,68303
16738,4166,11,1,42580
16739,4166,12,4,31257
16740,4166,15,1,59265
16741,4167,24,2,96972
16742,4167,9,5,24385
16743,4167,22,4,20870
16744,4168,77,4,62543
16745,4168,76,5,95956
16746,4168,58,5,66996
16747,4168,94,5,54643
16748,4169,39,5,30610
16749,4169,26,3,47395
16750,4169,77,3,62543
16751,4169,23,3,13902
16752,4169,79,1,37051
16753,4170,71,4,62771
16754,4170,96,1,93706
16755,4170,49,1,86790
16756,4170,70,3,16773
16757,4170,73,2,58762
16758,4171,35,5,27106
16759,4171,95,1,10177
16760,4171,99,1,64203
16761,4172,88,3,82751
16762,4172,22,5,20870
16763,4172,21,2,33591
16764,4173,10,1,15030
16765,4173,58,3,66996
16766,4173,51,2,22310
16767,4173,36,3,50269
16768,4174,21,1,33591
16769,4174,61,2,83461
16770,4174,87,3,47322
16771,4174,97,4,24578
16772,4174,53,1,58950
16773,4175,30,2,22486
16774,4175,70,4,16773
16775,4175,21,4,33591
16776,4175,76,2,95956
16777,4176,35,2,27106
16778,4176,62,2,39951
16779,4176,69,1,66333
16780,4176,99,5,64203
16781,4176,70,1,16773
16782,4177,58,4,66996
16783,4177,25,3,95530
16784,4177,52,1,47423
16785,4177,77,2,62543
16786,4178,26,4,47395
16787,4178,14,1,61112
16788,4178,99,4,64203
16789,4179,25,2,95530
16790,4179,72,5,53594
16791,4179,81,5,69446
16792,4180,49,5,86790
16793,4180,3,4,92869
16794,4180,11,2,42580
16795,4181,56,2,13545
16796,4181,20,1,13940
16797,4181,84,3,78759
16798,4182,81,2,69446
16799,4182,21,5,33591
16800,4182,25,5,95530
16801,4183,20,5,13940
16802,4183,53,2,58950
16803,4183,22,3,20870
16804,4183,26,4,47395
16805,4184,31,1,25080
16806,4184,54,3,55716
16807,4184,32,1,82134
16808,4184,6,3,23328
16809,4184,92,5,43974
16810,4185,14,1,61112
16811,4185,15,3,59265
16812,4185,54,5,55716
16813,4185,82,5,40303
16814,4186,73,1,58762
16815,4186,91,5,87573
16816,4186,80,1,14416
16817,4186,16,3,21730
16818,4187,71,4,62771
16819,4187,10,4,15030
16820,4187,31,5,25080
16821,4187,60,2,91851
16822,4188,77,1,62543
16823,4188,27,1,85161
16824,4188,78,4,21761
16825,4188,100,2,55240
16826,4189,11,5,42580
16827,4189,77,3,62543
16828,4189,12,2,31257
16829,4190,60,3,91851
16830,4190,9,2,24385
16831,4190,25,1,95530
16832,4190,19,2,24844
16833,4191,56,5,13545
16834,4191,50,1,53007
16835,4191,16,2,21730
16836,4191,87,1,47322
16837,4192,60,5,91851
16838,4192,16,1,21730
16839,4192,50,2,53007
16840,4193,12,3,31257
16841,4193,96,4,93706
16842,4193,17,1,32785
16843,4193,64,3,18863
16844,4193,87,5,47322
16845,4194,33,3,67163
16846,4194,68,2,92995
16847,4194,49,1,86790
16848,4195,33,5,67163
16849,4195,87,1,47322
16850,4195,24,5,96972
16851,4196,75,5,31489
16852,4196,73,1,58762
16853,4196,2,1,16956
16854,4196,90,4,99988
16855,4197,18,1,49881
16856,4197,80,4,14416
16857,4197,84,5,78759
16858,4198,50,2,53007
16859,4198,83,4,57341
16860,4198,17,5,32785
16861,4199,75,1,31489
16862,4199,6,1,23328
16863,4199,91,1,87573
16864,4200,67,1,71990
16865,4200,59,3,68303
16866,4200,38,4,89599
16867,4200,29,1,27367
16868,4201,40,1,63117
16869,4201,36,2,50269
16870,4201,35,3,27106
16871,4201,20,1,13940
16872,4201,71,4,62771
16873,4202,40,1,63117
16874,4202,37,4,31314
16875,4202,95,1,10177
16876,4202,64,1,18863
16877,4202,45,5,89685
16878,4203,64,4,18863
16879,4203,88,4,82751
16880,4203,87,4,47322
16881,4204,18,3,49881
16882,4204,7,5,51167
16883,4204,68,3,92995
16884,4204,75,5,31489
16885,4204,65,3,95196
16886,4205,92,4,43974
16887,4205,98,2,88669
16888,4205,9,4,24385
16889,4205,78,3,21761
16890,4206,81,3,69446
16891,4206,68,3,92995
16892,4206,77,5,62543
16893,4206,12,4,31257
16894,4207,90,5,99988
16895,4207,49,5,86790
16896,4207,1,5,77345
16897,4207,88,4,82751
16898,4208,52,3,47423
16899,4208,53,5,58950
16900,4208,49,4,86790
16901,4208,16,4,21730
16902,4209,81,2,69446
16903,4209,29,2,27367
16904,4209,94,1,54643
16905,4209,1,3,77345
16906,4210,79,4,37051
16907,4210,44,4,55170
16908,4210,78,1,21761
16909,4211,67,3,71990
16910,4211,72,1,53594
16911,4211,36,5,50269
16912,4211,25,3,95530
16913,4212,18,5,49881
16914,4212,88,5,82751
16915,4212,1,4,77345
16916,4212,24,4,96972
16917,4212,6,2,23328
16918,4213,65,5,95196
16919,4213,44,5,55170
16920,4213,26,4,47395
16921,4213,48,1,56186
16922,4213,100,3,55240
16923,4214,87,5,47322
16924,4214,58,2,66996
16925,4214,93,1,25266
16926,4215,71,2,62771
16927,4215,40,5,63117
16928,4215,78,5,21761
16929,4215,87,4,47322
16930,4216,27,3,85161
16931,4216,29,4,27367
16932,4216,87,3,47322
16933,4217,49,2,86790
16934,4217,20,1,13940
16935,4217,33,4,67163
16936,4217,89,4,99643
16937,4218,57,3,87341
16938,4218,92,2,43974
16939,4218,19,5,24844
16940,4218,55,1,50282
16941,4218,64,3,18863
16942,4219,75,4,31489
16943,4219,43,4,37544
16944,4219,38,5,89599
16945,4220,52,1,47423
16946,4220,66,4,21309
16947,4220,84,4,78759
16948,4221,90,1,99988
16949,4221,86,1,33028
16950,4221,40,5,63117
16951,4221,26,2,47395
16952,4222,47,2,38951
16953,4222,70,2,16773
16954,4222,12,1,31257
16955,4222,81,1,69446
16956,4222,21,2,33591
16957,4223,27,5,85161
16958,4223,73,4,58762
16959,4223,45,4,89685
16960,4223,63,2,59829
16961,4224,40,2,63117
16962,4224,59,5,68303
16963,4224,72,1,53594
16964,4224,84,2,78759
16965,4225,58,5,66996
16966,4225,46,2,39246
16967,4225,21,3,33591
16968,4226,40,5,63117
16969,4226,51,5,22310
16970,4226,3,1,92869
16971,4226,57,4,87341
16972,4227,42,4,44615
16973,4227,52,1,47423
16974,4227,74,2,60296
16975,4228,10,4,15030
16976,4228,39,4,30610
16977,4228,95,5,10177
16978,4228,28,3,53426
16979,4228,87,2,47322
16980,4229,16,2,21730
16981,4229,11,2,42580
16982,4229,71,2,62771
16983,4230,39,4,30610
16984,4230,1,2,77345
16985,4230,79,1,37051
16986,4231,38,2,89599
16987,4231,62,1,39951
16988,4231,4,1,72183
16989,4231,81,5,69446
16990,4232,58,4,66996
16991,4232,81,4,69446
16992,4232,71,1,62771
16993,4233,80,4,14416
16994,4233,92,2,43974
16995,4233,91,5,87573
16996,4234,58,4,66996
16997,4234,52,4,47423
16998,4234,97,3,24578
16999,4234,61,2,83461
17000,4235,13,3,60825
17001,4235,71,5,62771
17002,4235,40,3,63117
17003,4235,44,1,55170
17004,4236,22,5,20870
17005,4236,51,2,22310
17006,4236,52,1,47423
17007,4236,56,1,13545
17008,4237,91,4,87573
17009,4237,11,1,42580
17010,4237,32,1,82134
17011,4237,46,5,39246
17012,4238,85,2,49747
17013,4238,92,2,43974
17014,4238,38,1,89599
17015,4238,91,4,87573
17016,4238,51,3,22310
17017,4239,80,1,14416
17018,4239,100,2,55240
17019,4239,58,5,66996
17020,4240,57,3,87341
17021,4240,44,3,55170
17022,4240,31,2,25080
17023,4240,48,1,56186
17024,4240,85,2,49747
17025,4241,92,1,43974
17026,4241,70,2,16773
17027,4241,14,4,61112
17028,4241,48,1,56186
17029,4242,9,5,24385
17030,4242,78,2,21761
17031,4242,59,2,68303
17032,4242,29,5,27367
17033,4242,15,2,59265
17034,4243,39,2,30610
17035,4243,2,4,16956
17036,4243,29,4,27367
17037,4244,7,3,51167
17038,4244,18,2,49881
17039,4244,62,3,39951
17040,4244,8,4,71394
17041,4244,65,2,95196
17042,4245,26,3,47395
17043,4245,5,3,35124
17044,4245,85,1,49747
17045,4245,36,4,50269
17046,4246,60,3,91851
17047,4246,1,1,77345
17048,4246,26,4,47395
17049,4247,26,5,47395
17050,4247,13,1,60825
17051,4247,83,4,57341
17052,4248,64,5,18863
17053,4248,3,2,92869
17054,4248,83,4,57341
17055,4248,11,4,42580
17056,4249,44,1,55170
17057,4249,72,1,53594
17058,4249,30,2,22486
17059,4250,27,2,85161
17060,4250,7,5,51167
17061,4250,99,4,64203
17062,4250,70,4,16773
17063,4250,31,1,25080
17064,4251,63,3,59829
17065,4251,27,1,85161
17066,4251,46,2,39246
17067,4251,53,1,58950
17068,4251,11,2,42580
17069,4252,73,4,58762
17070,4252,83,3,57341
17071,4252,39,4,30610
17072,4252,67,1,71990
17073,4252,58,4,66996
17074,4253,79,2,37051
17075,4253,40,5,63117
17076,4253,81,2,69446
17077,4254,21,1,33591
17078,4254,55,5,50282
17079,4254,91,3,87573
17080,4254,65,5,95196
17081,4255,69,1,66333
17082,4255,31,4,25080
17083,4255,78,4,21761
17084,4256,98,3,88669
17085,4256,43,2,37544
17086,4256,7,4,51167
17087,4256,68,5,92995
17088,4256,24,5,96972
17089,4257,90,2,99988
17090,4257,38,3,89599
17091,4257,16,2,21730
17092,4257,81,1,69446
17093,4258,6,2,23328
17094,4258,76,3,95956
17095,4258,35,2,27106
17096,4258,12,2,31257
17097,4258,90,4,99988
17098,4259,81,5,69446
17099,4259,98,3,88669
17100,4259,55,2,50282
17101,4259,33,2,67163
17102,4259,75,2,31489
17103,4260,98,3,88669
17104,4260,75,3,31489
17105,4260,86,1,33028
17106,4261,81,3,69446
17107,4261,19,2,24844
17108,4261,7,5,51167
17109,4262,21,1,33591
17110,4262,69,2,66333
17111,4262,24,5,96972
17112,4262,84,4,78759
17113,4262,34,3,71809
17114,4263,56,3,13545
17115,4263,96,1,93706
17116,4263,7,1,51167
17117,4263,28,4,53426
17118,4263,90,1,99988
17119,4264,23,5,13902
17120,4264,19,2,24844
17121,4264,49,2,86790
17122,4264,52,4,47423
17123,4265,27,3,85161
17124,4265,24,1,96972
17125,4265,58,2,66996
17126,4266,95,4,10177
17127,4266,86,2,33028
17128,4266,74,2,60296
17129,4267,5,3,35124
17130,4267,79,1,37051
17131,4267,7,1,51167
17132,4267,4,5,72183
17133,4267,17,4,32785
17134,4268,15,1,59265
17135,4268,22,5,20870
17136,4268,84,3,78759
17137,4268,91,2,87573
17138,4269,50,2,53007
17139,4269,40,1,63117
17140,4269,72,2,53594
17141,4269,60,5,91851
17142,4269,51,2,22310
17143,4270,35,5,27106
17144,4270,28,2,53426
17145,4270,72,3,53594
17146,4270,47,2,38951
17147,4271,6,4,23328
17148,4271,21,4,33591
17149,4271,79,3,37051
17150,4271,23,3,13902
17151,4271,53,4,58950
17152,4272,95,3,10177
17153,4272,77,1,62543
17154,4272,22,5,20870
17155,4272,43,3,37544
17156,4272,48,2,56186
17157,4273,79,3,37051
17158,4273,70,3,16773
17159,4273,77,1,62543
17160,4273,43,5,37544
17161,4274,28,1,53426
17162,4274,3,5,92869
17163,4274,56,3,13545
17164,4274,78,1,21761
17165,4274,88,2,82751
17166,4275,77,3,62543
17167,4275,66,5,21309
17168,4275,19,3,24844
17169,4275,59,1,68303
17170,4276,40,3,63117
17171,4276,78,5,21761
17172,4276,74,4,60296
17173,4276,68,1,92995
17174,4276,46,4,39246
17175,4277,58,4,66996
17176,4277,93,4,25266
17177,4277,21,4,33591
17178,4277,24,4,96972
17179,4277,13,2,60825
17180,4278,47,2,38951
17181,4278,6,5,23328
17182,4278,53,2,58950
17183,4278,74,4,60296
17184,4278,63,5,59829
17185,4279,87,2,47322
17186,4279,69,1,66333
17187,4279,91,3,87573
17188,4279,89,3,99643
17189,4280,38,3,89599
17190,4280,100,1,55240
17191,4280,2,3,16956
17192,4280,30,1,22486
17193,4280,28,3,53426
17194,4281,31,3,25080
17195,4281,90,1,99988
17196,4281,86,4,33028
17197,4281,72,5,53594
17198,4281,38,2,89599
17199,4282,20,3,13940
17200,4282,74,5,60296
17201,4282,66,5,21309
17202,4282,40,4,63117
17203,4282,47,2,38951
17204,4283,88,1,82751
17205,4283,70,3,16773
17206,4283,3,4,92869
17207,4283,53,5,58950
17208,4284,46,4,39246
17209,4284,83,5,57341
17210,4284,42,1,44615
17211,4284,33,3,67163
17212,4284,29,2,27367
17213,4285,35,3,27106
17214,4285,68,4,92995
17215,4285,58,1,66996
17216,4285,1,4,77345
17217,4286,66,1,21309
17218,4286,42,4,44615
17219,4286,91,5,87573
17220,4286,35,4,27106
17221,4287,35,4,27106
17222,4287,70,4,16773
17223,4287,86,4,33028
17224,4287,57,2,87341
17225,4287,13,3,60825
17226,4288,99,4,64203
17227,4288,91,5,87573
17228,4288,24,3,96972
17229,4289,28,4,53426
17230,4289,80,2,14416
17231,4289,10,3,15030
17232,4289,70,3,16773
17233,4290,75,2,31489
17234,4290,67,1,71990
17235,4290,66,2,21309
17236,4290,28,5,53426
17237,4290,48,3,56186
17238,4291,28,5,53426
17239,4291,7,2,51167
17240,4291,61,3,83461
17241,4292,76,2,95956
17242,4292,15,3,59265
17243,4292,2,1,16956
17244,4293,60,5,91851
17245,4293,63,3,59829
17246,4293,29,5,27367
17247,4293,75,2,31489
17248,4293,54,3,55716
17249,4294,82,2,40303
17250,4294,2,5,16956
17251,4294,62,2,39951
17252,4294,68,4,92995
17253,4295,47,5,38951
17254,4295,35,3,27106
17255,4295,100,5,55240
17256,4295,25,4,95530
17257,4295,43,4,37544
17258,4296,65,5,95196
17259,4296,4,1,72183
17260,4296,50,5,53007
17261,4296,80,4,14416
17262,4297,7,3,51167
17263,4297,27,1,85161
17264,4297,65,3,95196
17265,4298,27,4,85161
17266,4298,94,2,54643
17267,4298,50,1,53007
17268,4299,18,1,49881
17269,4299,47,3,38951
17270,4299,9,2,24385
17271,4299,19,2,24844
17272,4300,23,2,13902
17273,4300,69,3,66333
17274,4300,86,2,33028
17275,4301,14,3,61112
17276,4301,96,1,93706
17277,4301,52,3,47423
17278,4302,2,2,16956
17279,4302,81,2,69446
17280,4302,64,1,18863
17281,4303,97,5,24578
17282,4303,1,3,77345
17283,4303,33,3,67163
17284,4303,41,3,16916
17285,4303,94,2,54643
17286,4304,60,4,91851
17287,4304,9,2,24385
17288,4304,82,2,40303
17289,4304,95,5,10177
17290,4305,24,4,96972
17291,4305,41,1,16916
17292,4305,32,5,82134
17293,4305,62,1,39951
17294,4306,67,5,71990
17295,4306,62,2,39951
17296,4306,87,1,47322
17297,4306,7,3,51167
17298,4307,7,3,51167
17299,4307,58,4,66996
17300,4307,23,3,13902
17301,4307,81,2,69446
17302,4308,83,4,57341
17303,4308,47,4,38951
17304,4308,99,4,64203
17305,4308,84,1,78759
17306,4309,14,4,61112
17307,4309,51,3,22310
17308,4309,7,1,51167
17309,4310,93,5,25266
17310,4310,98,5,88669
17311,4310,21,5,33591
17312,4311,37,2,31314
17313,4311,27,1,85161
17314,4311,36,4,50269
17315,4312,14,2,61112
17316,4312,1,1,77345
17317,4312,58,1,66996
17318,4313,59,2,68303
17319,4313,60,2,91851
17320,4313,75,4,31489
17321,4314,78,2,21761
17322,4314,25,4,95530
17323,4314,31,4,25080
17324,4314,6,1,23328
17325,4315,49,1,86790
17326,4315,23,1,13902
17327,4315,34,4,71809
17328,4315,2,5,16956
17329,4315,97,3,24578
17330,4316,70,2,16773
17331,4316,23,2,13902
17332,4316,35,4,27106
17333,4316,81,1,69446
17334,4317,16,2,21730
17335,4317,94,2,54643
17336,4317,76,4,95956
17337,4317,83,2,57341
17338,4317,40,2,63117
17339,4318,49,1,86790
17340,4318,30,4,22486
17341,4318,94,1,54643
17342,4318,12,2,31257
17343,4318,46,1,39246
17344,4319,15,4,59265
17345,4319,71,4,62771
17346,4319,29,3,27367
17347,4319,37,4,31314
17348,4320,85,2,49747
17349,4320,27,3,85161
17350,4320,54,1,55716
17351,4321,31,3,25080
17352,4321,34,5,71809
17353,4321,2,3,16956
17354,4321,86,4,33028
17355,4322,93,5,25266
17356,4322,67,1,71990
17357,4322,30,3,22486
17358,4323,71,4,62771
17359,4323,32,5,82134
17360,4323,74,4,60296
17361,4324,88,5,82751
17362,4324,41,1,16916
17363,4324,25,1,95530
17364,4325,73,5,58762
17365,4325,22,3,20870
17366,4325,98,4,88669
17367,4326,88,1,82751
17368,4326,7,1,51167
17369,4326,53,1,58950
17370,4327,66,3,21309
17371,4327,10,3,15030
17372,4327,63,1,59829
17373,4328,94,1,54643
17374,4328,34,2,71809
17375,4328,81,3,69446
17376,4329,28,5,53426
17377,4329,85,1,49747
17378,4329,49,2,86790
17379,4330,26,5,47395
17380,4330,80,3,14416
17381,4330,75,5,31489
17382,4330,82,2,40303
17383,4330,63,5,59829
17384,4331,20,5,13940
17385,4331,70,5,16773
17386,4331,59,2,68303
17387,4332,94,2,54643
17388,4332,51,5,22310
17389,4332,85,3,49747
17390,4332,65,3,95196
17391,4332,66,3,21309
17392,4333,61,3,83461
17393,4333,49,4,86790
17394,4333,98,3,88669
17395,4333,19,3,24844
17396,4334,46,4,39246
17397,4334,45,3,89685
17398,4334,51,1,22310
17399,4334,70,1,16773
17400,4334,17,1,32785
17401,4335,82,1,40303
17402,4335,26,2,47395
17403,4335,36,5,50269
17404,4335,51,3,22310
17405,4335,31,1,25080
17406,4336,30,4,22486
17407,4336,90,1,99988
17408,4336,70,1,16773
17409,4336,33,5,67163
17410,4337,2,3,16956
17411,4337,41,5,16916
17412,4337,69,2,66333
17413,4338,19,3,24844
17414,4338,66,5,21309
17415,4338,86,5,33028
17416,4338,44,4,55170
17417,4339,76,4,95956
17418,4339,42,4,44615
17419,4339,77,2,62543
17420,4339,9,5,24385
17421,4340,71,4,62771
17422,4340,69,5,66333
17423,4340,39,1,30610
17424,4340,4,3,72183
17425,4341,2,5,16956
17426,4341,19,1,24844
17427,4341,92,5,43974
17428,4342,1,3,77345
17429,4342,23,4,13902
17430,4342,71,5,62771
17431,4343,5,2,35124
17432,4343,83,1,57341
17433,4343,51,4,22310
17434,4343,90,1,99988
17435,4344,46,5,39246
17436,4344,95,5,10177
17437,4344,84,4,78759
17438,4344,2,5,16956
17439,4344,99,4,64203
17440,4345,30,4,22486
17441,4345,12,1,31257
17442,4345,25,3,95530
17443,4346,99,3,64203
17444,4346,79,5,37051
17445,4346,89,2,99643
17446,4346,50,4,53007
17447,4346,28,5,53426
17448,4347,93,3,25266
17449,4347,5,5,35124
17450,4347,20,2,13940
17451,4347,73,5,58762
17452,4347,87,1,47322
17453,4348,83,3,57341
17454,4348,57,1,87341
17455,4348,29,2,27367
17456,4348,94,3,54643
17457,4348,16,5,21730
17458,4349,45,2,89685
17459,4349,48,5,56186
17460,4349,68,3,92995
17461,4349,94,3,54643
17462,4349,14,3,61112
17463,4350,66,1,21309
17464,4350,56,3,13545
17465,4350,46,5,39246
17466,4351,74,5,60296
17467,4351,11,1,42580
17468,4351,33,1,67163
17469,4351,34,1,71809
17470,4351,91,3,87573
17471,4352,35,1,27106
17472,4352,87,5,47322
17473,4352,97,4,24578
17474,4352,1,4,77345
17475,4353,72,1,53594
17476,4353,10,4,15030
17477,4353,9,1,24385
17478,4353,71,3,62771
17479,4354,5,1,35124
17480,4354,28,3,53426
17481,4354,74,3,60296
17482,4355,65,1,95196
17483,4355,31,3,25080
17484,4355,9,4,24385
17485,4356,72,2,53594
17486,4356,56,3,13545
17487,4356,89,2,99643
17488,4356,14,2,61112
17489,4357,58,3,66996
17490,4357,80,2,14416
17491,4357,40,2,63117
17492,4357,95,1,10177
17493,4357,90,1,99988
17494,4358,43,1,37544
17495,4358,66,5,21309
17496,4358,67,5,71990
17497,4358,87,5,47322
17498,4358,36,1,50269
17499,4359,5,2,35124
17500,4359,99,4,64203
17501,4359,84,1,78759
17502,4359,32,5,82134
17503,4360,74,4,60296
17504,4360,15,3,59265
17505,4360,57,5,87341
17506,4360,37,1,31314
17507,4360,19,5,24844
17508,4361,17,3,32785
17509,4361,81,5,69446
17510,4361,41,3,16916
17511,4362,6,2,23328
17512,4362,2,2,16956
17513,4362,14,4,61112
17514,4362,93,1,25266
17515,4363,90,4,99988
17516,4363,1,4,77345
17517,4363,76,2,95956
17518,4363,26,5,47395
17519,4364,30,1,22486
17520,4364,59,5,68303
17521,4364,25,5,95530
17522,4364,46,1,39246
17523,4365,78,5,21761
17524,4365,5,2,35124
17525,4365,42,2,44615
17526,4366,21,2,33591
17527,4366,38,3,89599
17528,4366,4,5,72183
17529,4367,63,3,59829
17530,4367,62,4,39951
17531,4367,24,4,96972
17532,4367,48,1,56186
17533,4368,79,4,37051
17534,4368,7,2,51167
17535,4368,14,1,61112
17536,4369,54,4,55716
17537,4369,78,2,21761
17538,4369,17,5,32785
17539,4370,12,1,31257
17540,4370,52,5,47423
17541,4370,7,4,51167
17542,4370,92,4,43974
17543,4370,76,3,95956
17544,4371,18,3,49881
17545,4371,41,4,16916
17546,4371,84,5,78759
17547,4371,44,5,55170
17548,4372,66,4,21309
17549,4372,83,4,57341
17550,4372,45,4,89685
17551,4372,97,4,24578
17552,4373,52,2,47423
17553,4373,8,3,71394
17554,4373,62,2,39951
17555,4373,42,2,44615
17556,4373,72,4,53594
17557,4374,53,3,58950
17558,4374,71,4,62771
17559,4374,36,2,50269
17560,4374,61,1,83461
17561,4374,100,4,55240
17562,4375,50,2,53007
17563,4375,100,1,55240
17564,4375,35,5,27106
17565,4376,97,2,24578
17566,4376,71,4,62771
17567,4376,4,3,72183
17568,4377,98,4,88669
17569,4377,71,1,62771
17570,4377,96,4,93706
17571,4378,39,4,30610
17572,4378,4,2,72183
17573,4378,30,3,22486
17574,4379,72,5,53594
17575,4379,9,4,24385
17576,4379,40,4,63117
17577,4380,28,3,53426
17578,4380,59,3,68303
17579,4380,71,2,62771
17580,4380,17,3,32785
17581,4380,8,2,71394
17582,4381,52,4,47423
17583,4381,24,1,96972
17584,4381,76,1,95956
17585,4381,13,2,60825
17586,4382,55,4,50282
17587,4382,38,2,89599
17588,4382,45,5,89685
17589,4382,4,4,72183
17590,4383,32,1,82134
17591,4383,39,5,30610
17592,4383,76,4,95956
17593,4383,10,5,15030
17594,4383,1,3,77345
17595,4384,35,4,27106
17596,4384,9,4,24385
17597,4384,3,2,92869
17598,4384,39,1,30610
17599,4384,33,4,67163
17600,4385,98,3,88669
17601,4385,1,2,77345
17602,4385,43,4,37544
17603,4385,66,5,21309
17604,4385,44,3,55170
17605,4386,39,4,30610
17606,4386,6,3,23328
17607,4386,64,1,18863
17608,4386,32,3,82134
17609,4386,81,1,69446
17610,4387,82,3,40303
17611,4387,12,1,31257
17612,4387,89,1,99643
17613,4387,87,1,47322
17614,4388,6,5,23328
17615,4388,35,4,27106
17616,4388,65,5,95196
17617,4389,88,1,82751
17618,4389,28,2,53426
17619,4389,9,1,24385
17620,4389,89,1,99643
17621,4389,72,5,53594
17622,4390,72,4,53594
17623,4390,38,2,89599
17624,4390,50,5,53007
17625,4390,84,1,78759
17626,4390,22,3,20870
17627,4391,9,5,24385
17628,4391,92,4,43974
17629,4391,35,5,27106
17630,4391,47,2,38951
17631,4391,95,3,10177
17632,4392,2,4,16956
17633,4392,31,1,25080
17634,4392,20,1,13940
17635,4393,96,3,93706
17636,4393,43,3,37544
17637,4393,70,5,16773
17638,4394,41,3,16916
17639,4394,71,5,62771
17640,4394,23,5,13902
17641,4394,22,2,20870
17642,4394,92,4,43974
17643,4395,60,5,91851
17644,4395,33,3,67163
17645,4395,97,2,24578
17646,4396,15,5,59265
17647,4396,56,2,13545
17648,4396,59,1,68303
17649,4396,98,4,88669
17650,4396,52,5,47423
17651,4397,48,5,56186
17652,4397,40,1,63117
17653,4397,14,1,61112
17654,4398,25,3,95530
17655,4398,37,2,31314
17656,4398,18,3,49881
17657,4398,85,1,49747
17658,4398,42,1,44615
17659,4399,58,1,66996
17660,4399,7,5,51167
17661,4399,42,4,44615
17662,4400,11,1,42580
17663,4400,66,4,21309
17664,4400,57,3,87341
17665,4401,93,4,25266
17666,4401,97,3,24578
17667,4401,63,4,59829
17668,4402,78,5,21761
17669,4402,15,5,59265
17670,4402,50,2,53007
17671,4403,33,1,67163
17672,4403,35,1,27106
17673,4403,56,5,13545
17674,4404,89,3,99643
17675,4404,28,2,53426
17676,4404,72,3,53594
17677,4405,64,4,18863
17678,4405,12,5,31257
17679,4405,55,3,50282
17680,4406,34,4,71809
17681,4406,45,3,89685
17682,4406,87,1,47322
17683,4406,36,5,50269
17684,4406,72,1,53594
17685,4407,94,5,54643
17686,4407,81,1,69446
17687,4407,84,5,78759
17688,4407,18,4,49881
17689,4407,41,5,16916
17690,4408,76,4,95956
17691,4408,77,3,62543
17692,4408,48,1,56186
17693,4408,20,1,13940
17694,4408,78,5,21761
17695,4409,41,4,16916
17696,4409,39,3,30610
17697,4409,42,3,44615
17698,4409,53,3,58950
17699,4410,30,1,22486
17700,4410,13,4,60825
17701,4410,35,2,27106
17702,4411,97,1,24578
17703,4411,75,3,31489
17704,4411,44,2,55170
17705,4412,83,3,57341
17706,4412,51,2,22310
17707,4412,36,1,50269
17708,4412,71,4,62771
17709,4412,77,3,62543
17710,4413,36,2,50269
17711,4413,64,4,18863
17712,4413,9,4,24385
17713,4413,26,2,47395
17714,4414,3,3,92869
17715,4414,70,5,16773
17716,4414,81,1,69446
17717,4415,97,1,24578
17718,4415,61,1,83461
17719,4415,42,3,44615
17720,4416,88,4,82751
17721,4416,22,2,20870
17722,4416,56,2,13545
17723,4417,81,2,69446
17724,4417,79,4,37051
17725,4417,43,3,37544
17726,4418,13,5,60825
17727,4418,55,4,50282
17728,4418,9,4,24385
17729,4418,85,4,49747
17730,4419,76,4,95956
17731,4419,91,2,87573
17732,4419,37,3,31314
17733,4420,59,2,68303
17734,4420,55,1,50282
17735,4420,22,1,20870
17736,4421,7,1,51167
17737,4421,43,2,37544
17738,4421,87,1,47322
17739,4421,50,5,53007
17740,4421,42,4,44615
17741,4422,65,1,95196
17742,4422,44,4,55170
17743,4422,78,4,21761
17744,4423,81,3,69446
17745,4423,54,1,55716
17746,4423,27,5,85161
17747,4423,94,4,54643
17748,4423,89,4,99643
17749,4424,39,5,30610
17750,4424,29,2,27367
17751,4424,81,1,69446
17752,4424,32,3,82134
17753,4424,45,4,89685
17754,4425,12,4,31257
17755,4425,11,5,42580
17756,4425,50,5,53007
17757,4425,18,4,49881
17758,4425,42,1,44615
17759,4426,87,2,47322
17760,4426,44,3,55170
17761,4426,15,4,59265
17762,4427,1,2,77345
17763,4427,97,5,24578
17764,4427,79,1,37051
17765,4428,96,5,93706
17766,4428,60,2,91851
17767,4428,2,4,16956
17768,4428,46,1,39246
17769,4428,13,3,60825
17770,4429,1,1,77345
17771,4429,46,2,39246
17772,4429,99,3,64203
17773,4429,38,4,89599
17774,4429,91,2,87573
17775,4430,8,5,71394
17776,4430,85,1,49747
17777,4430,48,1,56186
17778,4431,47,4,38951
17779,4431,85,4,49747
17780,4431,15,1,59265
17781,4431,30,3,22486
17782,4431,49,5,86790
17783,4432,11,3,42580
17784,4432,29,5,27367
17785,4432,71,3,62771
17786,4432,60,5,91851
17787,4432,5,5,35124
17788,4433,40,1,63117
17789,4433,41,4,16916
17790,4433,16,5,21730
17791,4433,82,1,40303
17792,4434,42,5,44615
17793,4434,18,5,49881
17794,4434,16,1,21730
17795,4434,66,3,21309
17796,4434,84,1,78759
17797,4435,9,4,24385
17798,4435,1,3,77345
17799,4435,89,4,99643
17800,4435,57,4,87341
17801,4435,40,3,63117
17802,4436,27,3,85161
17803,4436,14,5,61112
17804,4436,90,4,99988
17805,4436,54,2,55716
17806,4437,15,4,59265
17807,4437,89,5,99643
17808,4437,4,3,72183
17809,4437,96,4,93706
17810,4437,66,4,21309
17811,4438,1,3,77345
17812,4438,28,4,53426
17813,4438,71,5,62771
17814,4438,2,5,16956
17815,4439,26,3,47395
17816,4439,9,2,24385
17817,4439,10,1,15030
17818,4440,41,3,16916
17819,4440,3,3,92869
17820,4440,64,2,18863
17821,4440,73,1,58762
17822,4440,18,1,49881
17823,4441,50,5,53007
17824,4441,77,4,62543
17825,4441,99,3,64203
17826,4441,59,3,68303
17827,4442,99,1,64203
17828,4442,50,2,53007
17829,4442,44,5,55170
17830,4443,84,4,78759
17831,4443,6,4,23328
17832,4443,56,1,13545
17833,4443,4,5,72183
17834,4443,75,1,31489
17835,4444,35,2,27106
17836,4444,30,1,22486
17837,4444,97,3,24578
17838,4445,44,4,55170
17839,4445,59,4,68303
17840,4445,24,4,96972
17841,4445,18,4,49881
17842,4445,50,3,53007
17843,4446,82,4,40303
17844,4446,6,1,23328
17845,4446,40,4,63117
17846,4446,23,5,13902
17847,4446,37,3,31314
17848,4447,4,2,72183
17849,4447,77,2,62543
17850,4447,37,1,31314
17851,4447,70,3,16773
17852,4447,99,3,64203
17853,4448,56,4,13545
17854,4448,77,2,62543
17855,4448,82,3,40303
17856,4448,59,1,68303
17857,4448,73,5,58762
17858,4449,26,4,47395
17859,4449,52,1,47423
17860,4449,77,2,62543
17861,4449,57,1,87341
17862,4449,9,5,24385
17863,4450,32,1,82134
17864,4450,14,1,61112
17865,4450,33,3,67163
17866,4450,8,4,71394
17867,4450,48,4,56186
17868,4451,96,1,93706
17869,4451,47,1,38951
17870,4451,7,3,51167
17871,4452,21,2,33591
17872,4452,100,2,55240
17873,4452,89,1,99643
17874,4452,82,5,40303
17875,4452,62,4,39951
17876,4453,18,5,49881
17877,4453,32,3,82134
17878,4453,5,2,35124
17879,4454,38,5,89599
17880,4454,19,1,24844
17881,4454,53,5,58950
17882,4454,82,3,40303
17883,4455,36,5,50269
17884,4455,9,2,24385
17885,4455,22,3,20870
17886,4455,38,4,89599
17887,4456,91,2,87573
17888,4456,81,3,69446
17889,4456,30,5,22486
17890,4457,33,1,67163
17891,4457,65,2,95196
17892,4457,85,2,49747
17893,4457,34,5,71809
17894,4458,50,5,53007
17895,4458,8,3,71394
17896,4458,33,5,67163
17897,4458,98,5,88669
17898,4459,20,3,13940
17899,4459,24,5,96972
17900,4459,92,3,43974
17901,4459,60,5,91851
17902,4460,64,5,18863
17903,4460,38,4,89599
17904,4460,50,5,53007
17905,4460,94,2,54643
17906,4461,85,3,49747
17907,4461,88,4,82751
17908,4461,82,4,40303
17909,4461,99,4,64203
17910,4461,13,4,60825
17911,4462,40,2,63117
17912,4462,35,1,27106
17913,4462,80,3,14416
17914,4463,67,3,71990
17915,4463,37,5,31314
17916,4463,47,2,38951
17917,4464,16,2,21730
17918,4464,21,4,33591
17919,4464,80,5,14416
17920,4464,78,2,21761
17921,4464,25,1,95530
17922,4465,84,4,78759
17923,4465,63,4,59829
17924,4465,71,3,62771
17925,4465,77,2,62543
17926,4466,18,4,49881
17927,4466,59,3,68303
17928,4466,83,2,57341
17929,4466,14,5,61112
17930,4466,5,4,35124
17931,4467,81,1,69446
17932,4467,22,4,20870
17933,4467,79,2,37051
17934,4467,40,3,63117
17935,4468,67,4,71990
17936,4468,86,1,33028
17937,4468,22,5,20870
17938,4469,14,1,61112
17939,4469,48,4,56186
17940,4469,61,3,83461
17941,4469,99,4,64203
17942,4470,79,3,37051
17943,4470,67,1,71990
17944,4470,49,4,86790
17945,4471,33,2,67163
17946,4471,82,2,40303
17947,4471,30,4,22486
17948,4472,10,2,15030
17949,4472,18,3,49881
17950,4472,99,5,64203
17951,4473,51,4,22310
17952,4473,74,5,60296
17953,4473,47,2,38951
17954,4474,94,1,54643
17955,4474,34,2,71809
17956,4474,33,2,67163
17957,4474,75,2,31489
17958,4474,92,5,43974
17959,4475,42,1,44615
17960,4475,87,2,47322
17961,4475,41,3,16916
17962,4476,66,5,21309
17963,4476,73,1,58762
17964,4476,31,4,25080
17965,4476,7,3,51167
17966,4477,83,5,57341
17967,4477,60,4,91851
17968,4477,7,1,51167
17969,4477,48,3,56186
17970,4478,14,1,61112
17971,4478,75,3,31489
17972,4478,24,4,96972
17973,4478,97,2,24578
17974,4478,66,5,21309
17975,4479,70,2,16773
17976,4479,51,5,22310
17977,4479,43,1,37544
17978,4479,50,1,53007
17979,4480,46,5,39246
17980,4480,47,5,38951
17981,4480,99,4,64203
17982,4480,39,4,30610
17983,4480,57,2,87341
17984,4481,89,5,99643
17985,4481,47,4,38951
17986,4481,54,5,55716
17987,4481,25,3,95530
17988,4482,90,2,99988
17989,4482,33,4,67163
17990,4482,86,4,33028
17991,4482,82,2,40303
17992,4483,16,1,21730
17993,4483,37,5,31314
17994,4483,7,5,51167
17995,4483,95,3,10177
17996,4483,65,4,95196
17997,4484,56,4,13545
17998,4484,84,2,78759
17999,4484,3,4,92869
18000,4485,14,5,61112
18001,4485,86,5,33028
18002,4485,44,3,55170
18003,4485,3,1,92869
18004,4485,55,1,50282
18005,4486,75,3,31489
18006,4486,80,3,14416
18007,4486,38,2,89599
18008,4486,24,2,96972
18009,4486,42,2,44615
18010,4487,63,4,59829
18011,4487,69,5,66333
18012,4487,12,2,31257
18013,4487,40,3,63117
18014,4487,11,3,42580
18015,4488,11,3,42580
18016,4488,83,1,57341
18017,4488,87,1,47322
18018,4489,41,5,16916
18019,4489,37,2,31314
18020,4489,70,4,16773
18021,4489,92,2,43974
18022,4489,11,4,42580
18023,4490,79,4,37051
18024,4490,99,2,64203
18025,4490,30,3,22486
18026,4490,27,4,85161
18027,4490,39,3,30610
18028,4491,72,2,53594
18029,4491,14,5,61112
18030,4491,42,5,44615
18031,4491,31,2,25080
18032,4492,69,3,66333
18033,4492,37,1,31314
18034,4492,88,4,82751
18035,4492,63,3,59829
18036,4492,29,4,27367
18037,4493,56,5,13545
18038,4493,39,4,30610
18039,4493,38,1,89599
18040,4493,67,1,71990
18041,4494,73,2,58762
18042,4494,43,5,37544
18043,4494,55,4,50282
18044,4495,78,2,21761
18045,4495,42,2,44615
18046,4495,13,3,60825
18047,4495,35,5,27106
18048,4495,64,4,18863
18049,4496,16,5,21730
18050,4496,29,1,27367
18051,4496,69,3,66333
18052,4496,95,1,10177
18053,4497,63,5,59829
18054,4497,59,1,68303
18055,4497,36,3,50269
18056,4497,88,3,82751
18057,4498,40,2,63117
18058,4498,24,4,96972
18059,4498,57,4,87341
18060,4498,45,2,89685
18061,4499,97,5,24578
18062,4499,10,4,15030
18063,4499,83,1,57341
18064,4499,86,5,33028
18065,4500,4,5,72183
18066,4500,63,4,59829
18067,4500,45,1,89685
18068,4501,60,5,91851
18069,4501,16,1,21730
18070,4501,89,4,99643
18071,4502,94,3,54643
18072,4502,32,2,82134
18073,4502,60,4,91851
18074,4502,9,5,24385
18075,4502,65,3,95196
18076,4503,81,5,69446
18077,4503,9,2,24385
18078,4503,95,1,10177
18079,4503,8,3,71394
18080,4503,77,3,62543
18081,4504,74,3,60296
18082,4504,78,1,21761
18083,4504,20,2,13940
18084,4504,23,2,13902
18085,4505,52,4,47423
18086,4505,70,2,16773
18087,4505,77,2,62543
18088,4505,83,2,57341
18089,4506,71,5,62771
18090,4506,30,2,22486
18091,4506,4,3,72183
18092,4506,74,4,60296
18093,4507,94,3,54643
18094,4507,84,4,78759
18095,4507,12,4,31257
18096,4508,50,4,53007
18097,4508,85,4,49747
18098,4508,71,2,62771
18099,4509,29,5,27367
18100,4509,79,5,37051
18101,4509,39,4,30610
18102,4509,82,3,40303
18103,4510,19,3,24844
18104,4510,79,1,37051
18105,4510,87,5,47322
18106,4510,95,2,10177
18107,4511,20,4,13940
18108,4511,41,3,16916
18109,4511,58,1,66996
18110,4511,97,3,24578
18111,4512,49,3,86790
18112,4512,94,3,54643
18113,4512,41,5,16916
18114,4512,81,4,69446
18115,4512,62,3,39951
18116,4513,55,2,50282
18117,4513,35,5,27106
18118,4513,59,2,68303
18119,4513,38,5,89599
18120,4513,40,1,63117
18121,4514,11,1,42580
18122,4514,98,5,88669
18123,4514,5,3,35124
18124,4515,39,5,30610
18125,4515,64,3,18863
18126,4515,18,4,49881
18127,4515,37,1,31314
18128,4516,31,2,25080
18129,4516,39,3,30610
18130,4516,58,5,66996
18131,4516,32,5,82134
18132,4517,61,4,83461
18133,4517,23,4,13902
18134,4517,76,4,95956
18135,4518,37,4,31314
18136,4518,87,2,47322
18137,4518,85,2,49747
18138,4518,32,1,82134
18139,4518,33,2,67163
18140,4519,89,5,99643
18141,4519,69,1,66333
18142,4519,4,2,72183
18143,4520,67,5,71990
18144,4520,55,5,50282
18145,4520,88,4,82751
18146,4520,46,1,39246
18147,4521,91,2,87573
18148,4521,67,2,71990
18149,4521,60,3,91851
18150,4521,99,2,64203
18151,4521,55,1,50282
18152,4522,59,2,68303
18153,4522,39,3,30610
18154,4522,46,5,39246
18155,4522,3,3,92869
18156,4523,61,5,83461
18157,4523,3,1,92869
18158,4523,32,4,82134
18159,4524,11,5,42580
18160,4524,13,1,60825
18161,4524,95,1,10177
18162,4525,31,3,25080
18163,4525,77,5,62543
18164,4525,2,4,16956
18165,4525,28,3,53426
18166,4526,15,3,59265
18167,4526,20,4,13940
18168,4526,1,1,77345
18169,4526,8,3,71394
18170,4527,88,1,82751
18171,4527,4,2,72183
18172,4527,30,1,22486
18173,4527,3,5,92869
18174,4527,19,5,24844
18175,4528,16,2,21730
18176,4528,3,3,92869
18177,4528,32,2,82134
18178,4528,27,3,85161
18179,4529,45,3,89685
18180,4529,10,4,15030
18181,4529,97,5,24578
18182,4529,86,4,33028
18183,4529,37,2,31314
18184,4530,4,2,72183
18185,4530,49,4,86790
18186,4530,31,1,25080
18187,4530,70,2,16773
18188,4531,4,2,72183
18189,4531,80,3,14416
18190,4531,52,1,47423
18191,4532,5,1,35124
18192,4532,75,5,31489
18193,4532,78,4,21761
18194,4532,15,1,59265
18195,4532,21,2,33591
18196,4533,90,4,99988
18197,4533,19,2,24844
18198,4533,73,2,58762
18199,4533,81,5,69446
18200,4534,11,2,42580
18201,4534,16,2,21730
18202,4534,74,2,60296
18203,4534,41,3,16916
18204,4535,47,2,38951
18205,4535,18,3,49881
18206,4535,24,2,96972
18207,4535,72,5,53594
18208,4536,13,1,60825
18209,4536,82,1,40303
18210,4536,3,3,92869
18211,4536,92,2,43974
18212,4536,45,1,89685
18213,4537,30,5,22486
18214,4537,39,2,30610
18215,4537,31,1,25080
18216,4537,65,3,95196
18217,4537,8,3,71394
18218,4538,81,4,69446
18219,4538,66,4,21309
18220,4538,51,4,22310
18221,4538,55,1,50282
18222,4538,35,3,27106
18223,4539,82,4,40303
18224,4539,28,2,53426
18225,4539,21,4,33591
18226,4540,93,1,25266
18227,4540,81,3,69446
18228,4540,5,3,35124
18229,4540,21,5,33591
18230,4540,4,2,72183
18231,4541,29,4,27367
18232,4541,75,4,31489
18233,4541,54,3,55716
18234,4542,84,1,78759
18235,4542,85,3,49747
18236,4542,76,5,95956
18237,4543,92,1,43974
18238,4543,89,4,99643
18239,4543,74,3,60296
18240,4544,91,4,87573
18241,4544,2,2,16956
18242,4544,34,4,71809
18243,4545,96,3,93706
18244,4545,11,2,42580
18245,4545,12,4,31257
18246,4546,49,5,86790
18247,4546,6,1,23328
18248,4546,26,3,47395
18249,4546,42,1,44615
18250,4546,36,5,50269
18251,4547,52,4,47423
18252,4547,71,5,62771
18253,4547,90,2,99988
18254,4547,11,5,42580
18255,4548,57,1,87341
18256,4548,43,5,37544
18257,4548,5,4,35124
18258,4548,10,5,15030
18259,4549,92,5,43974
18260,4549,55,2,50282
18261,4549,95,3,10177
18262,4549,39,5,30610
18263,4549,61,1,83461
18264,4550,36,3,50269
18265,4550,25,5,95530
18266,4550,85,3,49747
18267,4550,76,3,95956
18268,4550,30,3,22486
18269,4551,5,2,35124
18270,4551,94,2,54643
18271,4551,52,3,47423
18272,4551,44,4,55170
18273,4551,2,5,16956
18274,4552,46,1,39246
18275,4552,64,1,18863
18276,4552,41,3,16916
18277,4553,8,4,71394
18278,4553,11,3,42580
18279,4553,29,5,27367
18280,4554,47,3,38951
18281,4554,39,5,30610
18282,4554,98,1,88669
18283,4554,46,3,39246
18284,4555,52,1,47423
18285,4555,43,1,37544
18286,4555,81,3,69446
18287,4555,34,2,71809
18288,4556,22,4,20870
18289,4556,5,5,35124
18290,4556,40,5,63117
18291,4556,7,4,51167
18292,4557,3,2,92869
18293,4557,16,1,21730
18294,4557,76,4,95956
18295,4557,56,4,13545
18296,4557,48,1,56186
18297,4558,98,3,88669
18298,4558,90,1,99988
18299,4558,69,2,66333
18300,4558,28,5,53426
18301,4558,14,4,61112
18302,4559,76,2,95956
18303,4559,22,3,20870
18304,4559,44,5,55170
18305,4559,29,2,27367
18306,4560,18,3,49881
18307,4560,42,2,44615
18308,4560,92,5,43974
18309,4560,1,1,77345
18310,4560,73,1,58762
18311,4561,30,1,22486
18312,4561,51,4,22310
18313,4561,96,2,93706
18314,4562,93,4,25266
18315,4562,65,4,95196
18316,4562,33,2,67163
18317,4562,100,1,55240
18318,4563,85,5,49747
18319,4563,68,1,92995
18320,4563,48,5,56186
18321,4563,44,3,55170
18322,4563,75,5,31489
18323,4564,51,2,22310
18324,4564,11,2,42580
18325,4564,93,1,25266
18326,4564,28,2,53426
18327,4564,57,3,87341
18328,4565,12,3,31257
18329,4565,82,2,40303
18330,4565,37,3,31314
18331,4565,86,4,33028
18332,4565,54,1,55716
18333,4566,80,5,14416
18334,4566,6,4,23328
18335,4566,24,3,96972
18336,4566,48,5,56186
18337,4566,51,3,22310
18338,4567,85,2,49747
18339,4567,92,1,43974
18340,4567,66,4,21309
18341,4567,15,2,59265
18342,4568,49,4,86790
18343,4568,9,5,24385
18344,4568,14,1,61112
18345,4569,11,1,42580
18346,4569,23,1,13902
18347,4569,81,1,69446
18348,4570,85,2,49747
18349,4570,78,3,21761
18350,4570,82,4,40303
18351,4571,52,5,47423
18352,4571,21,4,33591
18353,4571,63,3,59829
18354,4571,24,5,96972
18355,4572,97,1,24578
18356,4572,28,2,53426
18357,4572,96,2,93706
18358,4573,26,3,47395
18359,4573,56,5,13545
18360,4573,23,2,13902
18361,4574,88,2,82751
18362,4574,93,3,25266
18363,4574,39,2,30610
18364,4574,5,5,35124
18365,4574,77,5,62543
18366,4575,26,2,47395
18367,4575,59,4,68303
18368,4575,84,1,78759
18369,4575,9,2,24385
18370,4576,39,5,30610
18371,4576,92,2,43974
18372,4576,73,2,58762
18373,4576,22,2,20870
18374,4576,83,2,57341
18375,4577,66,2,21309
18376,4577,16,3,21730
18377,4577,74,3,60296
18378,4577,3,1,92869
18379,4578,75,1,31489
18380,4578,31,3,25080
18381,4578,78,5,21761
18382,4579,54,1,55716
18383,4579,38,1,89599
18384,4579,25,4,95530
18385,4579,29,3,27367
18386,4580,69,5,66333
18387,4580,37,1,31314
18388,4580,41,3,16916
18389,4580,60,1,91851
18390,4580,75,1,31489
18391,4581,100,5,55240
18392,4581,44,2,55170
18393,4581,12,5,31257
18394,4581,98,3,88669
18395,4581,52,2,47423
18396,4582,7,5,51167
18397,4582,11,1,42580
18398,4582,25,4,95530
18399,4582,99,1,64203
18400,4583,22,4,20870
18401,4583,19,1,24844
18402,4583,61,3,83461
18403,4583,64,3,18863
18404,4583,83,3,57341
18405,4584,93,5,25266
18406,4584,54,3,55716
18407,4584,27,3,85161
18408,4585,82,4,40303
18409,4585,83,3,57341
18410,4585,89,5,99643
18411,4585,40,2,63117
18412,4585,22,2,20870
18413,4586,68,1,92995
18414,4586,26,2,47395
18415,4586,53,4,58950
18416,4586,94,1,54643
18417,4586,6,2,23328
18418,4587,87,2,47322
18419,4587,81,5,69446
18420,4587,36,5,50269
18421,4587,98,2,88669
18422,4587,15,2,59265
18423,4588,39,5,30610
18424,4588,84,5,78759
18425,4588,18,2,49881
18426,4588,79,1,37051
18427,4589,61,4,83461
18428,4589,33,2,67163
18429,4589,1,3,77345
18430,4590,21,3,33591
18431,4590,13,3,60825
18432,4590,76,1,95956
18433,4591,84,3,78759
18434,4591,73,3,58762
18435,4591,18,4,49881
18436,4592,35,5,27106
18437,4592,92,4,43974
18438,4592,27,3,85161
18439,4592,52,3,47423
18440,4592,53,3,58950
18441,4593,57,1,87341
18442,4593,37,3,31314
18443,4593,26,1,47395
18444,4594,57,2,87341
18445,4594,42,5,44615
18446,4594,12,1,31257
18447,4594,10,5,15030
18448,4595,62,4,39951
18449,4595,56,1,13545
18450,4595,2,2,16956
18451,4596,64,3,18863
18452,4596,14,3,61112
18453,4596,98,1,88669
18454,4596,45,5,89685
18455,4596,59,2,68303
18456,4597,22,4,20870
18457,4597,98,1,88669
18458,4597,37,2,31314
18459,4597,94,5,54643
18460,4597,97,4,24578
18461,4598,61,5,83461
18462,4598,94,2,54643
18463,4598,29,2,27367
18464,4598,46,3,39246
18465,4599,25,1,95530
18466,4599,77,4,62543
18467,4599,5,4,35124
18468,4599,66,3,21309
18469,4600,95,5,10177
18470,4600,53,4,58950
18471,4600,91,4,87573
18472,4601,54,1,55716
18473,4601,71,5,62771
18474,4601,7,3,51167
18475,4602,44,4,55170
18476,4602,91,1,87573
18477,4602,14,1,61112
18478,4603,2,5,16956
18479,4603,49,2,86790
18480,4603,68,5,92995
18481,4603,19,2,24844
18482,4603,37,4,31314
18483,4604,50,5,53007
18484,4604,49,5,86790
18485,4604,93,4,25266
18486,4605,52,2,47423
18487,4605,53,3,58950
18488,4605,68,5,92995
18489,4605,39,5,30610
18490,4606,34,1,71809
18491,4606,51,1,22310
18492,4606,97,2,24578
18493,4606,11,4,42580
18494,4607,91,4,87573
18495,4607,42,5,44615
18496,4607,14,5,61112
18497,4607,82,3,40303
18498,4608,82,3,40303
18499,4608,15,1,59265
18500,4608,47,4,38951
18501,4609,83,1,57341
18502,4609,100,4,55240
18503,4609,49,4,86790
18504,4609,29,3,27367
18505,4610,30,5,22486
18506,4610,60,3,91851
18507,4610,38,2,89599
18508,4610,81,5,69446
18509,4610,82,2,40303
18510,4611,99,3,64203
18511,4611,44,4,55170
18512,4611,42,2,44615
18513,4611,74,5,60296
18514,4611,64,2,18863
18515,4612,30,4,22486
18516,4612,99,5,64203
18517,4612,42,1,44615
18518,4613,53,3,58950
18519,4613,80,4,14416
18520,4613,62,2,39951
18521,4613,46,5,39246
18522,4614,39,5,30610
18523,4614,27,4,85161
18524,4614,50,4,53007
18525,4614,99,2,64203
18526,4615,60,1,91851
18527,4615,35,4,27106
18528,4615,99,2,64203
18529,4615,82,2,40303
18530,4615,62,5,39951
18531,4616,59,3,68303
18532,4616,98,2,88669
18533,4616,74,3,60296
18534,4616,89,3,99643
18535,4617,25,1,95530
18536,4617,75,2,31489
18537,4617,20,3,13940
18538,4617,61,5,83461
18539,4618,79,2,37051
18540,4618,19,2,24844
18541,4618,93,1,25266
18542,4619,17,2,32785
18543,4619,75,2,31489
18544,4619,89,1,99643
18545,4619,13,5,60825
18546,4619,31,2,25080
18547,4620,29,5,27367
18548,4620,77,5,62543
18549,4620,73,2,58762
18550,4620,83,3,57341
18551,4621,25,4,95530
18552,4621,2,1,16956
18553,4621,58,2,66996
18554,4621,34,4,71809
18555,4622,81,5,69446
18556,4622,78,4,21761
18557,4622,31,4,25080
18558,4623,68,1,92995
18559,4623,5,4,35124
18560,4623,13,1,60825
18561,4623,75,5,31489
18562,4624,26,3,47395
18563,4624,86,5,33028
18564,4624,3,4,92869
18565,4625,19,5,24844
18566,4625,78,4,21761
18567,4625,33,2,67163
18568,4625,61,5,83461
18569,4626,62,3,39951
18570,4626,95,3,10177
18571,4626,85,4,49747
18572,4626,68,3,92995
18573,4627,96,1,93706
18574,4627,39,5,30610
18575,4627,36,3,50269
18576,4627,21,4,33591
18577,4628,68,5,92995
18578,4628,22,5,20870
18579,4628,62,1,39951
18580,4629,65,4,95196
18581,4629,90,1,99988
18582,4629,88,5,82751
18583,4629,18,4,49881
18584,4630,82,5,40303
18585,4630,60,4,91851
18586,4630,45,5,89685
18587,4631,43,5,37544
18588,4631,31,4,25080
18589,4631,36,4,50269
18590,4631,73,3,58762
18591,4631,16,4,21730
18592,4632,40,2,63117
18593,4632,37,1,31314
18594,4632,88,1,82751
18595,4633,34,3,71809
18596,4633,62,4,39951
18597,4633,17,3,32785
18598,4633,94,5,54643
18599,4633,50,1,53007
18600,4634,36,2,50269
18601,4634,6,3,23328
18602,4634,3,2,92869
18603,4634,85,4,49747
18604,4634,60,5,91851
18605,4635,82,1,40303
18606,4635,70,2,16773
18607,4635,71,1,62771
18608,4636,2,3,16956
18609,4636,70,5,16773
18610,4636,98,5,88669
18611,4637,7,5,51167
18612,4637,81,5,69446
18613,4637,1,4,77345
18614,4637,10,1,15030
18615,4638,4,3,72183
18616,4638,68,4,92995
18617,4638,18,1,49881
18618,4639,32,2,82134
18619,4639,86,4,33028
18620,4639,18,5,49881
18621,4640,33,5,67163
18622,4640,26,2,47395
18623,4640,29,3,27367
18624,4641,41,3,16916
18625,4641,96,5,93706
18626,4641,29,4,27367
18627,4642,73,2,58762
18628,4642,47,2,38951
18629,4642,54,1,55716
18630,4642,16,2,21730
18631,4642,60,5,91851
18632,4643,27,5,85161
18633,4643,76,4,95956
18634,4643,89,3,99643
18635,4643,33,3,67163
18636,4643,100,3,55240
18637,4644,49,3,86790
18638,4644,9,5,24385
18639,4644,72,1,53594
18640,4644,3,3,92869
18641,4645,1,1,77345
18642,4645,20,1,13940
18643,4645,3,3,92869
18644,4646,86,4,33028
18645,4646,79,5,37051
18646,4646,12,5,31257
18647,4647,89,3,99643
18648,4647,26,3,47395
18649,4647,65,1,95196
18650,4647,91,4,87573
18651,4647,64,1,18863
18652,4648,87,5,47322
18653,4648,71,3,62771
18654,4648,50,3,53007
18655,4648,7,4,51167
18656,4649,23,2,13902
18657,4649,89,2,99643
18658,4649,25,1,95530
18659,4650,77,2,62543
18660,4650,69,4,66333
18661,4650,41,5,16916
18662,4650,68,1,92995
18663,4651,98,3,88669
18664,4651,71,3,62771
18665,4651,45,2,89685
18666,4652,20,5,13940
18667,4652,84,2,78759
18668,4652,75,4,31489
18669,4652,58,3,66996
18670,4652,6,1,23328
18671,4653,20,4,13940
18672,4653,99,3,64203
18673,4653,46,3,39246
18674,4653,72,2,53594
18675,4654,5,5,35124
18676,4654,34,3,71809
18677,4654,7,1,51167
18678,4654,21,2,33591
18679,4654,48,4,56186
18680,4655,13,1,60825
18681,4655,90,3,99988
18682,4655,59,3,68303
18683,4656,40,3,63117
18684,4656,23,1,13902
18685,4656,1,1,77345
18686,4656,93,1,25266
18687,4657,100,2,55240
18688,4657,66,5,21309
18689,4657,4,1,72183
18690,4657,48,3,56186
18691,4657,61,2,83461
18692,4658,6,4,23328
18693,4658,56,4,13545
18694,4658,15,5,59265
18695,4659,66,5,21309
18696,4659,88,2,82751
18697,4659,39,5,30610
18698,4659,92,3,43974
18699,4660,78,4,21761
18700,4660,20,2,13940
18701,4660,76,3,95956
18702,4660,9,1,24385
18703,4661,29,5,27367
18704,4661,40,3,63117
18705,4661,62,5,39951
18706,4662,83,3,57341
18707,4662,28,2,53426
18708,4662,44,1,55170
18709,4662,32,3,82134
18710,4662,23,4,13902
18711,4663,99,4,64203
18712,4663,74,5,60296
18713,4663,15,5,59265
18714,4664,56,3,13545
18715,4664,13,3,60825
18716,4664,10,4,15030
18717,4664,17,1,32785
18718,4665,73,2,58762
18719,4665,11,3,42580
18720,4665,60,2,91851
18721,4665,57,3,87341
18722,4665,52,2,47423
18723,4666,92,5,43974
18724,4666,6,5,23328
18725,4666,21,1,33591
18726,4666,56,4,13545
18727,4666,96,4,93706
18728,4667,42,5,44615
18729,4667,4,3,72183
18730,4667,62,1,39951
18731,4668,41,3,16916
18732,4668,47,3,38951
18733,4668,86,3,33028
18734,4668,10,5,15030
18735,4669,88,5,82751
18736,4669,31,5,25080
18737,4669,84,3,78759
18738,4670,3,5,92869
18739,4670,95,2,10177
18740,4670,8,2,71394
18741,4671,87,3,47322
18742,4671,5,4,35124
18743,4671,31,3,25080
18744,4671,78,2,21761
18745,4672,5,4,35124
18746,4672,10,5,15030
18747,4672,31,1,25080
18748,4672,45,2,89685
18749,4672,98,3,88669
18750,4673,83,1,57341
18751,4673,13,2,60825
18752,4673,23,4,13902
18753,4673,44,4,55170
18754,4673,49,2,86790
18755,4674,42,2,44615
18756,4674,60,1,91851
18757,4674,66,3,21309
18758,4674,34,3,71809
18759,4674,96,4,93706
18760,4675,33,4,67163
18761,4675,42,4,44615
18762,4675,8,2,71394
18763,4675,1,5,77345
18764,4676,85,4,49747
18765,4676,79,2,37051
18766,4676,4,1,72183
18767,4676,19,4,24844
18768,4676,6,2,23328
18769,4677,79,3,37051
18770,4677,69,1,66333
18771,4677,84,5,78759
18772,4678,28,4,53426
18773,4678,82,4,40303
18774,4678,46,1,39246
18775,4678,38,4,89599
18776,4679,82,4,40303
18777,4679,9,1,24385
18778,4679,54,2,55716
18779,4679,47,1,38951
18780,4680,59,5,68303
18781,4680,63,2,59829
18782,4680,71,1,62771
18783,4680,8,3,71394
18784,4681,59,5,68303
18785,4681,22,1,20870
18786,4681,4,2,72183
18787,4681,95,2,10177
18788,4681,24,5,96972
18789,4682,22,1,20870
18790,4682,56,2,13545
18791,4682,62,1,39951
18792,4682,3,4,92869
18793,4683,95,3,10177
18794,4683,36,2,50269
18795,4683,10,1,15030
18796,4683,13,2,60825
18797,4684,29,2,27367
18798,4684,80,4,14416
18799,4684,77,5,62543
18800,4684,14,3,61112
18801,4684,2,1,16956
18802,4685,13,3,60825
18803,4685,71,3,62771
18804,4685,37,4,31314
18805,4685,88,4,82751
18806,4685,7,5,51167
18807,4686,87,4,47322
18808,4686,14,4,61112
18809,4686,37,5,31314
18810,4687,57,2,87341
18811,4687,86,2,33028
18812,4687,39,1,30610
18813,4687,16,5,21730
18814,4687,5,1,35124
18815,4688,92,3,43974
18816,4688,83,5,57341
18817,4688,9,5,24385
18818,4688,91,1,87573
18819,4689,6,5,23328
18820,4689,80,4,14416
18821,4689,82,1,40303
18822,4689,62,5,39951
18823,4689,44,1,55170
18824,4690,40,2,63117
18825,4690,39,4,30610
18826,4690,98,4,88669
18827,4690,85,2,49747
18828,4690,57,3,87341
18829,4691,75,5,31489
18830,4691,33,4,67163
18831,4691,85,4,49747
18832,4691,97,2,24578
18833,4692,2,3,16956
18834,4692,85,2,49747
18835,4692,62,3,39951
18836,4692,47,5,38951
18837,4692,31,1,25080
18838,4693,1,3,77345
18839,4693,100,2,55240
18840,4693,79,3,37051
18841,4694,96,4,93706
18842,4694,83,5,57341
18843,4694,51,1,22310
18844,4695,26,1,47395
18845,4695,76,2,95956
18846,4695,19,4,24844
18847,4696,68,2,92995
18848,4696,47,1,38951
18849,4696,23,4,13902
18850,4696,81,5,69446
18851,4697,57,2,87341
18852,4697,5,2,35124
18853,4697,27,1,85161
18854,4697,56,3,13545
18855,4697,46,2,39246
18856,4698,51,5,22310
18857,4698,98,4,88669
18858,4698,62,1,39951
18859,4699,83,5,57341
18860,4699,38,5,89599
18861,4699,82,1,40303
18862,4699,25,3,95530
18863,4700,37,5,31314
18864,4700,85,1,49747
18865,4700,46,4,39246
18866,4700,10,2,15030
18867,4701,69,4,66333
18868,4701,6,4,23328
18869,4701,20,5,13940
18870,4702,20,4,13940
18871,4702,38,2,89599
18872,4702,70,3,16773
18873,4702,11,4,42580
18874,4703,49,5,86790
18875,4703,68,5,92995
18876,4703,100,5,55240
18877,4703,39,4,30610
18878,4704,25,5,95530
18879,4704,96,3,93706
18880,4704,86,3,33028
18881,4704,16,3,21730
18882,4704,59,2,68303
18883,4705,81,3,69446
18884,4705,3,2,92869
18885,4705,83,4,57341
18886,4706,32,3,82134
18887,4706,13,2,60825
18888,4706,6,4,23328
18889,4707,84,2,78759
18890,4707,68,3,92995
18891,4707,89,1,99643
18892,4707,18,3,49881
18893,4707,19,5,24844
18894,4708,5,4,35124
18895,4708,55,3,50282
18896,4708,83,4,57341
18897,4708,24,4,96972
18898,4709,45,2,89685
18899,4709,65,5,95196
18900,4709,71,2,62771
18901,4709,51,2,22310
18902,4710,23,2,13902
18903,4710,65,5,95196
18904,4710,35,2,27106
18905,4711,91,3,87573
18906,4711,53,5,58950
18907,4711,27,4,85161
18908,4712,15,1,59265
18909,4712,44,2,55170
18910,4712,89,1,99643
18911,4713,56,3,13545
18912,4713,5,4,35124
18913,4713,42,1,44615
18914,4713,22,1,20870
18915,4714,61,4,83461
18916,4714,80,5,14416
18917,4714,20,2,13940
18918,4714,77,2,62543
18919,4714,17,5,32785
18920,4715,8,4,71394
18921,4715,41,5,16916
18922,4715,59,3,68303
18923,4715,54,2,55716
18924,4715,42,4,44615
18925,4716,66,1,21309
18926,4716,31,5,25080
18927,4716,75,4,31489
18928,4716,29,4,27367
18929,4717,50,1,53007
18930,4717,84,1,78759
18931,4717,31,3,25080
18932,4717,72,5,53594
18933,4717,61,2,83461
18934,4718,33,1,67163
18935,4718,12,5,31257
18936,4718,95,5,10177
18937,4718,8,4,71394
18938,4719,35,2,27106
18939,4719,51,5,22310
18940,4719,65,5,95196
18941,4720,36,2,50269
18942,4720,43,5,37544
18943,4720,11,2,42580
18944,4721,77,5,62543
18945,4721,66,4,21309
18946,4721,10,2,15030
18947,4721,28,2,53426
18948,4721,89,4,99643
18949,4722,96,3,93706
18950,4722,3,1,92869
18951,4722,7,4,51167
18952,4722,56,5,13545
18953,4722,85,5,49747
18954,4723,86,2,33028
18955,4723,45,1,89685
18956,4723,31,5,25080
18957,4724,73,5,58762
18958,4724,12,5,31257
18959,4724,61,1,83461
18960,4724,72,1,53594
18961,4725,12,5,31257
18962,4725,43,1,37544
18963,4725,21,3,33591
18964,4725,48,5,56186
18965,4726,58,5,66996
18966,4726,36,3,50269
18967,4726,18,3,49881
18968,4727,31,4,25080
18969,4727,97,2,24578
18970,4727,16,1,21730
18971,4728,42,2,44615
18972,4728,63,1,59829
18973,4728,65,2,95196
18974,4728,81,2,69446
18975,4728,35,5,27106
18976,4729,7,3,51167
18977,4729,87,5,47322
18978,4729,81,5,69446
18979,4730,2,1,16956
18980,4730,41,3,16916
18981,4730,50,1,53007
18982,4730,26,1,47395
18983,4731,42,2,44615
18984,4731,62,2,39951
18985,4731,25,3,95530
18986,4731,9,4,24385
18987,4731,17,2,32785
18988,4732,58,3,66996
18989,4732,76,2,95956
18990,4732,87,3,47322
18991,4732,93,1,25266
18992,4732,49,3,86790
18993,4733,56,2,13545
18994,4733,75,5,31489
18995,4733,7,2,51167
18996,4734,7,3,51167
18997,4734,67,2,71990
18998,4734,53,3,58950
18999,4735,97,4,24578
19000,4735,21,2,33591
19001,4735,33,5,67163
19002,4736,97,2,24578
19003,4736,69,4,66333
19004,4736,24,3,96972
19005,4736,94,1,54643
19006,4737,93,1,25266
19007,4737,89,3,99643
19008,4737,5,5,35124
19009,4737,72,3,53594
19010,4738,61,2,83461
19011,4738,30,3,22486
19012,4738,99,5,64203
19013,4738,20,5,13940
19014,4739,71,1,62771
19015,4739,34,2,71809
19016,4739,2,4,16956
19017,4740,61,2,83461
19018,4740,12,1,31257
19019,4740,68,2,92995
19020,4741,96,2,93706
19021,4741,16,1,21730
19022,4741,14,3,61112
19023,4741,32,2,82134
19024,4742,1,5,77345
19025,4742,9,3,24385
19026,4742,97,3,24578
19027,4742,31,4,25080
19028,4742,61,5,83461
19029,4743,87,4,47322
19030,4743,64,1,18863
19031,4743,47,5,38951
19032,4744,95,1,10177
19033,4744,46,2,39246
19034,4744,43,3,37544
19035,4744,60,3,91851
19036,4745,7,2,51167
19037,4745,93,1,25266
19038,4745,1,3,77345
19039,4745,99,3,64203
19040,4746,42,3,44615
19041,4746,81,1,69446
19042,4746,94,2,54643
19043,4746,45,3,89685
19044,4746,82,2,40303
19045,4747,23,4,13902
19046,4747,2,5,16956
19047,4747,98,1,88669
19048,4748,3,5,92869
19049,4748,25,5,95530
19050,4748,75,2,31489
19051,4748,79,4,37051
19052,4749,86,2,33028
19053,4749,64,1,18863
19054,4749,87,3,47322
19055,4749,78,1,21761
19056,4749,10,1,15030
19057,4750,68,1,92995
19058,4750,40,5,63117
19059,4750,31,1,25080
19060,4751,88,2,82751
19061,4751,14,2,61112
19062,4751,72,2,53594
19063,4751,62,1,39951
19064,4751,87,4,47322
19065,4752,4,1,72183
19066,4752,19,5,24844
19067,4752,91,3,87573
19068,4753,44,5,55170
19069,4753,97,5,24578
19070,4753,59,5,68303
19071,4753,16,2,21730
19072,4754,14,2,61112
19073,4754,45,3,89685
19074,4754,50,5,53007
19075,4754,69,4,66333
19076,4754,99,3,64203
19077,4755,72,3,53594
19078,4755,22,3,20870
19079,4755,49,2,86790
19080,4755,32,3,82134
19081,4755,28,2,53426
19082,4756,96,5,93706
19083,4756,13,5,60825
19084,4756,85,1,49747
19085,4756,26,2,47395
19086,4756,22,4,20870
19087,4757,7,2,51167
19088,4757,16,3,21730
19089,4757,98,5,88669
19090,4757,3,5,92869
19091,4757,51,3,22310
19092,4758,96,3,93706
19093,4758,36,3,50269
19094,4758,10,2,15030
19095,4758,94,1,54643
19096,4758,45,1,89685
19097,4759,86,1,33028
19098,4759,28,5,53426
19099,4759,81,2,69446
19100,4759,15,5,59265
19101,4760,14,5,61112
19102,4760,82,4,40303
19103,4760,59,4,68303
19104,4760,16,5,21730
19105,4760,43,4,37544
19106,4761,83,1,57341
19107,4761,96,4,93706
19108,4761,38,2,89599
19109,4761,17,1,32785
19110,4762,78,3,21761
19111,4762,51,2,22310
19112,4762,32,4,82134
19113,4763,10,1,15030
19114,4763,16,1,21730
19115,4763,40,3,63117
19116,4763,13,4,60825
19117,4764,7,1,51167
19118,4764,11,5,42580
19119,4764,38,4,89599
19120,4764,36,4,50269
19121,4764,92,3,43974
19122,4765,41,2,16916
19123,4765,77,1,62543
19124,4765,8,3,71394
19125,4766,45,3,89685
19126,4766,73,3,58762
19127,4766,3,5,92869
19128,4766,74,1,60296
19129,4766,19,2,24844
19130,4767,74,2,60296
19131,4767,100,3,55240
19132,4767,23,3,13902
19133,4767,26,4,47395
19134,4768,60,1,91851
19135,4768,27,1,85161
19136,4768,44,1,55170
19137,4768,69,1,66333
19138,4769,6,4,23328
19139,4769,30,4,22486
19140,4769,18,4,49881
19141,4769,73,3,58762
19142,4770,93,1,25266
19143,4770,40,2,63117
19144,4770,55,5,50282
19145,4770,28,1,53426
19146,4770,8,1,71394
19147,4771,16,4,21730
19148,4771,59,5,68303
19149,4771,31,5,25080
19150,4771,35,3,27106
19151,4771,22,5,20870
19152,4772,68,3,92995
19153,4772,97,1,24578
19154,4772,62,3,39951
19155,4772,28,4,53426
19156,4772,98,3,88669
19157,4773,87,4,47322
19158,4773,81,2,69446
19159,4773,29,5,27367
19160,4774,63,2,59829
19161,4774,44,3,55170
19162,4774,46,3,39246
19163,4774,33,3,67163
19164,4775,57,1,87341
19165,4775,39,3,30610
19166,4775,1,1,77345
19167,4775,3,1,92869
19168,4775,15,5,59265
19169,4776,27,4,85161
19170,4776,80,3,14416
19171,4776,100,3,55240
19172,4777,93,2,25266
19173,4777,45,3,89685
19174,4777,4,4,72183
19175,4777,24,1,96972
19176,4778,9,1,24385
19177,4778,48,4,56186
19178,4778,92,2,43974
19179,4778,70,5,16773
19180,4778,85,1,49747
19181,4779,91,5,87573
19182,4779,98,3,88669
19183,4779,56,2,13545
19184,4779,46,1,39246
19185,4780,14,1,61112
19186,4780,44,4,55170
19187,4780,83,1,57341
19188,4780,34,3,71809
19189,4780,26,5,47395
19190,4781,67,2,71990
19191,4781,55,5,50282
19192,4781,21,5,33591
19193,4781,18,1,49881
19194,4781,97,4,24578
19195,4782,99,3,64203
19196,4782,2,5,16956
19197,4782,64,2,18863
19198,4782,88,3,82751
19199,4782,78,5,21761
19200,4783,28,5,53426
19201,4783,84,1,78759
19202,4783,34,3,71809
19203,4784,17,4,32785
19204,4784,94,2,54643
19205,4784,99,5,64203
19206,4785,21,4,33591
19207,4785,57,3,87341
19208,4785,37,4,31314
19209,4786,91,2,87573
19210,4786,98,5,88669
19211,4786,9,3,24385
19212,4786,88,2,82751
19213,4787,58,2,66996
19214,4787,66,4,21309
19215,4787,92,5,43974
19216,4787,7,2,51167
19217,4788,58,4,66996
19218,4788,49,5,86790
19219,4788,42,4,44615
19220,4788,6,3,23328
19221,4789,65,4,95196
19222,4789,1,5,77345
19223,4789,52,1,47423
19224,4789,22,3,20870
19225,4789,58,2,66996
19226,4790,64,3,18863
19227,4790,23,4,13902
19228,4790,7,3,51167
19229,4791,64,4,18863
19230,4791,51,5,22310
19231,4791,96,3,93706
19232,4791,20,2,13940
19233,4791,93,1,25266
19234,4792,52,2,47423
19235,4792,53,1,58950
19236,4792,26,4,47395
19237,4793,81,4,69446
19238,4793,26,4,47395
19239,4793,52,5,47423
19240,4794,13,5,60825
19241,4794,84,2,78759
19242,4794,9,1,24385
19243,4794,2,3,16956
19244,4795,66,2,21309
19245,4795,43,3,37544
19246,4795,88,4,82751
19247,4795,1,4,77345
19248,4795,25,5,95530
19249,4796,24,4,96972
19250,4796,95,2,10177
19251,4796,57,3,87341
19252,4797,30,5,22486
19253,4797,27,3,85161
19254,4797,54,3,55716
19255,4797,34,4,71809
19256,4798,4,3,72183
19257,4798,36,5,50269
19258,4798,39,3,30610
19259,4798,13,1,60825
19260,4798,30,1,22486
19261,4799,3,3,92869
19262,4799,29,1,27367
19263,4799,96,3,93706
19264,4800,59,4,68303
19265,4800,23,2,13902
19266,4800,17,5,32785
19267,4800,10,5,15030
19268,4801,83,3,57341
19269,4801,39,3,30610
19270,4801,32,5,82134
19271,4801,67,1,71990
19272,4801,8,2,71394
19273,4802,62,5,39951
19274,4802,99,4,64203
19275,4802,9,3,24385
19276,4802,33,4,67163
19277,4802,88,1,82751
19278,4803,33,4,67163
19279,4803,37,5,31314
19280,4803,80,4,14416
19281,4804,78,1,21761
19282,4804,36,2,50269
19283,4804,66,3,21309
19284,4804,47,2,38951
19285,4805,47,1,38951
19286,4805,66,4,21309
19287,4805,100,1,55240
19288,4805,52,5,47423
19289,4806,73,1,58762
19290,4806,32,4,82134
19291,4806,38,2,89599
19292,4806,5,4,35124
19293,4806,15,1,59265
19294,4807,37,3,31314
19295,4807,30,2,22486
19296,4807,12,1,31257
19297,4807,51,3,22310
19298,4807,78,1,21761
19299,4808,70,5,16773
19300,4808,82,1,40303
19301,4808,43,2,37544
19302,4808,79,2,37051
19303,4809,80,1,14416
19304,4809,13,3,60825
19305,4809,60,3,91851
19306,4809,50,4,53007
19307,4809,65,4,95196
19308,4810,85,3,49747
19309,4810,43,4,37544
19310,4810,83,1,57341
19311,4810,12,4,31257
19312,4811,89,3,99643
19313,4811,30,3,22486
19314,4811,49,1,86790
19315,4812,58,2,66996
19316,4812,98,2,88669
19317,4812,47,1,38951
19318,4812,1,1,77345
19319,4812,86,3,33028
19320,4813,24,2,96972
19321,4813,32,2,82134
19322,4813,21,5,33591
19323,4813,69,2,66333
19324,4814,60,2,91851
19325,4814,39,2,30610
19326,4814,16,5,21730
19327,4814,44,1,55170
19328,4814,91,5,87573
19329,4815,11,1,42580
19330,4815,60,3,91851
19331,4815,14,5,61112
19332,4816,29,4,27367
19333,4816,46,4,39246
19334,4816,11,2,42580
19335,4816,39,4,30610
19336,4817,1,2,77345
19337,4817,44,3,55170
19338,4817,41,3,16916
19339,4817,90,4,99988
19340,4818,8,3,71394
19341,4818,46,4,39246
19342,4818,18,1,49881
19343,4819,55,5,50282
19344,4819,35,3,27106
19345,4819,40,5,63117
19346,4819,64,2,18863
19347,4819,25,2,95530
19348,4820,9,4,24385
19349,4820,87,1,47322
19350,4820,34,4,71809
19351,4820,79,3,37051
19352,4821,53,4,58950
19353,4821,81,1,69446
19354,4821,73,5,58762
19355,4821,39,2,30610
19356,4822,96,2,93706
19357,4822,67,1,71990
19358,4822,39,1,30610
19359,4822,35,1,27106
19360,4823,72,1,53594
19361,4823,96,4,93706
19362,4823,8,3,71394
19363,4824,12,1,31257
19364,4824,37,5,31314
19365,4824,66,5,21309
19366,4824,81,2,69446
19367,4825,62,4,39951
19368,4825,77,3,62543
19369,4825,86,2,33028
19370,4825,31,3,25080
19371,4825,89,5,99643
19372,4826,26,4,47395
19373,4826,50,4,53007
19374,4826,23,4,13902
19375,4827,30,1,22486
19376,4827,64,4,18863
19377,4827,38,1,89599
19378,4827,98,1,88669
19379,4828,53,4,58950
19380,4828,76,3,95956
19381,4828,97,3,24578
19382,4828,56,3,13545
19383,4828,33,5,67163
19384,4829,28,2,53426
19385,4829,5,2,35124
19386,4829,30,2,22486
19387,4829,60,1,91851
19388,4829,61,5,83461
19389,4830,78,3,21761
19390,4830,43,4,37544
19391,4830,16,1,21730
19392,4830,1,4,77345
19393,4830,54,4,55716
19394,4831,17,5,32785
19395,4831,13,5,60825
19396,4831,88,3,82751
19397,4831,51,4,22310
19398,4831,5,1,35124
19399,4832,85,3,49747
19400,4832,62,3,39951
19401,4832,93,5,25266
19402,4832,25,4,95530
19403,4832,30,2,22486
19404,4833,48,4,56186
19405,4833,47,1,38951
19406,4833,5,4,35124
19407,4833,72,2,53594
19408,4834,54,3,55716
19409,4834,1,1,77345
19410,4834,65,1,95196
19411,4835,55,3,50282
19412,4835,82,5,40303
19413,4835,17,5,32785
19414,4836,72,5,53594
19415,4836,59,2,68303
19416,4836,29,2,27367
19417,4836,91,3,87573
19418,4836,4,5,72183
19419,4837,67,4,71990
19420,4837,48,3,56186
19421,4837,95,2,10177
19422,4837,87,1,47322
19423,4837,21,5,33591
19424,4838,31,4,25080
19425,4838,90,1,99988
19426,4838,41,4,16916
19427,4838,88,5,82751
19428,4838,68,3,92995
19429,4839,46,5,39246
19430,4839,98,1,88669
19431,4839,52,2,47423
19432,4839,13,3,60825
19433,4840,15,2,59265
19434,4840,62,1,39951
19435,4840,6,4,23328
19436,4840,2,2,16956
19437,4841,53,2,58950
19438,4841,32,1,82134
19439,4841,68,2,92995
19440,4841,84,4,78759
19441,4842,74,5,60296
19442,4842,29,4,27367
19443,4842,7,5,51167
19444,4842,64,5,18863
19445,4843,54,1,55716
19446,4843,40,4,63117
19447,4843,27,4,85161
19448,4843,10,5,15030
19449,4844,49,3,86790
19450,4844,68,4,92995
19451,4844,46,1,39246
19452,4844,97,5,24578
19453,4844,21,2,33591
19454,4845,68,1,92995
19455,4845,73,1,58762
19456,4845,81,4,69446
19457,4845,2,5,16956
19458,4846,93,5,25266
19459,4846,12,2,31257
19460,4846,68,3,92995
19461,4846,34,4,71809
19462,4847,33,1,67163
19463,4847,66,2,21309
19464,4847,48,3,56186
19465,4847,47,2,38951
19466,4847,44,3,55170
19467,4848,70,3,16773
19468,4848,24,3,96972
19469,4848,17,3,32785
19470,4848,95,5,10177
19471,4848,42,2,44615
19472,4849,64,5,18863
19473,4849,54,3,55716
19474,4849,100,1,55240
19475,4849,20,5,13940
19476,4850,37,3,31314
19477,4850,21,3,33591
19478,4850,84,5,78759
19479,4850,7,2,51167
19480,4851,91,5,87573
19481,4851,95,1,10177
19482,4851,68,1,92995
19483,4851,92,3,43974
19484,4852,88,3,82751
19485,4852,3,3,92869
19486,4852,83,4,57341
19487,4852,80,1,14416
19488,4852,16,5,21730
19489,4853,46,3,39246
19490,4853,58,2,66996
19491,4853,81,5,69446
19492,4853,26,4,47395
19493,4854,47,3,38951
19494,4854,45,5,89685
19495,4854,18,2,49881
19496,4854,84,4,78759
19497,4854,88,1,82751
19498,4855,80,4,14416
19499,4855,91,2,87573
19500,4855,85,3,49747
19501,4855,28,3,53426
19502,4856,72,5,53594
19503,4856,51,5,22310
19504,4856,64,3,18863
19505,4856,38,5,89599
19506,4857,15,1,59265
19507,4857,58,5,66996
19508,4857,52,3,47423
19509,4858,82,4,40303
19510,4858,46,3,39246
19511,4858,32,1,82134
19512,4859,32,1,82134
19513,4859,46,5,39246
19514,4859,51,5,22310
19515,4859,15,3,59265
19516,4860,74,3,60296
19517,4860,8,1,71394
19518,4860,37,4,31314
19519,4860,15,1,59265
19520,4860,21,2,33591
19521,4861,83,2,57341
19522,4861,62,3,39951
19523,4861,51,3,22310
19524,4861,43,2,37544
19525,4862,46,1,39246
19526,4862,9,5,24385
19527,4862,89,3,99643
19528,4863,20,3,13940
19529,4863,54,3,55716
19530,4863,23,4,13902
19531,4863,95,1,10177
19532,4863,57,3,87341
19533,4864,32,1,82134
19534,4864,90,3,99988
19535,4864,57,4,87341
19536,4865,59,2,68303
19537,4865,34,3,71809
19538,4865,28,4,53426
19539,4866,18,1,49881
19540,4866,82,1,40303
19541,4866,13,4,60825
19542,4866,64,4,18863
19543,4867,29,2,27367
19544,4867,67,4,71990
19545,4867,19,1,24844
19546,4867,63,3,59829
19547,4868,43,1,37544
19548,4868,11,5,42580
19549,4868,98,3,88669
19550,4869,43,5,37544
19551,4869,99,1,64203
19552,4869,38,1,89599
19553,4870,19,4,24844
19554,4870,76,3,95956
19555,4870,51,2,22310
19556,4871,59,3,68303
19557,4871,76,5,95956
19558,4871,40,1,63117
19559,4872,76,4,95956
19560,4872,71,4,62771
19561,4872,25,4,95530
19562,4873,5,3,35124
19563,4873,32,1,82134
19564,4873,40,5,63117
19565,4873,37,5,31314
19566,4873,64,3,18863
19567,4874,22,3,20870
19568,4874,19,5,24844
19569,4874,42,4,44615
19570,4875,9,1,24385
19571,4875,64,1,18863
19572,4875,85,5,49747
19573,4876,11,3,42580
19574,4876,33,4,67163
19575,4876,40,1,63117
19576,4876,46,4,39246
19577,4877,16,2,21730
19578,4877,48,3,56186
19579,4877,67,5,71990
19580,4877,11,3,42580
19581,4878,96,5,93706
19582,4878,34,5,71809
19583,4878,31,5,25080
19584,4878,22,5,20870
19585,4878,14,3,61112
19586,4879,63,5,59829
19587,4879,9,2,24385
19588,4879,100,1,55240
19589,4880,12,3,31257
19590,4880,41,5,16916
19591,4880,97,3,24578
19592,4880,39,4,30610
19593,4880,38,4,89599
19594,4881,75,3,31489
19595,4881,27,5,85161
19596,4881,58,2,66996
19597,4881,81,3,69446
19598,4882,55,2,50282
19599,4882,100,5,55240
19600,4882,21,3,33591
19601,4883,11,5,42580
19602,4883,32,2,82134
19603,4883,98,5,88669
19604,4883,80,2,14416
19605,4884,44,3,55170
19606,4884,31,1,25080
19607,4884,49,1,86790
19608,4884,3,2,92869
19609,4885,74,5,60296
19610,4885,87,2,47322
19611,4885,32,2,82134
19612,4885,46,1,39246
19613,4886,57,4,87341
19614,4886,52,5,47423
19615,4886,81,5,69446
19616,4886,14,5,61112
19617,4887,33,3,67163
19618,4887,12,4,31257
19619,4887,20,4,13940
19620,4888,1,4,77345
19621,4888,67,3,71990
19622,4888,39,1,30610
19623,4889,19,4,24844
19624,4889,34,4,71809
19625,4889,89,3,99643
19626,4889,51,4,22310
19627,4889,15,4,59265
19628,4890,76,3,95956
19629,4890,53,4,58950
19630,4890,72,2,53594
19631,4891,8,2,71394
19632,4891,19,1,24844
19633,4891,30,2,22486
19634,4891,33,2,67163
19635,4891,22,1,20870
19636,4892,9,4,24385
19637,4892,51,1,22310
19638,4892,59,5,68303
19639,4892,53,3,58950
19640,4892,11,3,42580
19641,4893,85,4,49747
19642,4893,97,5,24578
19643,4893,68,5,92995
19644,4894,56,2,13545
19645,4894,71,1,62771
19646,4894,7,3,51167
19647,4895,53,4,58950
19648,4895,43,4,37544
19649,4895,32,2,82134
19650,4895,54,1,55716
19651,4895,69,3,66333
19652,4896,97,2,24578
19653,4896,34,2,71809
19654,4896,22,2,20870
19655,4896,9,2,24385
19656,4897,78,4,21761
19657,4897,68,3,92995
19658,4897,65,2,95196
19659,4897,59,1,68303
19660,4898,32,5,82134
19661,4898,4,5,72183
19662,4898,66,3,21309
19663,4898,44,5,55170
19664,4898,37,5,31314
19665,4899,22,5,20870
19666,4899,6,5,23328
19667,4899,47,2,38951
19668,4899,46,5,39246
19669,4899,57,3,87341
19670,4900,57,5,87341
19671,4900,53,3,58950
19672,4900,87,5,47322
19673,4900,79,5,37051
19674,4901,45,1,89685
19675,4901,23,3,13902
19676,4901,92,5,43974
19677,4901,97,2,24578
19678,4901,16,4,21730
19679,4902,94,2,54643
19680,4902,88,4,82751
19681,4902,52,5,47423
19682,4903,41,3,16916
19683,4903,38,1,89599
19684,4903,50,1,53007
19685,4903,62,2,39951
19686,4903,58,4,66996
19687,4904,98,1,88669
19688,4904,37,1,31314
19689,4904,4,4,72183
19690,4904,29,5,27367
19691,4905,79,2,37051
19692,4905,31,2,25080
19693,4905,2,5,16956
19694,4906,41,3,16916
19695,4906,38,3,89599
19696,4906,5,2,35124
19697,4906,64,3,18863
19698,4906,93,4,25266
19699,4907,97,1,24578
19700,4907,72,2,53594
19701,4907,54,2,55716
19702,4907,4,2,72183
19703,4908,27,4,85161
19704,4908,80,5,14416
19705,4908,86,4,33028
19706,4908,57,1,87341
19707,4909,68,1,92995
19708,4909,89,3,99643
19709,4909,25,2,95530
19710,4910,55,4,50282
19711,4910,40,1,63117
19712,4910,47,4,38951
19713,4910,59,5,68303
19714,4910,18,5,49881
19715,4911,42,2,44615
19716,4911,79,5,37051
19717,4911,88,1,82751
19718,4911,18,5,49881
19719,4911,94,2,54643
19720,4912,80,1,14416
19721,4912,95,3,10177
19722,4912,65,2,95196
19723,4912,36,2,50269
19724,4913,66,1,21309
19725,4913,51,2,22310
19726,4913,81,3,69446
19727,4913,54,5,55716
19728,4913,45,2,89685
19729,4914,63,4,59829
19730,4914,25,5,95530
19731,4914,90,2,99988
19732,4914,13,4,60825
19733,4914,33,1,67163
19734,4915,58,3,66996
19735,4915,78,3,21761
19736,4915,34,2,71809
19737,4915,7,3,51167
19738,4916,81,3,69446
19739,4916,89,5,99643
19740,4916,85,5,49747
19741,4917,44,3,55170
19742,4917,91,5,87573
19743,4917,72,1,53594
19744,4918,15,2,59265
19745,4918,1,4,77345
19746,4918,85,4,49747
19747,4919,94,1,54643
19748,4919,15,2,59265
19749,4919,85,4,49747
19750,4920,80,4,14416
19751,4920,98,4,88669
19752,4920,63,3,59829
19753,4920,24,2,96972
19754,4920,10,1,15030
19755,4921,83,2,57341
19756,4921,54,1,55716
19757,4921,87,5,47322
19758,4922,50,4,53007
19759,4922,70,3,16773
19760,4922,24,3,96972
19761,4923,12,2,31257
19762,4923,29,5,27367
19763,4923,59,5,68303
19764,4923,94,2,54643
19765,4924,38,5,89599
19766,4924,27,1,85161
19767,4924,28,3,53426
19768,4924,50,4,53007
19769,4924,7,1,51167
19770,4925,63,4,59829
19771,4925,85,1,49747
19772,4925,87,2,47322
19773,4926,22,1,20870
19774,4926,97,3,24578
19775,4926,27,3,85161
19776,4926,86,2,33028
19777,4927,36,5,50269
19778,4927,57,4,87341
19779,4927,60,5,91851
19780,4927,39,1,30610
19781,4927,2,1,16956
19782,4928,11,2,42580
19783,4928,32,4,82134
19784,4928,86,4,33028
19785,4928,97,4,24578
19786,4929,28,4,53426
19787,4929,38,1,89599
19788,4929,1,1,77345
19789,4929,26,5,47395
19790,4929,33,2,67163
19791,4930,67,4,71990
19792,4930,68,5,92995
19793,4930,76,4,95956
19794,4930,93,5,25266
19795,4930,83,2,57341
19796,4931,6,5,23328
19797,4931,84,5,78759
19798,4931,77,1,62543
19799,4931,33,4,67163
19800,4931,46,5,39246
19801,4932,46,5,39246
19802,4932,27,4,85161
19803,4932,90,4,99988
19804,4932,44,3,55170
19805,4932,56,3,13545
19806,4933,73,4,58762
19807,4933,96,1,93706
19808,4933,49,2,86790
19809,4934,81,1,69446
19810,4934,5,1,35124
19811,4934,40,1,63117
19812,4934,38,3,89599
19813,4935,27,4,85161
19814,4935,58,5,66996
19815,4935,74,3,60296
19816,4936,49,4,86790
19817,4936,98,5,88669
19818,4936,86,2,33028
19819,4936,82,2,40303
19820,4937,62,1,39951
19821,4937,72,2,53594
19822,4937,29,2,27367
19823,4937,19,4,24844
19824,4938,96,1,93706
19825,4938,49,2,86790
19826,4938,72,4,53594
19827,4938,9,2,24385
19828,4938,3,5,92869
19829,4939,28,1,53426
19830,4939,13,3,60825
19831,4939,31,3,25080
19832,4940,82,2,40303
19833,4940,5,1,35124
19834,4940,70,2,16773
19835,4940,72,3,53594
19836,4940,64,1,18863
19837,4941,45,4,89685
19838,4941,91,3,87573
19839,4941,59,5,68303
19840,4942,29,4,27367
19841,4942,45,4,89685
19842,4942,23,5,13902
19843,4943,78,1,21761
19844,4943,91,5,87573
19845,4943,22,2,20870
19846,4943,49,3,86790
19847,4943,9,1,24385
19848,4944,16,3,21730
19849,4944,93,4,25266
19850,4944,11,4,42580
19851,4945,63,5,59829
19852,4945,94,5,54643
19853,4945,1,4,77345
19854,4946,4,1,72183
19855,4946,58,2,66996
19856,4946,97,3,24578
19857,4946,29,3,27367
19858,4946,27,3,85161
19859,4947,20,2,13940
19860,4947,80,2,14416
19861,4947,85,2,49747
19862,4947,22,3,20870
19863,4947,32,5,82134
19864,4948,15,4,59265
19865,4948,81,5,69446
19866,4948,73,4,58762
19867,4948,25,4,95530
19868,4948,35,4,27106
19869,4949,100,4,55240
19870,4949,78,4,21761
19871,4949,21,4,33591
19872,4950,70,2,16773
19873,4950,55,5,50282
19874,4950,1,2,77345
19875,4950,20,2,13940
19876,4951,59,1,68303
19877,4951,31,5,25080
19878,4951,3,5,92869
19879,4951,70,2,16773
19880,4952,27,1,85161
19881,4952,39,3,30610
19882,4952,40,2,63117
19883,4953,55,4,50282
19884,4953,30,2,22486
19885,4953,58,4,66996
19886,4953,95,2,10177
19887,4954,40,1,63117
19888,4954,12,1,31257
19889,4954,69,3,66333
19890,4955,93,1,25266
19891,4955,34,1,71809
19892,4955,7,4,51167
19893,4955,47,5,38951
19894,4955,6,5,23328
19895,4956,84,4,78759
19896,4956,1,1,77345
19897,4956,96,1,93706
19898,4956,90,2,99988
19899,4956,76,5,95956
19900,4957,65,2,95196
19901,4957,25,3,95530
19902,4957,84,2,78759
19903,4958,20,1,13940
19904,4958,63,3,59829
19905,4958,8,5,71394
19906,4958,28,2,53426
19907,4959,19,4,24844
19908,4959,43,5,37544
19909,4959,65,3,95196
19910,4959,11,3,42580
19911,4960,51,2,22310
19912,4960,100,5,55240
19913,4960,46,3,39246
19914,4961,48,5,56186
19915,4961,79,2,37051
19916,4961,96,2,93706
19917,4961,46,3,39246
19918,4962,79,1,37051
19919,4962,91,5,87573
19920,4962,27,4,85161
19921,4962,54,2,55716
19922,4963,66,5,21309
19923,4963,16,4,21730
19924,4963,13,3,60825
19925,4964,3,4,92869
19926,4964,42,5,44615
19927,4964,96,1,93706
19928,4964,70,3,16773
19929,4965,87,2,47322
19930,4965,41,5,16916
19931,4965,28,5,53426
19932,4965,63,3,59829
19933,4965,45,2,89685
19934,4966,98,3,88669
19935,4966,27,3,85161
19936,4966,30,1,22486
19937,4966,36,1,50269
19938,4967,100,2,55240
19939,4967,60,5,91851
19940,4967,34,2,71809
19941,4968,70,1,16773
19942,4968,81,4,69446
19943,4968,30,5,22486
19944,4968,82,4,40303
19945,4968,74,2,60296
19946,4969,26,5,47395
19947,4969,33,4,67163
19948,4969,54,4,55716
19949,4969,100,5,55240
19950,4969,17,2,32785
19951,4970,76,4,95956
19952,4970,25,1,95530
19953,4970,85,5,49747
19954,4971,31,4,25080
19955,4971,25,2,95530
19956,4971,63,5,59829
19957,4971,23,2,13902
19958,4972,42,2,44615
19959,4972,2,2,16956
19960,4972,30,5,22486
19961,4972,82,3,40303
19962,4972,44,3,55170
19963,4973,54,5,55716
19964,4973,6,4,23328
19965,4973,71,2,62771
19966,4974,92,3,43974
19967,4974,100,3,55240
19968,4974,48,5,56186
19969,4974,89,2,99643
19970,4975,39,3,30610
19971,4975,67,1,71990
19972,4975,15,1,59265
19973,4975,49,2,86790
19974,4976,56,1,13545
19975,4976,32,5,82134
19976,4976,61,5,83461
19977,4976,22,3,20870
19978,4977,98,1,88669
19979,4977,38,4,89599
19980,4977,30,1,22486
19981,4978,27,2,85161
19982,4978,99,2,64203
19983,4978,40,5,63117
19984,4978,37,2,31314
19985,4978,44,1,55170
19986,4979,78,2,21761
19987,4979,79,5,37051
19988,4979,92,2,43974
19989,4980,7,2,51167
19990,4980,5,4,35124
19991,4980,69,4,66333
19992,4981,73,2,58762
19993,4981,16,3,21730
19994,4981,77,3,62543
19995,4981,48,5,56186
19996,4982,65,3,95196
19997,4982,1,2,77345
19998,4982,50,3,53007
19999,4983,49,1,86790
20000,4983,98,2,88669
20001,4983,19,4,24844
20002,4983,33,2,67163
20003,4984,69,1,66333
20004,4984,100,3,55240
20005,4984,70,4,16773
20006,4984,66,2,21309
20007,4985,76,3,95956
20008,4985,91,1,87573
20009,4985,62,4,39951
20010,4985,40,3,63117
20011,4986,70,5,16773
20012,4986,99,4,64203
20013,4986,91,4,87573
20014,4987,36,2,50269
20015,4987,49,1,86790
20016,4987,11,5,42580
20017,4988,99,2,64203
20018,4988,42,3,44615
20019,4988,62,2,39951
20020,4989,63,5,59829
20021,4989,22,2,20870
20022,4989,42,2,44615
20023,4990,11,3,42580
20024,4990,72,2,53594
20025,4990,92,4,43974
20026,4990,45,1,89685
20027,4991,30,3,22486
20028,4991,38,2,89599
20029,4991,36,5,50269
20030,4991,12,1,31257
20031,4992,41,1,16916
20032,4992,37,4,31314
20033,4992,42,2,44615
20034,4992,83,3,57341
20035,4992,89,5,99643
20036,4993,64,2,18863
20037,4993,77,3,62543
20038,4993,16,3,21730
20039,4994,47,2,38951
20040,4994,68,3,92995
20041,4994,30,1,22486
20042,4994,29,1,27367
20043,4995,4,4,72183
20044,4995,60,1,91851
20045,4995,83,4,57341
20046,4995,64,4,18863
20047,4995,89,3,99643
20048,4996,35,3,27106
20049,4996,13,2,60825
20050,4996,52,5,47423
20051,4997,72,3,53594
20052,4997,8,5,71394
20053,4997,37,4,31314
20054,4997,68,5,92995
20055,4998,1,2,77345
20056,4998,23,4,13902
20057,4998,20,2,13940
20058,4998,99,3,64203
20059,4999,61,5,83461
20060,4999,88,1,82751
20061,4999,41,1,16916
20062,4999,7,4,51167
20063,4999,15,1,59265
20064,5000,76,2,95956
20065,5000,71,1,62771
20066,5000,43,3,37544
20067,5001,56,5,13545
20068,5001,59,3,68303
20069,5001,6,4,23328
20070,5002,72,2,53594
20071,5002,52,4,47423
20072,5002,16,5,21730
20073,5002,29,3,27367
20074,5003,93,3,25266
20075,5003,69,3,66333
20076,5003,44,5,55170
20077,5003,17,5,32785
20078,5004,36,2,50269
20079,5004,77,3,62543
20080,5004,24,5,96972
20081,5004,60,4,91851
20082,5004,85,2,49747
20083,5005,80,5,14416
20084,5005,52,3,47423
20085,5005,67,3,71990
20086,5005,19,3,24844
20087,5006,2,5,16956
20088,5006,31,5,25080
20089,5006,86,5,33028
20090,5007,15,5,59265
20091,5007,10,1,15030
20092,5007,40,3,63117
20093,5007,74,1,60296
20094,5008,59,2,68303
20095,5008,43,3,37544
20096,5008,76,2,95956
20097,5009,34,2,71809
20098,5009,67,3,71990
20099,5009,59,3,68303
20100,5009,4,3,72183
20101,5009,82,2,40303
20102,5010,21,5,33591
20103,5010,95,5,10177
20104,5010,42,1,44615
20105,5010,81,5,69446
20106,5010,2,1,16956
20107,5011,61,2,83461
20108,5011,32,3,82134
20109,5011,7,1,51167
20110,5011,90,3,99988
20111,5012,72,1,53594
20112,5012,5,1,35124
20113,5012,7,5,51167
20114,5012,13,4,60825
20115,5012,10,2,15030
20116,5013,11,1,42580
20117,5013,87,3,47322
20118,5013,56,2,13545
20119,5014,3,1,92869
20120,5014,72,4,53594
20121,5014,57,4,87341
20122,5014,83,1,57341
20123,5014,62,2,39951
20124,5015,60,1,91851
20125,5015,20,4,13940
20126,5015,95,1,10177
20127,5015,61,2,83461
20128,5016,86,4,33028
20129,5016,87,1,47322
20130,5016,89,1,99643
20131,5017,35,3,27106
20132,5017,13,2,60825
20133,5017,20,2,13940
20134,5018,71,5,62771
20135,5018,33,5,67163
20136,5018,26,1,47395
20137,5018,80,5,14416
20138,5019,78,5,21761
20139,5019,6,1,23328
20140,5019,43,3,37544
20141,5019,77,3,62543
20142,5019,5,2,35124
20143,5020,73,4,58762
20144,5020,100,3,55240
20145,5020,86,3,33028
20146,5021,23,1,13902
20147,5021,12,4,31257
20148,5021,92,2,43974
20149,5022,52,3,47423
20150,5022,72,2,53594
20151,5022,79,4,37051
20152,5022,23,1,13902
20153,5022,59,1,68303
20154,5023,14,5,61112
20155,5023,45,3,89685
20156,5023,38,5,89599
20157,5023,27,3,85161
20158,5024,70,5,16773
20159,5024,29,5,27367
20160,5024,43,3,37544
20161,5024,81,4,69446
20162,5024,88,1,82751
20163,5025,18,4,49881
20164,5025,62,2,39951
20165,5025,92,2,43974
20166,5025,58,4,66996
20167,5025,89,1,99643
20168,5026,44,4,55170
20169,5026,78,4,21761
20170,5026,98,5,88669
20171,5026,32,4,82134
20172,5026,96,5,93706
20173,5027,68,1,92995
20174,5027,32,4,82134
20175,5027,63,2,59829
20176,5027,37,2,31314
20177,5028,63,5,59829
20178,5028,2,4,16956
20179,5028,47,3,38951
20180,5029,32,1,82134
20181,5029,24,3,96972
20182,5029,63,3,59829
20183,5030,25,4,95530
20184,5030,33,3,67163
20185,5030,100,1,55240
20186,5030,57,2,87341
20187,5031,79,1,37051
20188,5031,57,3,87341
20189,5031,32,4,82134
20190,5031,1,2,77345
20191,5031,21,3,33591
20192,5032,79,1,37051
20193,5032,83,5,57341
20194,5032,15,3,59265
20195,5033,71,1,62771
20196,5033,41,4,16916
20197,5033,96,4,93706
20198,5033,82,5,40303
20199,5033,62,2,39951
20200,5034,70,4,16773
20201,5034,23,5,13902
20202,5034,57,3,87341
20203,5034,79,3,37051
20204,5034,3,3,92869
20205,5035,52,4,47423
20206,5035,46,4,39246
20207,5035,92,3,43974
20208,5036,69,2,66333
20209,5036,5,2,35124
20210,5036,95,2,10177
20211,5037,65,3,95196
20212,5037,88,4,82751
20213,5037,20,1,13940
20214,5037,56,2,13545
20215,5037,23,1,13902
20216,5038,31,5,25080
20217,5038,86,1,33028
20218,5038,16,3,21730
20219,5038,33,3,67163
20220,5039,84,4,78759
20221,5039,48,2,56186
20222,5039,6,5,23328
20223,5040,41,1,16916
20224,5040,14,4,61112
20225,5040,80,1,14416
20226,5040,44,5,55170
20227,5041,85,4,49747
20228,5041,88,1,82751
20229,5041,16,2,21730
20230,5041,9,1,24385
20231,5042,30,1,22486
20232,5042,36,5,50269
20233,5042,13,5,60825
20234,5042,73,5,58762
20235,5042,48,3,56186
20236,5043,77,2,62543
20237,5043,95,3,10177
20238,5043,27,3,85161
20239,5043,32,4,82134
20240,5043,2,1,16956
20241,5044,48,4,56186
20242,5044,98,5,88669
20243,5044,51,1,22310
20244,5044,96,5,93706
20245,5045,3,1,92869
20246,5045,18,5,49881
20247,5045,19,2,24844
20248,5045,35,1,27106
20249,5046,8,3,71394
20250,5046,53,3,58950
20251,5046,54,2,55716
20252,5046,88,5,82751
20253,5046,27,5,85161
20254,5047,63,5,59829
20255,5047,28,4,53426
20256,5047,58,1,66996
20257,5047,8,2,71394
20258,5047,79,2,37051
20259,5048,84,5,78759
20260,5048,86,5,33028
20261,5048,56,3,13545
20262,5048,30,2,22486
20263,5049,8,2,71394
20264,5049,85,2,49747
20265,5049,49,1,86790
20266,5049,17,3,32785
20267,5050,43,4,37544
20268,5050,6,1,23328
20269,5050,98,1,88669
20270,5051,71,1,62771
20271,5051,17,5,32785
20272,5051,35,2,27106
20273,5051,10,3,15030
20274,5052,13,4,60825
20275,5052,80,3,14416
20276,5052,15,3,59265
20277,5052,76,2,95956
20278,5053,95,5,10177
20279,5053,53,5,58950
20280,5053,25,3,95530
20281,5054,88,2,82751
20282,5054,45,1,89685
20283,5054,66,2,21309
20284,5054,23,1,13902
20285,5055,61,1,83461
20286,5055,80,1,14416
20287,5055,89,1,99643
20288,5055,76,1,95956
20289,5056,82,4,40303
20290,5056,8,4,71394
20291,5056,6,4,23328
20292,5056,75,3,31489
20293,5056,50,5,53007
20294,5057,44,5,55170
20295,5057,97,4,24578
20296,5057,21,2,33591
20297,5057,66,1,21309
20298,5057,24,1,96972
20299,5058,99,1,64203
20300,5058,46,5,39246
20301,5058,56,5,13545
20302,5059,20,5,13940
20303,5059,87,5,47322
20304,5059,79,2,37051
20305,5060,89,1,99643
20306,5060,41,1,16916
20307,5060,5,2,35124
20308,5060,47,2,38951
20309,5060,85,2,49747
20310,5061,98,1,88669
20311,5061,23,5,13902
20312,5061,3,3,92869
20313,5061,8,3,71394
20314,5062,58,4,66996
20315,5062,43,3,37544
20316,5062,12,2,31257
20317,5062,88,4,82751
20318,5062,97,4,24578
20319,5063,97,2,24578
20320,5063,62,4,39951
20321,5063,86,5,33028
20322,5063,79,5,37051
20323,5063,87,4,47322
20324,5064,85,3,49747
20325,5064,74,3,60296
20326,5064,29,4,27367
20327,5064,27,5,85161
20328,5065,22,3,20870
20329,5065,89,2,99643
20330,5065,40,4,63117
20331,5065,18,3,49881
20332,5065,31,3,25080
20333,5066,4,4,72183
20334,5066,82,4,40303
20335,5066,28,5,53426
20336,5066,95,4,10177
20337,5066,30,1,22486
20338,5067,63,3,59829
20339,5067,79,3,37051
20340,5067,11,2,42580
20341,5067,20,2,13940
20342,5068,42,1,44615
20343,5068,84,1,78759
20344,5068,41,3,16916
20345,5069,81,4,69446
20346,5069,45,3,89685
20347,5069,58,5,66996
20348,5069,57,2,87341
20349,5070,76,4,95956
20350,5070,97,5,24578
20351,5070,17,4,32785
20352,5070,49,1,86790
20353,5071,4,5,72183
20354,5071,85,1,49747
20355,5071,32,1,82134
20356,5071,10,1,15030
20357,5071,71,5,62771
20358,5072,67,4,71990
20359,5072,78,4,21761
20360,5072,4,5,72183
20361,5072,20,4,13940
20362,5073,50,3,53007
20363,5073,95,4,10177
20364,5073,80,2,14416
20365,5074,92,1,43974
20366,5074,61,5,83461
20367,5074,31,2,25080
20368,5074,59,3,68303
20369,5074,84,3,78759
20370,5075,80,5,14416
20371,5075,87,4,47322
20372,5075,2,2,16956
20373,5075,100,4,55240
20374,5076,89,5,99643
20375,5076,21,5,33591
20376,5076,59,3,68303
20377,5076,69,3,66333
20378,5077,26,4,47395
20379,5077,25,4,95530
20380,5077,56,1,13545
20381,5077,42,1,44615
20382,5078,5,3,35124
20383,5078,95,4,10177
20384,5078,10,1,15030
20385,5078,49,2,86790
20386,5078,28,2,53426
20387,5079,4,1,72183
20388,5079,57,5,87341
20389,5079,67,5,71990
20390,5080,22,5,20870
20391,5080,50,1,53007
20392,5080,96,1,93706
20393,5080,17,4,32785
20394,5081,85,5,49747
20395,5081,48,4,56186
20396,5081,2,5,16956
20397,5081,20,5,13940
20398,5081,96,5,93706
20399,5082,42,4,44615
20400,5082,22,4,20870
20401,5082,9,4,24385
20402,5082,2,3,16956
20403,5083,8,4,71394
20404,5083,48,1,56186
20405,5083,59,3,68303
20406,5083,39,5,30610
20407,5084,68,1,92995
20408,5084,36,3,50269
20409,5084,25,4,95530
20410,5084,57,4,87341
20411,5085,51,4,22310
20412,5085,96,3,93706
20413,5085,73,2,58762
20414,5085,60,5,91851
20415,5085,92,2,43974
20416,5086,96,1,93706
20417,5086,18,4,49881
20418,5086,3,5,92869
20419,5086,93,3,25266
20420,5086,21,1,33591
20421,5087,63,5,59829
20422,5087,87,3,47322
20423,5087,3,3,92869
20424,5087,55,1,50282
20425,5087,51,5,22310
20426,5088,29,3,27367
20427,5088,82,1,40303
20428,5088,45,1,89685
20429,5088,47,4,38951
20430,5088,63,5,59829
20431,5089,19,3,24844
20432,5089,52,1,47423
20433,5089,78,4,21761
20434,5090,65,2,95196
20435,5090,38,1,89599
20436,5090,86,5,33028
20437,5090,90,3,99988
20438,5091,81,2,69446
20439,5091,71,1,62771
20440,5091,31,4,25080
20441,5091,14,4,61112
20442,5092,96,4,93706
20443,5092,72,4,53594
20444,5092,18,4,49881
20445,5092,75,2,31489
20446,5092,3,4,92869
20447,5093,64,2,18863
20448,5093,15,2,59265
20449,5093,21,4,33591
20450,5093,32,5,82134
20451,5094,21,5,33591
20452,5094,18,5,49881
20453,5094,15,2,59265
20454,5094,63,2,59829
20455,5095,24,1,96972
20456,5095,37,3,31314
20457,5095,20,3,13940
20458,5095,17,3,32785
20459,5096,75,2,31489
20460,5096,31,3,25080
20461,5096,70,3,16773
20462,5096,73,1,58762
20463,5097,59,2,68303
20464,5097,32,3,82134
20465,5097,34,5,71809
20466,5098,8,5,71394
20467,5098,87,4,47322
20468,5098,80,5,14416
20469,5098,37,2,31314
20470,5099,71,4,62771
20471,5099,39,3,30610
20472,5099,10,5,15030
20473,5099,90,5,99988
20474,5100,57,5,87341
20475,5100,19,2,24844
20476,5100,18,2,49881
20477,5101,55,4,50282
20478,5101,40,3,63117
20479,5101,21,1,33591
20480,5102,13,4,60825
20481,5102,5,3,35124
20482,5102,100,3,55240
20483,5102,88,4,82751
20484,5102,66,1,21309
20485,5103,17,5,32785
20486,5103,79,4,37051
20487,5103,50,5,53007
20488,5103,11,1,42580
20489,5104,76,1,95956
20490,5104,19,4,24844
20491,5104,90,3,99988
20492,5105,91,5,87573
20493,5105,82,3,40303
20494,5105,21,2,33591
20495,5106,78,3,21761
20496,5106,45,3,89685
20497,5106,35,2,27106
20498,5107,73,5,58762
20499,5107,40,3,63117
20500,5107,16,5,21730
20501,5108,74,1,60296
20502,5108,56,4,13545
20503,5108,9,2,24385
20504,5109,49,1,86790
20505,5109,69,1,66333
20506,5109,16,2,21730
20507,5109,96,4,93706
20508,5110,86,5,33028
20509,5110,39,3,30610
20510,5110,73,4,58762
20511,5111,4,3,72183
20512,5111,75,2,31489
20513,5111,65,1,95196
20514,5111,11,1,42580
20515,5112,72,4,53594
20516,5112,32,5,82134
20517,5112,53,5,58950
20518,5112,77,3,62543
20519,5112,93,3,25266
20520,5113,96,5,93706
20521,5113,88,2,82751
20522,5113,93,4,25266
20523,5114,65,3,95196
20524,5114,62,3,39951
20525,5114,75,1,31489
20526,5115,68,5,92995
20527,5115,86,1,33028
20528,5115,98,4,88669
20529,5116,6,5,23328
20530,5116,41,2,16916
20531,5116,54,3,55716
20532,5116,52,1,47423
20533,5117,66,5,21309
20534,5117,48,3,56186
20535,5117,22,4,20870
20536,5118,98,2,88669
20537,5118,70,3,16773
20538,5118,22,4,20870
20539,5118,4,4,72183
20540,5119,77,5,62543
20541,5119,66,3,21309
20542,5119,74,1,60296
20543,5120,14,1,61112
20544,5120,57,2,87341
20545,5120,23,3,13902
20546,5120,46,2,39246
20547,5121,33,3,67163
20548,5121,48,3,56186
20549,5121,8,5,71394
20550,5122,23,3,13902
20551,5122,27,2,85161
20552,5122,17,1,32785
20553,5122,90,3,99988
20554,5123,45,4,89685
20555,5123,46,4,39246
20556,5123,49,1,86790
20557,5124,17,2,32785
20558,5124,53,5,58950
20559,5124,88,5,82751
20560,5125,99,5,64203
20561,5125,74,5,60296
20562,5125,5,3,35124
20563,5125,87,2,47322
20564,5126,39,2,30610
20565,5126,95,2,10177
20566,5126,89,1,99643
20567,5126,19,2,24844
20568,5127,76,5,95956
20569,5127,86,4,33028
20570,5127,43,1,37544
20571,5127,33,2,67163
20572,5128,88,5,82751
20573,5128,46,5,39246
20574,5128,9,2,24385
20575,5128,60,3,91851
20576,5129,9,4,24385
20577,5129,55,2,50282
20578,5129,79,4,37051
20579,5129,1,2,77345
20580,5130,41,4,16916
20581,5130,82,4,40303
20582,5130,8,3,71394
20583,5131,2,3,16956
20584,5131,53,4,58950
20585,5131,67,2,71990
20586,5131,55,5,50282
20587,5131,54,3,55716
20588,5132,48,3,56186
20589,5132,76,2,95956
20590,5132,15,2,59265
20591,5133,8,2,71394
20592,5133,13,4,60825
20593,5133,6,2,23328
20594,5133,83,4,57341
20595,5133,98,5,88669
20596,5134,54,3,55716
20597,5134,23,5,13902
20598,5134,83,3,57341
20599,5134,19,1,24844
20600,5134,90,3,99988
20601,5135,22,1,20870
20602,5135,75,5,31489
20603,5135,78,1,21761
20604,5136,4,4,72183
20605,5136,87,4,47322
20606,5136,63,1,59829
20607,5136,54,4,55716
20608,5136,18,2,49881
20609,5137,10,4,15030
20610,5137,37,4,31314
20611,5137,79,3,37051
20612,5137,82,1,40303
20613,5138,41,2,16916
20614,5138,45,4,89685
20615,5138,9,3,24385
20616,5138,38,5,89599
20617,5139,33,2,67163
20618,5139,60,5,91851
20619,5139,95,4,10177
20620,5140,45,2,89685
20621,5140,34,4,71809
20622,5140,6,5,23328
20623,5141,21,1,33591
20624,5141,49,5,86790
20625,5141,42,3,44615
20626,5141,26,1,47395
20627,5142,8,4,71394
20628,5142,76,1,95956
20629,5142,93,4,25266
20630,5142,80,5,14416
20631,5142,11,4,42580
20632,5143,96,5,93706
20633,5143,72,1,53594
20634,5143,23,1,13902
20635,5143,70,4,16773
20636,5143,90,1,99988
20637,5144,45,2,89685
20638,5144,95,2,10177
20639,5144,84,2,78759
20640,5144,17,2,32785
20641,5145,68,5,92995
20642,5145,7,2,51167
20643,5145,38,3,89599
20644,5145,99,5,64203
20645,5145,37,2,31314
20646,5146,53,4,58950
20647,5146,77,1,62543
20648,5146,67,5,71990
20649,5146,74,1,60296
20650,5146,33,3,67163
20651,5147,72,2,53594
20652,5147,48,5,56186
20653,5147,22,2,20870
20654,5147,21,5,33591
20655,5148,12,2,31257
20656,5148,63,4,59829
20657,5148,15,4,59265
20658,5148,91,1,87573
20659,5148,96,2,93706
20660,5149,16,1,21730
20661,5149,31,1,25080
20662,5149,57,5,87341
20663,5150,74,1,60296
20664,5150,6,4,23328
20665,5150,27,3,85161
20666,5150,33,3,67163
20667,5151,48,4,56186
20668,5151,27,5,85161
20669,5151,63,5,59829
20670,5151,6,3,23328
20671,5151,100,5,55240
20672,5152,94,5,54643
20673,5152,38,5,89599
20674,5152,60,4,91851
20675,5152,49,2,86790
20676,5153,52,5,47423
20677,5153,67,2,71990
20678,5153,20,5,13940
20679,5154,83,5,57341
20680,5154,11,1,42580
20681,5154,96,2,93706
20682,5155,45,4,89685
20683,5155,32,1,82134
20684,5155,89,5,99643
20685,5156,87,3,47322
20686,5156,46,5,39246
20687,5156,83,2,57341
20688,5157,38,5,89599
20689,5157,88,2,82751
20690,5157,10,3,15030
20691,5157,98,1,88669
20692,5158,70,3,16773
20693,5158,42,1,44615
20694,5158,1,5,77345
20695,5158,14,5,61112
20696,5158,52,3,47423
20697,5159,76,5,95956
20698,5159,63,2,59829
20699,5159,95,5,10177
20700,5159,2,5,16956
20701,5159,74,2,60296
20702,5160,46,3,39246
20703,5160,78,3,21761
20704,5160,70,2,16773
20705,5160,27,1,85161
20706,5161,86,1,33028
20707,5161,46,5,39246
20708,5161,67,2,71990
20709,5161,75,5,31489
20710,5161,60,3,91851
20711,5162,36,4,50269
20712,5162,80,5,14416
20713,5162,38,4,89599
20714,5163,95,2,10177
20715,5163,9,4,24385
20716,5163,34,4,71809
20717,5163,40,3,63117
20718,5163,16,1,21730
20719,5164,34,3,71809
20720,5164,71,1,62771
20721,5164,13,4,60825
20722,5165,96,1,93706
20723,5165,97,3,24578
20724,5165,35,4,27106
20725,5166,91,3,87573
20726,5166,22,1,20870
20727,5166,87,4,47322
20728,5167,58,4,66996
20729,5167,35,4,27106
20730,5167,3,5,92869
20731,5167,32,5,82134
20732,5168,16,5,21730
20733,5168,24,1,96972
20734,5168,3,5,92869
20735,5168,83,1,57341
20736,5169,43,1,37544
20737,5169,85,3,49747
20738,5169,89,2,99643
20739,5169,55,5,50282
20740,5169,3,5,92869
20741,5170,99,2,64203
20742,5170,98,5,88669
20743,5170,18,1,49881
20744,5170,35,5,27106
20745,5171,82,3,40303
20746,5171,54,1,55716
20747,5171,63,5,59829
20748,5172,22,3,20870
20749,5172,97,4,24578
20750,5172,30,4,22486
20751,5172,11,4,42580
20752,5173,63,4,59829
20753,5173,56,4,13545
20754,5173,25,5,95530
20755,5173,99,3,64203
20756,5174,50,1,53007
20757,5174,1,5,77345
20758,5174,53,5,58950
20759,5175,66,2,21309
20760,5175,75,5,31489
20761,5175,2,1,16956
20762,5175,12,4,31257
20763,5175,68,3,92995
20764,5176,25,2,95530
20765,5176,6,5,23328
20766,5176,27,5,85161
20767,5176,17,2,32785
20768,5176,10,2,15030
20769,5177,17,1,32785
20770,5177,59,1,68303
20771,5177,60,5,91851
20772,5178,71,4,62771
20773,5178,13,4,60825
20774,5178,83,4,57341
20775,5178,56,2,13545
20776,5178,58,1,66996
20777,5179,10,1,15030
20778,5179,50,5,53007
20779,5179,19,3,24844
20780,5180,12,3,31257
20781,5180,28,2,53426
20782,5180,93,4,25266
20783,5181,50,4,53007
20784,5181,91,2,87573
20785,5181,47,2,38951
20786,5182,27,4,85161
20787,5182,22,2,20870
20788,5182,35,5,27106
20789,5182,60,1,91851
20790,5182,29,1,27367
20791,5183,22,1,20870
20792,5183,31,4,25080
20793,5183,90,1,99988
20794,5183,95,1,10177
20795,5183,96,2,93706
20796,5184,23,4,13902
20797,5184,21,5,33591
20798,5184,51,3,22310
20799,5184,39,4,30610
20800,5185,46,1,39246
20801,5185,78,5,21761
20802,5185,33,3,67163
20803,5186,1,5,77345
20804,5186,35,2,27106
20805,5186,78,5,21761
20806,5187,96,3,93706
20807,5187,4,3,72183
20808,5187,99,2,64203
20809,5187,29,1,27367
20810,5188,30,3,22486
20811,5188,39,1,30610
20812,5188,89,5,99643
20813,5188,42,1,44615
20814,5189,91,1,87573
20815,5189,84,3,78759
20816,5189,33,5,67163
20817,5189,55,2,50282
20818,5189,39,3,30610
20819,5190,39,3,30610
20820,5190,12,1,31257
20821,5190,53,2,58950
20822,5191,46,1,39246
20823,5191,69,1,66333
20824,5191,48,1,56186
20825,5192,36,5,50269
20826,5192,51,5,22310
20827,5192,12,4,31257
20828,5192,92,4,43974
20829,5192,57,4,87341
20830,5193,83,5,57341
20831,5193,99,4,64203
20832,5193,66,1,21309
20833,5193,61,1,83461
20834,5194,55,5,50282
20835,5194,43,1,37544
20836,5194,3,5,92869
20837,5194,64,1,18863
20838,5195,41,3,16916
20839,5195,26,5,47395
20840,5195,58,4,66996
20841,5195,37,1,31314
20842,5195,64,2,18863
20843,5196,68,3,92995
20844,5196,56,1,13545
20845,5196,98,3,88669
20846,5196,44,5,55170
20847,5196,58,5,66996
20848,5197,41,5,16916
20849,5197,62,2,39951
20850,5197,6,1,23328
20851,5197,30,4,22486
20852,5197,61,5,83461
20853,5198,95,1,10177
20854,5198,87,3,47322
20855,5198,7,4,51167
20856,5198,14,5,61112
20857,5198,60,3,91851
20858,5199,96,1,93706
20859,5199,59,1,68303
20860,5199,93,2,25266
20861,5200,22,3,20870
20862,5200,5,5,35124
20863,5200,57,4,87341
20864,5200,83,3,57341
20865,5201,51,2,22310
20866,5201,81,2,69446
20867,5201,54,2,55716
20868,5201,28,3,53426
20869,5201,55,5,50282
20870,5202,43,3,37544
20871,5202,10,3,15030
20872,5202,27,3,85161
20873,5202,14,4,61112
20874,5202,22,4,20870
20875,5203,84,5,78759
20876,5203,88,1,82751
20877,5203,54,1,55716
20878,5204,68,2,92995
20879,5204,100,5,55240
20880,5204,23,3,13902
20881,5205,40,4,63117
20882,5205,94,2,54643
20883,5205,77,3,62543
20884,5205,86,2,33028
20885,5206,37,2,31314
20886,5206,64,5,18863
20887,5206,30,2,22486
20888,5206,70,3,16773
20889,5207,52,5,47423
20890,5207,43,3,37544
20891,5207,85,4,49747
20892,5208,22,4,20870
20893,5208,53,1,58950
20894,5208,19,1,24844
20895,5209,44,5,55170
20896,5209,76,3,95956
20897,5209,72,2,53594
20898,5210,40,1,63117
20899,5210,72,5,53594
20900,5210,94,4,54643
20901,5211,84,3,78759
20902,5211,53,3,58950
20903,5211,94,1,54643
20904,5211,3,1,92869
20905,5212,93,1,25266
20906,5212,89,5,99643
20907,5212,25,5,95530
20908,5213,57,3,87341
20909,5213,59,5,68303
20910,5213,53,5,58950
20911,5214,54,4,55716
20912,5214,26,1,47395
20913,5214,36,1,50269
20914,5214,83,4,57341
20915,5215,76,4,95956
20916,5215,83,5,57341
20917,5215,33,3,67163
20918,5215,18,5,49881
20919,5216,99,1,64203
20920,5216,48,1,56186
20921,5216,84,1,78759
20922,5216,69,5,66333
20923,5217,92,4,43974
20924,5217,43,3,37544
20925,5217,65,1,95196
20926,5218,39,5,30610
20927,5218,75,3,31489
20928,5218,78,3,21761
20929,5218,53,4,58950
20930,5218,34,3,71809
20931,5219,58,1,66996
20932,5219,32,1,82134
20933,5219,51,5,22310
20934,5219,13,5,60825
20935,5219,50,1,53007
20936,5220,92,2,43974
20937,5220,17,5,32785
20938,5220,94,4,54643
20939,5221,100,2,55240
20940,5221,66,4,21309
20941,5221,33,1,67163
20942,5222,36,2,50269
20943,5222,90,1,99988
20944,5222,2,3,16956
20945,5222,18,4,49881
20946,5223,50,2,53007
20947,5223,75,3,31489
20948,5223,17,4,32785
20949,5223,46,2,39246
20950,5224,88,5,82751
20951,5224,47,1,38951
20952,5224,32,5,82134
20953,5224,100,3,55240
20954,5225,55,1,50282
20955,5225,4,3,72183
20956,5225,82,2,40303
20957,5225,90,5,99988
20958,5225,71,3,62771
20959,5226,98,5,88669
20960,5226,57,4,87341
20961,5226,15,5,59265
20962,5227,56,3,13545
20963,5227,2,5,16956
20964,5227,70,2,16773
20965,5227,23,1,13902
20966,5227,11,5,42580
20967,5228,97,3,24578
20968,5228,66,4,21309
20969,5228,38,1,89599
20970,5228,17,5,32785
20971,5229,82,5,40303
20972,5229,63,5,59829
20973,5229,72,2,53594
20974,5229,41,3,16916
20975,5229,29,1,27367
20976,5230,43,4,37544
20977,5230,67,3,71990
20978,5230,22,1,20870
20979,5230,24,2,96972
20980,5230,6,2,23328
20981,5231,23,1,13902
20982,5231,46,4,39246
20983,5231,7,3,51167
20984,5231,62,1,39951
20985,5232,2,1,16956
20986,5232,10,4,15030
20987,5232,27,4,85161
20988,5232,63,4,59829
20989,5232,42,5,44615
20990,5233,78,2,21761
20991,5233,2,1,16956
20992,5233,36,5,50269
20993,5233,57,3,87341
20994,5234,96,2,93706
20995,5234,33,4,67163
20996,5234,80,4,14416
20997,5234,67,2,71990
20998,5235,24,3,96972
20999,5235,25,4,95530
21000,5235,52,5,47423
21001,5235,4,3,72183
21002,5236,24,5,96972
21003,5236,28,5,53426
21004,5236,79,4,37051
21005,5237,36,4,50269
21006,5237,23,3,13902
21007,5237,77,1,62543
21008,5237,52,3,47423
21009,5238,31,4,25080
21010,5238,95,4,10177
21011,5238,80,3,14416
21012,5238,98,3,88669
21013,5239,36,5,50269
21014,5239,66,4,21309
21015,5239,24,5,96972
21016,5239,59,2,68303
21017,5240,47,1,38951
21018,5240,61,2,83461
21019,5240,78,2,21761
21020,5241,5,2,35124
21021,5241,28,5,53426
21022,5241,18,4,49881
21023,5242,59,4,68303
21024,5242,38,3,89599
21025,5242,77,1,62543
21026,5243,92,2,43974
21027,5243,80,4,14416
21028,5243,48,1,56186
21029,5244,88,5,82751
21030,5244,21,2,33591
21031,5244,91,4,87573
21032,5245,59,5,68303
21033,5245,62,2,39951
21034,5245,100,3,55240
21035,5245,90,3,99988
21036,5246,74,3,60296
21037,5246,100,2,55240
21038,5246,78,1,21761
21039,5246,30,3,22486
21040,5246,62,4,39951
21041,5247,17,1,32785
21042,5247,15,1,59265
21043,5247,78,4,21761
21044,5247,27,5,85161
21045,5247,18,2,49881
21046,5248,80,3,14416
21047,5248,12,2,31257
21048,5248,15,3,59265
21049,5248,44,4,55170
21050,5248,39,1,30610
21051,5249,28,1,53426
21052,5249,59,3,68303
21053,5249,49,1,86790
21054,5249,69,3,66333
21055,5250,50,3,53007
21056,5250,59,4,68303
21057,5250,79,2,37051
21058,5250,21,5,33591
21059,5251,45,4,89685
21060,5251,38,1,89599
21061,5251,56,5,13545
21062,5252,70,4,16773
21063,5252,76,3,95956
21064,5252,85,3,49747
21065,5253,89,3,99643
21066,5253,73,2,58762
21067,5253,36,3,50269
21068,5253,7,3,51167
21069,5253,15,4,59265
21070,5254,55,1,50282
21071,5254,70,2,16773
21072,5254,10,3,15030
21073,5255,86,1,33028
21074,5255,38,4,89599
21075,5255,8,5,71394
21076,5255,33,2,67163
21077,5256,44,2,55170
21078,5256,63,5,59829
21079,5256,91,3,87573
21080,5257,71,4,62771
21081,5257,64,5,18863
21082,5257,65,2,95196
21083,5257,87,4,47322
21084,5257,39,1,30610
21085,5258,80,3,14416
21086,5258,47,4,38951
21087,5258,33,4,67163
21088,5258,90,2,99988
21089,5258,23,5,13902
21090,5259,34,2,71809
21091,5259,44,5,55170
21092,5259,100,1,55240
21093,5259,38,4,89599
21094,5260,44,3,55170
21095,5260,39,3,30610
21096,5260,21,5,33591
21097,5261,31,4,25080
21098,5261,47,1,38951
21099,5261,54,1,55716
21100,5261,59,2,68303
21101,5262,66,3,21309
21102,5262,32,3,82134
21103,5262,72,1,53594
21104,5262,69,2,66333
21105,5263,36,4,50269
21106,5263,18,2,49881
21107,5263,38,1,89599
21108,5263,74,3,60296
21109,5263,63,4,59829
21110,5264,28,3,53426
21111,5264,50,5,53007
21112,5264,96,2,93706
21113,5264,70,1,16773
21114,5264,27,3,85161
21115,5265,44,5,55170
21116,5265,91,3,87573
21117,5265,56,4,13545
21118,5266,46,2,39246
21119,5266,26,2,47395
21120,5266,28,1,53426
21121,5267,67,5,71990
21122,5267,45,5,89685
21123,5267,91,1,87573
21124,5267,21,4,33591
21125,5267,65,2,95196
21126,5268,26,3,47395
21127,5268,98,3,88669
21128,5268,51,4,22310
21129,5268,81,3,69446
21130,5268,43,1,37544
21131,5269,53,1,58950
21132,5269,30,2,22486
21133,5269,85,2,49747
21134,5269,14,1,61112
21135,5269,91,5,87573
21136,5270,37,5,31314
21137,5270,99,4,64203
21138,5270,98,3,88669
21139,5270,66,5,21309
21140,5270,67,4,71990
21141,5271,36,4,50269
21142,5271,43,3,37544
21143,5271,60,3,91851
21144,5272,71,5,62771
21145,5272,17,4,32785
21146,5272,46,1,39246
21147,5272,84,4,78759
21148,5273,15,5,59265
21149,5273,13,2,60825
21150,5273,91,3,87573
21151,5273,7,1,51167
21152,5273,97,3,24578
21153,5274,68,3,92995
21154,5274,89,5,99643
21155,5274,66,2,21309
21156,5274,98,1,88669
21157,5274,84,1,78759
21158,5275,42,3,44615
21159,5275,22,3,20870
21160,5275,26,4,47395
21161,5276,35,2,27106
21162,5276,63,2,59829
21163,5276,99,1,64203
21164,5276,7,3,51167
21165,5277,53,4,58950
21166,5277,57,3,87341
21167,5277,19,1,24844
21168,5277,99,1,64203
21169,5277,35,1,27106
21170,5278,70,4,16773
21171,5278,23,4,13902
21172,5278,48,3,56186
21173,5278,2,5,16956
21174,5279,2,2,16956
21175,5279,66,5,21309
21176,5279,80,2,14416
21177,5280,99,4,64203
21178,5280,71,2,62771
21179,5280,54,2,55716
21180,5280,64,4,18863
21181,5280,56,3,13545
21182,5281,98,1,88669
21183,5281,45,3,89685
21184,5281,31,4,25080
21185,5282,30,2,22486
21186,5282,5,1,35124
21187,5282,87,5,47322
21188,5282,70,1,16773
21189,5283,7,4,51167
21190,5283,18,4,49881
21191,5283,67,3,71990
21192,5284,12,1,31257
21193,5284,76,2,95956
21194,5284,13,3,60825
21195,5284,93,3,25266
21196,5285,18,5,49881
21197,5285,56,1,13545
21198,5285,12,1,31257
21199,5286,4,1,72183
21200,5286,94,4,54643
21201,5286,93,1,25266
21202,5287,8,5,71394
21203,5287,28,1,53426
21204,5287,91,3,87573
21205,5288,69,4,66333
21206,5288,89,1,99643
21207,5288,55,2,50282
21208,5288,81,1,69446
21209,5289,76,5,95956
21210,5289,78,5,21761
21211,5289,88,4,82751
21212,5290,97,3,24578
21213,5290,100,3,55240
21214,5290,75,3,31489
21215,5291,97,2,24578
21216,5291,7,3,51167
21217,5291,56,1,13545
21218,5291,57,3,87341
21219,5292,23,3,13902
21220,5292,4,1,72183
21221,5292,64,1,18863
21222,5292,21,1,33591
21223,5293,14,4,61112
21224,5293,46,3,39246
21225,5293,9,1,24385
21226,5293,62,1,39951
21227,5294,77,5,62543
21228,5294,80,5,14416
21229,5294,52,4,47423
21230,5294,64,2,18863
21231,5294,74,3,60296
21232,5295,70,4,16773
21233,5295,76,2,95956
21234,5295,78,1,21761
21235,5295,10,5,15030
21236,5295,67,4,71990
21237,5296,92,2,43974
21238,5296,83,1,57341
21239,5296,29,5,27367
21240,5296,69,1,66333
21241,5297,82,3,40303
21242,5297,8,5,71394
21243,5297,72,5,53594
21244,5298,37,4,31314
21245,5298,26,5,47395
21246,5298,21,2,33591
21247,5298,15,2,59265
21248,5298,77,3,62543
21249,5299,30,2,22486
21250,5299,25,1,95530
21251,5299,36,1,50269
21252,5299,45,4,89685
21253,5300,79,2,37051
21254,5300,69,1,66333
21255,5300,15,3,59265
21256,5300,20,4,13940
21257,5301,3,4,92869
21258,5301,31,5,25080
21259,5301,32,2,82134
21260,5302,17,2,32785
21261,5302,49,4,86790
21262,5302,78,4,21761
21263,5303,81,5,69446
21264,5303,86,2,33028
21265,5303,18,2,49881
21266,5303,53,1,58950
21267,5303,37,2,31314
21268,5304,52,4,47423
21269,5304,33,4,67163
21270,5304,13,2,60825
21271,5305,64,5,18863
21272,5305,60,4,91851
21273,5305,100,3,55240
21274,5306,76,2,95956
21275,5306,99,4,64203
21276,5306,41,1,16916
21277,5307,82,1,40303
21278,5307,62,5,39951
21279,5307,14,5,61112
21280,5307,89,4,99643
21281,5308,32,1,82134
21282,5308,50,1,53007
21283,5308,17,3,32785
21284,5309,100,5,55240
21285,5309,63,1,59829
21286,5309,7,4,51167
21287,5309,24,2,96972
21288,5310,29,5,27367
21289,5310,50,1,53007
21290,5310,51,4,22310
21291,5311,70,3,16773
21292,5311,1,4,77345
21293,5311,4,1,72183
21294,5312,40,4,63117
21295,5312,87,2,47322
21296,5312,64,1,18863
21297,5312,69,2,66333
21298,5313,52,1,47423
21299,5313,86,3,33028
21300,5313,51,3,22310
21301,5313,92,1,43974
21302,5313,4,5,72183
21303,5314,15,4,59265
21304,5314,100,3,55240
21305,5314,40,1,63117
21306,5315,73,4,58762
21307,5315,84,5,78759
21308,5315,23,4,13902
21309,5315,7,4,51167
21310,5315,75,3,31489
21311,5316,97,4,24578
21312,5316,13,1,60825
21313,5316,28,2,53426
21314,5317,48,2,56186
21315,5317,41,3,16916
21316,5317,38,2,89599
21317,5318,90,5,99988
21318,5318,31,5,25080
21319,5318,92,5,43974
21320,5318,75,1,31489
21321,5319,5,5,35124
21322,5319,19,5,24844
21323,5319,28,5,53426
21324,5319,33,2,67163
21325,5319,52,3,47423
21326,5320,58,4,66996
21327,5320,96,4,93706
21328,5320,94,2,54643
21329,5320,12,3,31257
21330,5320,84,2,78759
21331,5321,6,3,23328
21332,5321,79,5,37051
21333,5321,81,1,69446
21334,5321,78,5,21761
21335,5321,23,3,13902
21336,5322,38,3,89599
21337,5322,51,3,22310
21338,5322,82,4,40303
21339,5322,65,2,95196
21340,5323,39,3,30610
21341,5323,12,3,31257
21342,5323,42,3,44615
21343,5323,33,2,67163
21344,5323,93,5,25266
21345,5324,24,1,96972
21346,5324,95,5,10177
21347,5324,30,3,22486
21348,5324,34,5,71809
21349,5324,89,4,99643
21350,5325,20,2,13940
21351,5325,3,4,92869
21352,5325,51,5,22310
21353,5325,71,3,62771
21354,5325,5,3,35124
21355,5326,50,5,53007
21356,5326,67,4,71990
21357,5326,64,4,18863
21358,5326,85,1,49747
21359,5327,54,2,55716
21360,5327,16,2,21730
21361,5327,65,1,95196
21362,5327,12,4,31257
21363,5328,4,5,72183
21364,5328,56,4,13545
21365,5328,5,2,35124
21366,5329,1,5,77345
21367,5329,44,4,55170
21368,5329,23,2,13902
21369,5329,2,5,16956
21370,5330,30,4,22486
21371,5330,77,4,62543
21372,5330,49,2,86790
21373,5331,8,3,71394
21374,5331,58,3,66996
21375,5331,89,2,99643
21376,5332,49,3,86790
21377,5332,89,3,99643
21378,5332,45,4,89685
21379,5332,28,1,53426
21380,5332,36,3,50269
21381,5333,15,2,59265
21382,5333,75,4,31489
21383,5333,8,1,71394
21384,5333,31,4,25080
21385,5334,19,4,24844
21386,5334,63,4,59829
21387,5334,28,5,53426
21388,5334,25,5,95530
21389,5335,21,1,33591
21390,5335,54,1,55716
21391,5335,96,4,93706
21392,5335,95,5,10177
21393,5335,49,1,86790
21394,5336,16,3,21730
21395,5336,98,3,88669
21396,5336,22,1,20870
21397,5337,5,4,35124
21398,5337,89,3,99643
21399,5337,97,3,24578
21400,5337,28,1,53426
21401,5338,53,5,58950
21402,5338,88,2,82751
21403,5338,5,1,35124
21404,5339,32,1,82134
21405,5339,30,3,22486
21406,5339,23,4,13902
21407,5339,94,3,54643
21408,5340,43,1,37544
21409,5340,49,1,86790
21410,5340,44,4,55170
21411,5340,47,2,38951
21412,5341,82,3,40303
21413,5341,52,4,47423
21414,5341,63,1,59829
21415,5341,32,3,82134
21416,5341,65,2,95196
21417,5342,96,1,93706
21418,5342,60,3,91851
21419,5342,75,4,31489
21420,5343,68,3,92995
21421,5343,75,5,31489
21422,5343,99,2,64203
21423,5343,51,1,22310
21424,5343,27,1,85161
21425,5344,36,4,50269
21426,5344,56,3,13545
21427,5344,22,3,20870
21428,5344,94,4,54643
21429,5344,41,3,16916
21430,5345,64,3,18863
21431,5345,96,1,93706
21432,5345,71,2,62771
21433,5345,27,3,85161
21434,5346,10,1,15030
21435,5346,23,1,13902
21436,5346,41,3,16916
21437,5346,61,1,83461
21438,5346,85,2,49747
21439,5347,39,2,30610
21440,5347,85,3,49747
21441,5347,45,2,89685
21442,5347,79,2,37051
21443,5347,46,5,39246
21444,5348,84,5,78759
21445,5348,59,3,68303
21446,5348,61,1,83461
21447,5348,97,3,24578
21448,5349,78,1,21761
21449,5349,94,2,54643
21450,5349,92,4,43974
21451,5350,8,1,71394
21452,5350,83,1,57341
21453,5350,6,5,23328
21454,5350,55,5,50282
21455,5350,97,3,24578
21456,5351,29,3,27367
21457,5351,67,3,71990
21458,5351,18,1,49881
21459,5351,17,4,32785
21460,5351,82,4,40303
21461,5352,15,4,59265
21462,5352,91,4,87573
21463,5352,4,5,72183
21464,5352,32,1,82134
21465,5352,26,2,47395
21466,5353,13,3,60825
21467,5353,11,4,42580
21468,5353,59,5,68303
21469,5353,21,5,33591
21470,5353,7,4,51167
21471,5354,52,4,47423
21472,5354,79,5,37051
21473,5354,19,1,24844
21474,5355,65,1,95196
21475,5355,25,4,95530
21476,5355,14,4,61112
21477,5355,17,3,32785
21478,5355,12,3,31257
21479,5356,45,2,89685
21480,5356,3,5,92869
21481,5356,31,2,25080
21482,5357,69,1,66333
21483,5357,32,5,82134
21484,5357,34,1,71809
21485,5357,94,1,54643
21486,5357,17,3,32785
21487,5358,47,4,38951
21488,5358,52,3,47423
21489,5358,45,3,89685
21490,5358,59,5,68303
21491,5358,44,5,55170
21492,5359,59,5,68303
21493,5359,61,4,83461
21494,5359,37,4,31314
21495,5360,73,5,58762
21496,5360,70,3,16773
21497,5360,51,2,22310
21498,5360,71,5,62771
21499,5360,39,3,30610
21500,5361,34,2,71809
21501,5361,31,2,25080
21502,5361,49,1,86790
21503,5361,54,2,55716
21504,5362,2,5,16956
21505,5362,50,5,53007
21506,5362,87,2,47322
21507,5363,49,4,86790
21508,5363,75,2,31489
21509,5363,64,3,18863
21510,5364,95,3,10177
21511,5364,72,2,53594
21512,5364,1,1,77345
21513,5364,30,1,22486
21514,5364,69,3,66333
21515,5365,99,3,64203
21516,5365,15,2,59265
21517,5365,85,5,49747
21518,5366,13,1,60825
21519,5366,86,4,33028
21520,5366,95,5,10177
21521,5366,80,4,14416
21522,5366,48,5,56186
21523,5367,97,1,24578
21524,5367,83,4,57341
21525,5367,72,1,53594
21526,5367,76,5,95956
21527,5367,98,3,88669
21528,5368,69,2,66333
21529,5368,24,1,96972
21530,5368,95,4,10177
21531,5368,94,3,54643
21532,5369,62,1,39951
21533,5369,61,2,83461
21534,5369,58,3,66996
21535,5369,29,2,27367
21536,5369,93,4,25266
21537,5370,53,1,58950
21538,5370,8,1,71394
21539,5370,40,1,63117
21540,5371,16,4,21730
21541,5371,94,1,54643
21542,5371,20,4,13940
21543,5371,97,5,24578
21544,5371,2,3,16956
21545,5372,27,1,85161
21546,5372,74,1,60296
21547,5372,94,4,54643
21548,5372,26,2,47395
21549,5372,3,4,92869
21550,5373,36,2,50269
21551,5373,19,1,24844
21552,5373,71,5,62771
21553,5374,24,3,96972
21554,5374,48,4,56186
21555,5374,33,5,67163
21556,5375,80,3,14416
21557,5375,56,4,13545
21558,5375,37,4,31314
21559,5375,20,1,13940
21560,5375,19,3,24844
21561,5376,87,4,47322
21562,5376,90,1,99988
21563,5376,42,1,44615
21564,5376,91,3,87573
21565,5377,78,1,21761
21566,5377,29,5,27367
21567,5377,1,4,77345
21568,5378,75,4,31489
21569,5378,27,1,85161
21570,5378,20,4,13940
21571,5378,62,5,39951
21572,5379,14,4,61112
21573,5379,6,5,23328
21574,5379,49,3,86790
21575,5379,44,2,55170
21576,5379,88,5,82751
21577,5380,25,4,95530
21578,5380,9,1,24385
21579,5380,58,2,66996
21580,5381,80,1,14416
21581,5381,47,3,38951
21582,5381,35,2,27106
21583,5382,90,3,99988
21584,5382,56,2,13545
21585,5382,65,5,95196
21586,5383,73,2,58762
21587,5383,8,1,71394
21588,5383,21,1,33591
21589,5383,93,2,25266
21590,5384,53,3,58950
21591,5384,18,1,49881
21592,5384,45,1,89685
21593,5385,59,4,68303
21594,5385,39,1,30610
21595,5385,60,5,91851
21596,5385,71,1,62771
21597,5386,90,4,99988
21598,5386,67,5,71990
21599,5386,59,3,68303
21600,5386,49,1,86790
21601,5386,29,1,27367
21602,5387,49,5,86790
21603,5387,74,2,60296
21604,5387,39,5,30610
21605,5388,13,1,60825
21606,5388,21,2,33591
21607,5388,96,3,93706
21608,5388,100,4,55240
21609,5389,72,2,53594
21610,5389,45,1,89685
21611,5389,86,1,33028
21612,5389,8,1,71394
21613,5390,64,4,18863
21614,5390,28,5,53426
21615,5390,50,4,53007
21616,5390,53,3,58950
21617,5391,31,5,25080
21618,5391,15,4,59265
21619,5391,18,5,49881
21620,5391,88,4,82751
21621,5392,62,4,39951
21622,5392,52,5,47423
21623,5392,69,5,66333
21624,5392,53,3,58950
21625,5393,47,5,38951
21626,5393,23,2,13902
21627,5393,79,1,37051
21628,5393,43,2,37544
21629,5394,44,2,55170
21630,5394,95,5,10177
21631,5394,14,2,61112
21632,5395,8,5,71394
21633,5395,88,3,82751
21634,5395,23,1,13902
21635,5395,28,5,53426
21636,5396,55,5,50282
21637,5396,8,5,71394
21638,5396,75,4,31489
21639,5397,26,3,47395
21640,5397,90,2,99988
21641,5397,24,5,96972
21642,5398,61,5,83461
21643,5398,87,2,47322
21644,5398,21,3,33591
21645,5398,41,2,16916
21646,5399,22,1,20870
21647,5399,87,2,47322
21648,5399,62,1,39951
21649,5399,70,2,16773
21650,5399,3,2,92869
21651,5400,11,4,42580
21652,5400,10,1,15030
21653,5400,64,1,18863
21654,5401,72,1,53594
21655,5401,80,1,14416
21656,5401,43,1,37544
21657,5401,19,5,24844
21658,5401,90,3,99988
21659,5402,31,1,25080
21660,5402,53,4,58950
21661,5402,93,3,25266
21662,5402,48,1,56186
21663,5403,93,2,25266
21664,5403,9,1,24385
21665,5403,33,3,67163
21666,5403,43,5,37544
21667,5403,38,1,89599
21668,5404,35,2,27106
21669,5404,97,5,24578
21670,5404,60,4,91851
21671,5404,22,5,20870
21672,5404,24,4,96972
21673,5405,88,3,82751
21674,5405,62,1,39951
21675,5405,58,3,66996
21676,5405,76,4,95956
21677,5406,2,3,16956
21678,5406,72,3,53594
21679,5406,64,5,18863
21680,5406,17,2,32785
21681,5407,36,5,50269
21682,5407,48,4,56186
21683,5407,23,3,13902
21684,5407,32,1,82134
21685,5408,88,2,82751
21686,5408,16,5,21730
21687,5408,78,4,21761
21688,5409,72,3,53594
21689,5409,31,1,25080
21690,5409,19,4,24844
21691,5409,44,2,55170
21692,5409,12,5,31257
21693,5410,86,1,33028
21694,5410,47,4,38951
21695,5410,72,2,53594
21696,5410,12,3,31257
21697,5410,75,2,31489
21698,5411,52,5,47423
21699,5411,77,2,62543
21700,5411,22,3,20870
21701,5411,99,2,64203
21702,5412,11,4,42580
21703,5412,98,2,88669
21704,5412,34,5,71809
21705,5412,35,1,27106
21706,5413,49,3,86790
21707,5413,69,3,66333
21708,5413,97,3,24578
21709,5414,19,3,24844
21710,5414,78,1,21761
21711,5414,43,4,37544
21712,5414,51,4,22310
21713,5414,74,1,60296
21714,5415,59,5,68303
21715,5415,99,1,64203
21716,5415,10,4,15030
21717,5416,72,1,53594
21718,5416,98,1,88669
21719,5416,79,1,37051
21720,5416,64,1,18863
21721,5416,78,4,21761
21722,5417,85,4,49747
21723,5417,24,2,96972
21724,5417,39,5,30610
21725,5417,41,4,16916
21726,5418,37,4,31314
21727,5418,49,1,86790
21728,5418,75,1,31489
21729,5418,69,2,66333
21730,5418,71,5,62771
21731,5419,72,2,53594
21732,5419,73,3,58762
21733,5419,85,2,49747
21734,5420,54,1,55716
21735,5420,66,2,21309
21736,5420,27,1,85161
21737,5421,29,3,27367
21738,5421,96,1,93706
21739,5421,31,4,25080
21740,5421,67,4,71990
21741,5421,72,2,53594
21742,5422,89,5,99643
21743,5422,28,1,53426
21744,5422,95,3,10177
21745,5422,30,1,22486
21746,5422,58,4,66996
21747,5423,1,1,77345
21748,5423,75,2,31489
21749,5423,62,4,39951
21750,5424,22,3,20870
21751,5424,48,3,56186
21752,5424,81,1,69446
21753,5424,10,2,15030
21754,5424,58,4,66996
21755,5425,96,5,93706
21756,5425,3,4,92869
21757,5425,12,4,31257
21758,5425,42,3,44615
21759,5426,35,1,27106
21760,5426,42,5,44615
21761,5426,66,5,21309
21762,5427,73,5,58762
21763,5427,35,1,27106
21764,5427,54,3,55716
21765,5428,83,1,57341
21766,5428,98,3,88669
21767,5428,85,4,49747
21768,5428,31,3,25080
21769,5428,26,5,47395
21770,5429,76,5,95956
21771,5429,63,2,59829
21772,5429,59,1,68303
21773,5430,47,4,38951
21774,5430,7,2,51167
21775,5430,21,5,33591
21776,5430,25,4,95530
21777,5430,82,2,40303
21778,5431,62,5,39951
21779,5431,100,4,55240
21780,5431,27,2,85161
21781,5431,13,3,60825
21782,5432,9,5,24385
21783,5432,68,3,92995
21784,5432,28,1,53426
21785,5433,18,5,49881
21786,5433,87,4,47322
21787,5433,9,4,24385
21788,5433,69,4,66333
21789,5433,36,2,50269
21790,5434,92,5,43974
21791,5434,27,5,85161
21792,5434,4,4,72183
21793,5434,52,4,47423
21794,5434,95,2,10177
21795,5435,5,5,35124
21796,5435,60,3,91851
21797,5435,89,1,99643
21798,5436,54,3,55716
21799,5436,61,1,83461
21800,5436,90,4,99988
21801,5436,53,3,58950
21802,5436,97,2,24578
21803,5437,70,5,16773
21804,5437,55,4,50282
21805,5437,98,4,88669
21806,5437,17,5,32785
21807,5437,97,3,24578
21808,5438,92,2,43974
21809,5438,97,5,24578
21810,5438,4,3,72183
21811,5439,90,3,99988
21812,5439,57,3,87341
21813,5439,65,2,95196
21814,5439,46,1,39246
21815,5439,7,2,51167
21816,5440,5,1,35124
21817,5440,62,3,39951
21818,5440,35,3,27106
21819,5440,69,1,66333
21820,5440,59,3,68303
21821,5441,14,4,61112
21822,5441,46,4,39246
21823,5441,72,4,53594
21824,5441,66,4,21309
21825,5442,42,4,44615
21826,5442,22,5,20870
21827,5442,52,5,47423
21828,5443,44,4,55170
21829,5443,90,1,99988
21830,5443,64,5,18863
21831,5443,35,3,27106
21832,5444,28,1,53426
21833,5444,13,1,60825
21834,5444,7,5,51167
21835,5444,36,1,50269
21836,5445,70,5,16773
21837,5445,41,4,16916
21838,5445,12,2,31257
21839,5445,38,3,89599
21840,5445,43,4,37544
21841,5446,98,5,88669
21842,5446,19,2,24844
21843,5446,60,4,91851
21844,5446,34,5,71809
21845,5447,68,2,92995
21846,5447,26,4,47395
21847,5447,60,2,91851
21848,5447,3,1,92869
21849,5447,79,1,37051
21850,5448,79,4,37051
21851,5448,14,2,61112
21852,5448,60,5,91851
21853,5449,22,4,20870
21854,5449,45,2,89685
21855,5449,82,3,40303
21856,5449,46,4,39246
21857,5449,87,5,47322
21858,5450,6,5,23328
21859,5450,57,5,87341
21860,5450,50,1,53007
21861,5450,25,3,95530
21862,5450,84,5,78759
21863,5451,79,3,37051
21864,5451,20,5,13940
21865,5451,75,1,31489
21866,5451,5,1,35124
21867,5452,74,1,60296
21868,5452,11,4,42580
21869,5452,76,5,95956
21870,5452,47,3,38951
21871,5452,49,1,86790
21872,5453,82,2,40303
21873,5453,78,2,21761
21874,5453,84,5,78759
21875,5453,33,3,67163
21876,5454,87,2,47322
21877,5454,24,1,96972
21878,5454,85,3,49747
21879,5455,7,1,51167
21880,5455,89,3,99643
21881,5455,43,2,37544
21882,5455,92,5,43974
21883,5456,94,3,54643
21884,5456,51,5,22310
21885,5456,41,2,16916
21886,5457,49,5,86790
21887,5457,48,1,56186
21888,5457,51,4,22310
21889,5457,62,2,39951
21890,5457,39,2,30610
21891,5458,53,5,58950
21892,5458,17,5,32785
21893,5458,45,3,89685
21894,5458,55,5,50282
21895,5458,90,2,99988
21896,5459,91,1,87573
21897,5459,49,4,86790
21898,5459,81,3,69446
21899,5460,96,1,93706
21900,5460,39,1,30610
21901,5460,92,5,43974
21902,5460,61,5,83461
21903,5460,20,2,13940
21904,5461,63,2,59829
21905,5461,36,1,50269
21906,5461,74,3,60296
21907,5462,82,5,40303
21908,5462,83,5,57341
21909,5462,92,5,43974
21910,5463,72,2,53594
21911,5463,42,4,44615
21912,5463,73,1,58762
21913,5463,20,5,13940
21914,5463,53,4,58950
21915,5464,2,4,16956
21916,5464,18,2,49881
21917,5464,44,3,55170
21918,5465,58,1,66996
21919,5465,2,1,16956
21920,5465,14,5,61112
21921,5465,22,3,20870
21922,5465,48,3,56186
21923,5466,47,3,38951
21924,5466,10,4,15030
21925,5466,1,2,77345
21926,5466,71,5,62771
21927,5466,90,4,99988
21928,5467,13,1,60825
21929,5467,6,5,23328
21930,5467,77,1,62543
21931,5467,33,1,67163
21932,5467,5,3,35124
21933,5468,59,2,68303
21934,5468,30,4,22486
21935,5468,15,5,59265
21936,5468,86,3,33028
21937,5468,39,2,30610
21938,5469,17,3,32785
21939,5469,39,5,30610
21940,5469,79,3,37051
21941,5470,98,1,88669
21942,5470,57,2,87341
21943,5470,60,2,91851
21944,5471,35,1,27106
21945,5471,55,5,50282
21946,5471,26,2,47395
21947,5471,81,4,69446
21948,5472,18,1,49881
21949,5472,41,5,16916
21950,5472,50,4,53007
21951,5472,34,2,71809
21952,5472,55,3,50282
21953,5473,81,5,69446
21954,5473,82,1,40303
21955,5473,57,3,87341
21956,5473,70,2,16773
21957,5473,25,3,95530
21958,5474,54,3,55716
21959,5474,94,2,54643
21960,5474,39,2,30610
21961,5474,33,4,67163
21962,5474,76,3,95956
21963,5475,65,5,95196
21964,5475,39,3,30610
21965,5475,47,3,38951
21966,5475,25,4,95530
21967,5475,92,2,43974
21968,5476,8,5,71394
21969,5476,94,2,54643
21970,5476,27,2,85161
21971,5477,85,1,49747
21972,5477,72,5,53594
21973,5477,59,2,68303
21974,5477,9,5,24385
21975,5477,35,4,27106
21976,5478,8,1,71394
21977,5478,16,5,21730
21978,5478,14,3,61112
21979,5478,56,2,13545
21980,5478,26,3,47395
21981,5479,87,1,47322
21982,5479,77,4,62543
21983,5479,17,1,32785
21984,5480,92,2,43974
21985,5480,30,4,22486
21986,5480,56,4,13545
21987,5480,97,5,24578
21988,5481,10,3,15030
21989,5481,58,1,66996
21990,5481,20,4,13940
21991,5481,24,4,96972
21992,5482,61,5,83461
21993,5482,40,1,63117
21994,5482,64,4,18863
21995,5482,91,2,87573
21996,5482,7,1,51167
21997,5483,71,4,62771
21998,5483,46,5,39246
21999,5483,14,1,61112
22000,5484,34,5,71809
22001,5484,57,3,87341
22002,5484,73,3,58762
22003,5485,36,2,50269
22004,5485,91,4,87573
22005,5485,82,1,40303
22006,5485,33,4,67163
22007,5486,72,2,53594
22008,5486,67,1,71990
22009,5486,29,2,27367
22010,5486,61,2,83461
22011,5487,27,1,85161
22012,5487,58,4,66996
22013,5487,76,2,95956
22014,5488,87,1,47322
22015,5488,56,5,13545
22016,5488,70,3,16773
22017,5488,54,3,55716
22018,5489,87,1,47322
22019,5489,6,5,23328
22020,5489,10,3,15030
22021,5489,69,4,66333
22022,5490,36,1,50269
22023,5490,57,5,87341
22024,5490,25,1,95530
22025,5490,56,1,13545
22026,5490,51,3,22310
22027,5491,100,3,55240
22028,5491,97,3,24578
22029,5491,55,3,50282
22030,5492,65,2,95196
22031,5492,21,1,33591
22032,5492,73,2,58762
22033,5492,54,2,55716
22034,5492,71,4,62771
22035,5493,47,4,38951
22036,5493,62,1,39951
22037,5493,82,1,40303
22038,5493,24,2,96972
22039,5493,5,1,35124
22040,5494,75,5,31489
22041,5494,74,2,60296
22042,5494,99,2,64203
22043,5495,34,5,71809
22044,5495,63,4,59829
22045,5495,86,4,33028
22046,5495,23,5,13902
22047,5495,85,3,49747
22048,5496,71,5,62771
22049,5496,38,2,89599
22050,5496,60,1,91851
22051,5496,67,3,71990
22052,5496,21,2,33591
22053,5497,100,5,55240
22054,5497,33,4,67163
22055,5497,39,2,30610
22056,5497,68,3,92995
22057,5498,20,3,13940
22058,5498,81,2,69446
22059,5498,58,3,66996
22060,5498,40,5,63117
22061,5498,96,5,93706
22062,5499,91,4,87573
22063,5499,11,5,42580
22064,5499,36,2,50269
22065,5499,57,2,87341
22066,5500,21,5,33591
22067,5500,23,5,13902
22068,5500,29,5,27367
22069,5500,32,4,82134
22070,5501,46,4,39246
22071,5501,58,3,66996
22072,5501,33,2,67163
22073,5501,64,2,18863
22074,5501,15,4,59265
22075,5502,89,1,99643
22076,5502,12,2,31257
22077,5502,71,1,62771
22078,5502,9,3,24385
22079,5502,2,4,16956
22080,5503,26,3,47395
22081,5503,88,5,82751
22082,5503,92,5,43974
22083,5504,95,3,10177
22084,5504,39,4,30610
22085,5504,15,5,59265
22086,5504,83,4,57341
22087,5504,86,1,33028
22088,5505,61,1,83461
22089,5505,79,1,37051
22090,5505,87,1,47322
22091,5505,36,4,50269
22092,5506,60,1,91851
22093,5506,59,4,68303
22094,5506,48,1,56186
22095,5506,31,1,25080
22096,5507,2,5,16956
22097,5507,93,1,25266
22098,5507,9,4,24385
22099,5507,63,4,59829
22100,5508,52,4,47423
22101,5508,39,1,30610
22102,5508,94,2,54643
22103,5508,27,4,85161
22104,5508,4,5,72183
22105,5509,62,3,39951
22106,5509,90,4,99988
22107,5509,75,5,31489
22108,5509,16,5,21730
22109,5509,17,3,32785
22110,5510,58,3,66996
22111,5510,14,3,61112
22112,5510,94,2,54643
22113,5511,96,1,93706
22114,5511,46,2,39246
22115,5511,62,5,39951
22116,5511,80,4,14416
22117,5511,2,4,16956
22118,5512,76,4,95956
22119,5512,17,3,32785
22120,5512,88,2,82751
22121,5512,60,3,91851
22122,5512,49,1,86790
22123,5513,25,5,95530
22124,5513,35,3,27106
22125,5513,18,1,49881
22126,5514,16,3,21730
22127,5514,46,4,39246
22128,5514,49,3,86790
22129,5515,73,5,58762
22130,5515,95,1,10177
22131,5515,54,3,55716
22132,5515,81,2,69446
22133,5516,6,4,23328
22134,5516,29,1,27367
22135,5516,63,1,59829
22136,5516,79,3,37051
22137,5516,43,1,37544
22138,5517,21,5,33591
22139,5517,22,5,20870
22140,5517,27,1,85161
22141,5517,47,2,38951
22142,5517,77,1,62543
22143,5518,93,4,25266
22144,5518,97,5,24578
22145,5518,66,3,21309
22146,5518,78,1,21761
22147,5519,79,4,37051
22148,5519,76,4,95956
22149,5519,44,1,55170
22150,5519,54,5,55716
22151,5520,62,3,39951
22152,5520,87,4,47322
22153,5520,10,2,15030
22154,5520,33,4,67163
22155,5521,92,3,43974
22156,5521,1,5,77345
22157,5521,79,4,37051
22158,5521,45,2,89685
22159,5521,99,2,64203
22160,5522,46,4,39246
22161,5522,50,4,53007
22162,5522,35,4,27106
22163,5523,9,2,24385
22164,5523,32,3,82134
22165,5523,59,2,68303
22166,5523,20,5,13940
22167,5523,10,1,15030
22168,5524,82,2,40303
22169,5524,70,4,16773
22170,5524,88,4,82751
22171,5524,90,5,99988
22172,5524,63,3,59829
22173,5525,76,4,95956
22174,5525,29,3,27367
22175,5525,99,5,64203
22176,5525,14,3,61112
22177,5526,12,4,31257
22178,5526,15,5,59265
22179,5526,92,3,43974
22180,5526,17,2,32785
22181,5527,17,2,32785
22182,5527,62,4,39951
22183,5527,13,1,60825
22184,5527,45,5,89685
22185,5527,35,4,27106
22186,5528,40,3,63117
22187,5528,26,1,47395
22188,5528,51,1,22310
22189,5528,8,4,71394
22190,5528,30,2,22486
22191,5529,37,1,31314
22192,5529,9,2,24385
22193,5529,27,1,85161
22194,5529,20,2,13940
22195,5530,11,5,42580
22196,5530,77,1,62543
22197,5530,23,5,13902
22198,5530,36,3,50269
22199,5531,85,1,49747
22200,5531,26,1,47395
22201,5531,89,2,99643
22202,5532,65,3,95196
22203,5532,5,3,35124
22204,5532,42,2,44615
22205,5533,54,4,55716
22206,5533,81,2,69446
22207,5533,39,5,30610
22208,5533,69,4,66333
22209,5534,29,5,27367
22210,5534,63,4,59829
22211,5534,6,4,23328
22212,5534,40,2,63117
22213,5534,4,2,72183
22214,5535,5,4,35124
22215,5535,15,5,59265
22216,5535,56,1,13545
22217,5535,14,4,61112
22218,5536,25,3,95530
22219,5536,17,1,32785
22220,5536,86,5,33028
22221,5536,96,5,93706
22222,5537,54,1,55716
22223,5537,45,4,89685
22224,5537,62,1,39951
22225,5538,54,2,55716
22226,5538,97,1,24578
22227,5538,25,1,95530
22228,5539,84,5,78759
22229,5539,100,3,55240
22230,5539,29,3,27367
22231,5539,54,5,55716
22232,5540,53,5,58950
22233,5540,15,4,59265
22234,5540,10,4,15030
22235,5541,39,3,30610
22236,5541,56,3,13545
22237,5541,65,2,95196
22238,5541,28,4,53426
22239,5541,23,5,13902
22240,5542,86,5,33028
22241,5542,48,4,56186
22242,5542,35,1,27106
22243,5542,71,5,62771
22244,5542,45,3,89685
22245,5543,73,5,58762
22246,5543,14,1,61112
22247,5543,34,3,71809
22248,5543,32,1,82134
22249,5544,23,4,13902
22250,5544,2,3,16956
22251,5544,67,4,71990
22252,5545,62,4,39951
22253,5545,60,5,91851
22254,5545,42,2,44615
22255,5545,3,2,92869
22256,5545,19,4,24844
22257,5546,64,3,18863
22258,5546,62,5,39951
22259,5546,86,3,33028
22260,5546,43,3,37544
22261,5547,25,2,95530
22262,5547,55,1,50282
22263,5547,88,5,82751
22264,5547,100,5,55240
22265,5548,53,3,58950
22266,5548,87,5,47322
22267,5548,32,1,82134
22268,5549,58,3,66996
22269,5549,86,3,33028
22270,5549,65,5,95196
22271,5549,5,1,35124
22272,5550,14,1,61112
22273,5550,77,2,62543
22274,5550,95,3,10177
22275,5551,31,4,25080
22276,5551,57,4,87341
22277,5551,9,2,24385
22278,5551,59,3,68303
22279,5552,1,5,77345
22280,5552,69,4,66333
22281,5552,27,1,85161
22282,5552,33,2,67163
22283,5552,58,1,66996
22284,5553,97,5,24578
22285,5553,43,2,37544
22286,5553,1,5,77345
22287,5554,6,2,23328
22288,5554,73,2,58762
22289,5554,54,3,55716
22290,5554,44,1,55170
22291,5555,11,5,42580
22292,5555,98,1,88669
22293,5555,96,5,93706
22294,5555,68,2,92995
22295,5556,23,4,13902
22296,5556,38,4,89599
22297,5556,59,5,68303
22298,5557,77,4,62543
22299,5557,56,1,13545
22300,5557,90,1,99988
22301,5557,61,3,83461
22302,5558,88,4,82751
22303,5558,11,1,42580
22304,5558,45,3,89685
22305,5559,92,5,43974
22306,5559,93,3,25266
22307,5559,77,1,62543
22308,5559,58,4,66996
22309,5559,49,1,86790
22310,5560,43,2,37544
22311,5560,61,2,83461
22312,5560,6,4,23328
22313,5560,85,5,49747
22314,5560,37,5,31314
22315,5561,17,3,32785
22316,5561,99,5,64203
22317,5561,87,3,47322
22318,5561,63,5,59829
22319,5562,93,4,25266
22320,5562,1,2,77345
22321,5562,69,1,66333
22322,5562,63,4,59829
22323,5563,23,1,13902
22324,5563,66,5,21309
22325,5563,85,3,49747
22326,5563,45,4,89685
22327,5563,29,3,27367
22328,5564,89,2,99643
22329,5564,99,4,64203
22330,5564,32,1,82134
22331,5565,60,5,91851
22332,5565,76,1,95956
22333,5565,21,4,33591
22334,5565,53,2,58950
22335,5565,44,5,55170
22336,5566,19,5,24844
22337,5566,75,3,31489
22338,5566,82,2,40303
22339,5566,49,1,86790
22340,5567,93,4,25266
22341,5567,13,5,60825
22342,5567,49,2,86790
22343,5567,26,5,47395
22344,5568,38,3,89599
22345,5568,12,5,31257
22346,5568,53,3,58950
22347,5568,16,5,21730
22348,5568,86,5,33028
22349,5569,44,2,55170
22350,5569,3,1,92869
22351,5569,62,5,39951
22352,5570,80,5,14416
22353,5570,39,1,30610
22354,5570,4,3,72183
22355,5571,97,5,24578
22356,5571,46,3,39246
22357,5571,28,2,53426
22358,5571,63,4,59829
22359,5572,20,1,13940
22360,5572,2,4,16956
22361,5572,85,2,49747
22362,5573,81,5,69446
22363,5573,92,2,43974
22364,5573,54,4,55716
22365,5573,72,3,53594
22366,5574,52,3,47423
22367,5574,73,3,58762
22368,5574,61,1,83461
22369,5575,17,4,32785
22370,5575,9,5,24385
22371,5575,93,3,25266
22372,5576,67,5,71990
22373,5576,42,4,44615
22374,5576,88,4,82751
22375,5577,37,3,31314
22376,5577,4,5,72183
22377,5577,68,1,92995
22378,5577,31,2,25080
22379,5578,42,3,44615
22380,5578,59,2,68303
22381,5578,24,2,96972
22382,5579,74,4,60296
22383,5579,19,3,24844
22384,5579,54,2,55716
22385,5579,45,4,89685
22386,5580,40,1,63117
22387,5580,28,3,53426
22388,5580,8,3,71394
22389,5580,79,5,37051
22390,5580,13,1,60825
22391,5581,17,2,32785
22392,5581,98,3,88669
22393,5581,93,2,25266
22394,5581,49,1,86790
22395,5581,12,2,31257
22396,5582,37,5,31314
22397,5582,20,2,13940
22398,5582,31,1,25080
22399,5582,3,5,92869
22400,5583,96,4,93706
22401,5583,100,4,55240
22402,5583,53,2,58950
22403,5583,69,1,66333
22404,5583,40,3,63117
22405,5584,60,3,91851
22406,5584,25,3,95530
22407,5584,100,4,55240
22408,5584,26,1,47395
22409,5584,62,2,39951
22410,5585,26,4,47395
22411,5585,2,5,16956
22412,5585,79,2,37051
22413,5585,94,5,54643
22414,5585,71,4,62771
22415,5586,49,1,86790
22416,5586,68,4,92995
22417,5586,41,1,16916
22418,5586,92,1,43974
22419,5586,16,5,21730
22420,5587,32,3,82134
22421,5587,74,4,60296
22422,5587,69,5,66333
22423,5587,77,1,62543
22424,5587,22,5,20870
22425,5588,26,4,47395
22426,5588,20,3,13940
22427,5588,14,3,61112
22428,5588,82,4,40303
22429,5589,49,4,86790
22430,5589,86,1,33028
22431,5589,60,3,91851
22432,5589,70,1,16773
22433,5589,36,1,50269
22434,5590,13,4,60825
22435,5590,51,5,22310
22436,5590,82,1,40303
22437,5590,18,4,49881
22438,5590,12,1,31257
22439,5591,53,1,58950
22440,5591,15,3,59265
22441,5591,11,5,42580
22442,5592,17,5,32785
22443,5592,60,2,91851
22444,5592,30,2,22486
22445,5593,6,1,23328
22446,5593,46,4,39246
22447,5593,38,4,89599
22448,5593,88,2,82751
22449,5594,79,4,37051
22450,5594,84,5,78759
22451,5594,21,3,33591
22452,5594,99,4,64203
22453,5594,24,2,96972
22454,5595,7,4,51167
22455,5595,5,2,35124
22456,5595,44,4,55170
22457,5595,84,1,78759
22458,5595,24,2,96972
22459,5596,24,1,96972
22460,5596,98,5,88669
22461,5596,59,5,68303
22462,5596,39,5,30610
22463,5597,61,4,83461
22464,5597,77,1,62543
22465,5597,33,2,67163
22466,5598,47,1,38951
22467,5598,94,1,54643
22468,5598,33,3,67163
22469,5598,28,2,53426
22470,5598,70,2,16773
22471,5599,23,3,13902
22472,5599,57,2,87341
22473,5599,93,1,25266
22474,5600,30,5,22486
22475,5600,33,1,67163
22476,5600,38,3,89599
22477,5601,56,1,13545
22478,5601,14,2,61112
22479,5601,1,4,77345
22480,5601,82,3,40303
22481,5601,67,4,71990
22482,5602,99,2,64203
22483,5602,68,2,92995
22484,5602,36,2,50269
22485,5602,9,3,24385
22486,5603,28,3,53426
22487,5603,26,3,47395
22488,5603,92,2,43974
22489,5604,84,1,78759
22490,5604,13,5,60825
22491,5604,29,2,27367
22492,5604,96,3,93706
22493,5604,87,3,47322
22494,5605,5,4,35124
22495,5605,26,4,47395
22496,5605,14,4,61112
22497,5605,88,2,82751
22498,5606,97,1,24578
22499,5606,40,4,63117
22500,5606,9,5,24385
22501,5606,1,4,77345
22502,5606,44,2,55170
22503,5607,49,3,86790
22504,5607,1,5,77345
22505,5607,67,1,71990
22506,5607,79,4,37051
22507,5607,88,5,82751
22508,5608,51,2,22310
22509,5608,75,5,31489
22510,5608,6,3,23328
22511,5609,93,3,25266
22512,5609,100,1,55240
22513,5609,99,4,64203
22514,5609,2,4,16956
22515,5609,23,5,13902
22516,5610,75,2,31489
22517,5610,35,5,27106
22518,5610,34,1,71809
22519,5610,53,1,58950
22520,5611,38,1,89599
22521,5611,28,2,53426
22522,5611,13,4,60825
22523,5611,60,4,91851
22524,5612,55,1,50282
22525,5612,28,4,53426
22526,5612,58,5,66996
22527,5612,26,5,47395
22528,5613,28,4,53426
22529,5613,60,3,91851
22530,5613,64,1,18863
22531,5613,30,2,22486
22532,5613,8,3,71394
22533,5614,6,2,23328
22534,5614,60,2,91851
22535,5614,54,5,55716
22536,5615,92,2,43974
22537,5615,22,5,20870
22538,5615,81,4,69446
22539,5615,16,3,21730
22540,5616,76,5,95956
22541,5616,9,4,24385
22542,5616,92,1,43974
22543,5616,38,3,89599
22544,5617,86,5,33028
22545,5617,67,2,71990
22546,5617,99,5,64203
22547,5618,78,2,21761
22548,5618,20,1,13940
22549,5618,35,5,27106
22550,5618,48,2,56186
22551,5618,72,4,53594
22552,5619,64,1,18863
22553,5619,24,4,96972
22554,5619,30,1,22486
22555,5619,71,4,62771
22556,5619,54,4,55716
22557,5620,86,4,33028
22558,5620,77,4,62543
22559,5620,94,5,54643
22560,5621,43,1,37544
22561,5621,4,2,72183
22562,5621,66,5,21309
22563,5621,13,4,60825
22564,5622,94,2,54643
22565,5622,58,3,66996
22566,5622,65,1,95196
22567,5623,41,3,16916
22568,5623,94,3,54643
22569,5623,26,4,47395
22570,5623,56,3,13545
22571,5624,7,2,51167
22572,5624,37,4,31314
22573,5624,65,1,95196
22574,5624,99,3,64203
22575,5625,96,5,93706
22576,5625,87,5,47322
22577,5625,61,4,83461
22578,5625,30,5,22486
22579,5625,16,4,21730
22580,5626,9,4,24385
22581,5626,69,5,66333
22582,5626,22,4,20870
22583,5626,2,4,16956
22584,5627,55,5,50282
22585,5627,96,5,93706
22586,5627,82,5,40303
22587,5628,85,5,49747
22588,5628,1,3,77345
22589,5628,33,2,67163
22590,5629,81,5,69446
22591,5629,50,1,53007
22592,5629,84,3,78759
22593,5630,89,2,99643
22594,5630,17,5,32785
22595,5630,84,3,78759
22596,5631,42,4,44615
22597,5631,9,2,24385
22598,5631,87,2,47322
22599,5631,67,3,71990
22600,5631,48,3,56186
22601,5632,87,2,47322
22602,5632,59,3,68303
22603,5632,58,2,66996
22604,5633,55,5,50282
22605,5633,83,5,57341
22606,5633,42,3,44615
22607,5633,77,3,62543
22608,5634,47,3,38951
22609,5634,53,3,58950
22610,5634,21,5,33591
22611,5635,22,3,20870
22612,5635,56,2,13545
22613,5635,29,3,27367
22614,5636,85,1,49747
22615,5636,96,2,93706
22616,5636,68,3,92995
22617,5636,48,4,56186
22618,5636,27,5,85161
22619,5637,91,5,87573
22620,5637,35,5,27106
22621,5637,56,1,13545
22622,5638,74,4,60296
22623,5638,38,3,89599
22624,5638,49,3,86790
22625,5639,55,3,50282
22626,5639,36,5,50269
22627,5639,94,1,54643
22628,5639,13,3,60825
22629,5640,74,3,60296
22630,5640,41,1,16916
22631,5640,26,2,47395
22632,5640,17,1,32785
22633,5640,91,2,87573
22634,5641,49,1,86790
22635,5641,91,5,87573
22636,5641,34,3,71809
22637,5641,51,3,22310
22638,5641,58,2,66996
22639,5642,58,2,66996
22640,5642,30,5,22486
22641,5642,91,2,87573
22642,5643,34,3,71809
22643,5643,95,2,10177
22644,5643,27,2,85161
22645,5643,9,5,24385
22646,5643,83,3,57341
22647,5644,45,3,89685
22648,5644,92,5,43974
22649,5644,77,4,62543
22650,5645,47,1,38951
22651,5645,31,5,25080
22652,5645,12,5,31257
22653,5645,8,3,71394
22654,5646,38,4,89599
22655,5646,75,4,31489
22656,5646,100,2,55240
22657,5646,31,5,25080
22658,5646,7,5,51167
22659,5647,77,4,62543
22660,5647,78,3,21761
22661,5647,90,2,99988
22662,5648,38,5,89599
22663,5648,23,3,13902
22664,5648,2,2,16956
22665,5649,81,1,69446
22666,5649,64,4,18863
22667,5649,89,3,99643
22668,5650,29,5,27367
22669,5650,56,1,13545
22670,5650,30,1,22486
22671,5650,52,5,47423
22672,5651,93,4,25266
22673,5651,12,3,31257
22674,5651,17,5,32785
22675,5651,58,5,66996
22676,5651,76,5,95956
22677,5652,98,5,88669
22678,5652,29,1,27367
22679,5652,41,2,16916
22680,5652,4,4,72183
22681,5652,36,4,50269
22682,5653,24,1,96972
22683,5653,47,4,38951
22684,5653,85,4,49747
22685,5654,60,1,91851
22686,5654,82,3,40303
22687,5654,19,4,24844
22688,5655,50,5,53007
22689,5655,79,5,37051
22690,5655,13,5,60825
22691,5656,47,3,38951
22692,5656,2,4,16956
22693,5656,91,2,87573
22694,5657,12,4,31257
22695,5657,49,2,86790
22696,5657,23,5,13902
22697,5657,94,2,54643
22698,5657,81,1,69446
22699,5658,14,4,61112
22700,5658,91,3,87573
22701,5658,21,5,33591
22702,5658,47,5,38951
22703,5658,46,2,39246
22704,5659,79,5,37051
22705,5659,82,3,40303
22706,5659,20,5,13940
22707,5660,44,2,55170
22708,5660,72,4,53594
22709,5660,48,4,56186
22710,5660,33,2,67163
22711,5660,15,3,59265
22712,5661,38,2,89599
22713,5661,7,5,51167
22714,5661,98,2,88669
22715,5661,15,4,59265
22716,5662,95,1,10177
22717,5662,77,3,62543
22718,5662,41,1,16916
22719,5662,75,4,31489
22720,5663,56,5,13545
22721,5663,51,4,22310
22722,5663,68,5,92995
22723,5664,67,4,71990
22724,5664,36,3,50269
22725,5664,10,5,15030
22726,5664,32,4,82134
22727,5664,47,1,38951
22728,5665,100,2,55240
22729,5665,6,2,23328
22730,5665,21,3,33591
22731,5665,5,4,35124
22732,5665,77,5,62543
22733,5666,22,3,20870
22734,5666,52,2,47423
22735,5666,87,3,47322
22736,5666,86,1,33028
22737,5667,37,2,31314
22738,5667,38,4,89599
22739,5667,50,2,53007
22740,5668,30,3,22486
22741,5668,61,3,83461
22742,5668,83,5,57341
22743,5669,55,1,50282
22744,5669,8,4,71394
22745,5669,12,2,31257
22746,5669,78,2,21761
22747,5669,80,3,14416
22748,5670,48,2,56186
22749,5670,84,1,78759
22750,5670,37,1,31314
22751,5670,44,1,55170
22752,5671,21,4,33591
22753,5671,81,5,69446
22754,5671,49,5,86790
22755,5671,24,1,96972
22756,5672,62,4,39951
22757,5672,9,1,24385
22758,5672,63,4,59829
22759,5672,28,2,53426
22760,5672,72,3,53594
22761,5673,9,2,24385
22762,5673,99,3,64203
22763,5673,81,2,69446
22764,5674,5,4,35124
22765,5674,44,2,55170
22766,5674,48,2,56186
22767,5675,61,1,83461
22768,5675,88,1,82751
22769,5675,68,4,92995
22770,5676,56,3,13545
22771,5676,52,4,47423
22772,5676,88,4,82751
22773,5677,50,1,53007
22774,5677,40,3,63117
22775,5677,95,1,10177
22776,5678,64,4,18863
22777,5678,18,1,49881
22778,5678,15,1,59265
22779,5679,41,1,16916
22780,5679,67,2,71990
22781,5679,80,4,14416
22782,5679,20,3,13940
22783,5680,58,3,66996
22784,5680,67,3,71990
22785,5680,21,2,33591
22786,5680,97,1,24578
22787,5680,25,3,95530
22788,5681,76,1,95956
22789,5681,42,4,44615
22790,5681,14,4,61112
22791,5681,19,5,24844
22792,5681,48,4,56186
22793,5682,64,1,18863
22794,5682,87,5,47322
22795,5682,91,2,87573
22796,5682,14,3,61112
22797,5683,80,3,14416
22798,5683,44,2,55170
22799,5683,52,3,47423
22800,5684,72,2,53594
22801,5684,96,4,93706
22802,5684,41,4,16916
22803,5684,32,1,82134
22804,5685,78,5,21761
22805,5685,48,2,56186
22806,5685,43,5,37544
22807,5686,15,3,59265
22808,5686,94,4,54643
22809,5686,49,1,86790
22810,5687,12,5,31257
22811,5687,65,5,95196
22812,5687,15,5,59265
22813,5687,86,5,33028
22814,5687,50,3,53007
22815,5688,14,1,61112
22816,5688,96,4,93706
22817,5688,91,1,87573
22818,5689,32,2,82134
22819,5689,97,2,24578
22820,5689,74,1,60296
22821,5689,71,4,62771
22822,5690,57,5,87341
22823,5690,86,1,33028
22824,5690,100,4,55240
22825,5690,22,4,20870
22826,5691,62,4,39951
22827,5691,34,4,71809
22828,5691,41,2,16916
22829,5691,76,4,95956
22830,5691,54,2,55716
22831,5692,88,1,82751
22832,5692,53,5,58950
22833,5692,28,3,53426
22834,5692,61,3,83461
22835,5692,46,3,39246
22836,5693,57,2,87341
22837,5693,54,5,55716
22838,5693,64,3,18863
22839,5693,18,1,49881
22840,5694,10,4,15030
22841,5694,18,1,49881
22842,5694,99,2,64203
22843,5694,42,4,44615
22844,5695,6,5,23328
22845,5695,40,1,63117
22846,5695,76,5,95956
22847,5696,96,4,93706
22848,5696,46,2,39246
22849,5696,94,1,54643
22850,5696,12,2,31257
22851,5696,28,1,53426
22852,5697,77,3,62543
22853,5697,32,1,82134
22854,5697,90,4,99988
22855,5698,82,4,40303
22856,5698,64,1,18863
22857,5698,79,1,37051
22858,5698,10,2,15030
22859,5699,81,3,69446
22860,5699,75,3,31489
22861,5699,57,5,87341
22862,5699,80,3,14416
22863,5699,1,5,77345
22864,5700,3,5,92869
22865,5700,6,3,23328
22866,5700,64,3,18863
22867,5701,46,1,39246
22868,5701,25,3,95530
22869,5701,89,2,99643
22870,5702,76,5,95956
22871,5702,22,1,20870
22872,5702,71,3,62771
22873,5702,28,3,53426
22874,5702,6,2,23328
22875,5703,37,4,31314
22876,5703,90,3,99988
22877,5703,100,1,55240
22878,5704,10,3,15030
22879,5704,24,5,96972
22880,5704,39,4,30610
22881,5704,99,3,64203
22882,5705,43,1,37544
22883,5705,38,3,89599
22884,5705,90,4,99988
22885,5706,21,2,33591
22886,5706,86,2,33028
22887,5706,69,3,66333
22888,5706,7,1,51167
22889,5706,56,5,13545
22890,5707,31,2,25080
22891,5707,63,3,59829
22892,5707,37,3,31314
22893,5707,47,2,38951
22894,5708,62,2,39951
22895,5708,52,2,47423
22896,5708,7,1,51167
22897,5708,54,3,55716
22898,5709,38,3,89599
22899,5709,24,3,96972
22900,5709,20,5,13940
22901,5710,44,2,55170
22902,5710,37,4,31314
22903,5710,30,4,22486
22904,5711,81,3,69446
22905,5711,69,4,66333
22906,5711,37,2,31314
22907,5711,85,4,49747
22908,5712,76,2,95956
22909,5712,11,1,42580
22910,5712,9,2,24385
22911,5713,59,5,68303
22912,5713,50,3,53007
22913,5713,47,3,38951
22914,5714,54,2,55716
22915,5714,52,5,47423
22916,5714,82,3,40303
22917,5714,73,4,58762
22918,5715,4,4,72183
22919,5715,79,1,37051
22920,5715,36,1,50269
22921,5715,63,1,59829
22922,5716,3,4,92869
22923,5716,47,2,38951
22924,5716,29,2,27367
22925,5717,10,1,15030
22926,5717,55,2,50282
22927,5717,82,5,40303
22928,5718,17,1,32785
22929,5718,93,4,25266
22930,5718,55,1,50282
22931,5719,97,5,24578
22932,5719,44,3,55170
22933,5719,92,2,43974
22934,5719,95,4,10177
22935,5719,49,2,86790
22936,5720,67,3,71990
22937,5720,46,1,39246
22938,5720,87,2,47322
22939,5720,72,4,53594
22940,5721,6,3,23328
22941,5721,76,3,95956
22942,5721,99,4,64203
22943,5721,10,5,15030
22944,5721,32,3,82134
22945,5722,83,1,57341
22946,5722,96,1,93706
22947,5722,41,2,16916
22948,5722,11,5,42580
22949,5722,91,5,87573
22950,5723,49,2,86790
22951,5723,96,2,93706
22952,5723,94,5,54643
22953,5723,73,5,58762
22954,5723,53,4,58950
22955,5724,12,4,31257
22956,5724,90,1,99988
22957,5724,23,3,13902
22958,5725,35,3,27106
22959,5725,76,1,95956
22960,5725,66,1,21309
22961,5725,43,3,37544
22962,5726,13,2,60825
22963,5726,80,4,14416
22964,5726,33,2,67163
22965,5726,84,1,78759
22966,5727,18,5,49881
22967,5727,53,4,58950
22968,5727,41,3,16916
22969,5727,25,1,95530
22970,5728,21,2,33591
22971,5728,52,5,47423
22972,5728,14,3,61112
22973,5728,45,2,89685
22974,5729,70,2,16773
22975,5729,64,2,18863
22976,5729,50,2,53007
22977,5729,41,5,16916
22978,5729,79,2,37051
22979,5730,1,2,77345
22980,5730,67,2,71990
22981,5730,2,1,16956
22982,5731,100,1,55240
22983,5731,21,1,33591
22984,5731,38,4,89599
22985,5731,88,5,82751
22986,5731,74,1,60296
22987,5732,97,3,24578
22988,5732,76,5,95956
22989,5732,99,4,64203
22990,5732,6,2,23328
22991,5733,74,2,60296
22992,5733,75,3,31489
22993,5733,99,2,64203
22994,5734,55,5,50282
22995,5734,51,3,22310
22996,5734,24,3,96972
22997,5734,28,2,53426
22998,5735,40,5,63117
22999,5735,82,1,40303
23000,5735,86,2,33028
23001,5735,44,4,55170
23002,5735,64,5,18863
23003,5736,22,2,20870
23004,5736,50,5,53007
23005,5736,98,4,88669
23006,5737,81,5,69446
23007,5737,54,4,55716
23008,5737,89,3,99643
23009,5737,74,4,60296
23010,5738,97,4,24578
23011,5738,71,2,62771
23012,5738,37,5,31314
23013,5738,66,4,21309
23014,5739,19,3,24844
23015,5739,83,2,57341
23016,5739,87,5,47322
23017,5739,73,3,58762
23018,5739,38,3,89599
23019,5740,34,4,71809
23020,5740,71,5,62771
23021,5740,20,2,13940
23022,5740,58,2,66996
23023,5740,46,2,39246
23024,5741,95,5,10177
23025,5741,47,2,38951
23026,5741,56,2,13545
23027,5741,42,2,44615
23028,5742,81,1,69446
23029,5742,24,5,96972
23030,5742,44,4,55170
23031,5742,91,3,87573
23032,5743,40,3,63117
23033,5743,21,3,33591
23034,5743,85,1,49747
23035,5743,36,3,50269
23036,5743,89,5,99643
23037,5744,50,4,53007
23038,5744,1,1,77345
23039,5744,43,5,37544
23040,5744,77,4,62543
23041,5745,23,4,13902
23042,5745,69,4,66333
23043,5745,97,5,24578
23044,5745,37,5,31314
23045,5745,51,5,22310
23046,5746,43,3,37544
23047,5746,41,4,16916
23048,5746,63,5,59829
23049,5746,81,2,69446
23050,5746,36,1,50269
23051,5747,19,3,24844
23052,5747,6,5,23328
23053,5747,59,4,68303
23054,5747,93,4,25266
23055,5747,17,5,32785
23056,5748,65,2,95196
23057,5748,67,3,71990
23058,5748,66,3,21309
23059,5749,33,3,67163
23060,5749,40,2,63117
23061,5749,66,2,21309
23062,5749,13,2,60825
23063,5750,56,4,13545
23064,5750,52,5,47423
23065,5750,33,4,67163
23066,5750,68,4,92995
23067,5750,16,4,21730
23068,5751,87,1,47322
23069,5751,75,3,31489
23070,5751,14,3,61112
23071,5751,21,5,33591
23072,5752,57,1,87341
23073,5752,34,2,71809
23074,5752,60,1,91851
23075,5753,36,4,50269
23076,5753,58,3,66996
23077,5753,10,2,15030
23078,5754,58,5,66996
23079,5754,28,5,53426
23080,5754,95,1,10177
23081,5754,14,2,61112
23082,5754,79,4,37051
23083,5755,33,2,67163
23084,5755,41,2,16916
23085,5755,4,3,72183
23086,5755,55,5,50282
23087,5756,73,2,58762
23088,5756,60,4,91851
23089,5756,22,1,20870
23090,5756,83,4,57341
23091,5756,6,5,23328
23092,5757,2,2,16956
23093,5757,27,2,85161
23094,5757,96,5,93706
23095,5758,11,1,42580
23096,5758,25,3,95530
23097,5758,41,2,16916
23098,5758,92,3,43974
23099,5758,90,4,99988
23100,5759,12,1,31257
23101,5759,27,3,85161
23102,5759,11,3,42580
23103,5759,29,4,27367
23104,5760,69,5,66333
23105,5760,56,2,13545
23106,5760,97,1,24578
23107,5760,13,2,60825
23108,5760,63,1,59829
23109,5761,55,1,50282
23110,5761,95,1,10177
23111,5761,3,3,92869
23112,5761,72,2,53594
23113,5761,25,1,95530
23114,5762,98,2,88669
23115,5762,77,1,62543
23116,5762,28,4,53426
23117,5762,6,5,23328
23118,5762,85,3,49747
23119,5763,65,1,95196
23120,5763,72,5,53594
23121,5763,80,1,14416
23122,5764,81,3,69446
23123,5764,42,5,44615
23124,5764,56,1,13545
23125,5764,99,4,64203
23126,5765,85,5,49747
23127,5765,46,2,39246
23128,5765,36,1,50269
23129,5765,13,2,60825
23130,5765,30,5,22486
23131,5766,64,4,18863
23132,5766,42,4,44615
23133,5766,20,4,13940
23134,5767,54,1,55716
23135,5767,96,2,93706
23136,5767,7,3,51167
23137,5767,44,4,55170
23138,5768,45,1,89685
23139,5768,96,1,93706
23140,5768,37,4,31314
23141,5768,31,2,25080
23142,5769,41,4,16916
23143,5769,81,1,69446
23144,5769,75,3,31489
23145,5769,49,2,86790
23146,5769,30,2,22486
23147,5770,37,5,31314
23148,5770,11,1,42580
23149,5770,20,1,13940
23150,5770,23,5,13902
23151,5771,70,5,16773
23152,5771,33,4,67163
23153,5771,56,4,13545
23154,5772,78,2,21761
23155,5772,96,3,93706
23156,5772,85,5,49747
23157,5772,67,1,71990
23158,5773,83,5,57341
23159,5773,90,2,99988
23160,5773,88,5,82751
23161,5774,78,5,21761
23162,5774,64,4,18863
23163,5774,2,2,16956
23164,5774,31,5,25080
23165,5774,62,2,39951
23166,5775,10,3,15030
23167,5775,64,2,18863
23168,5775,19,5,24844
23169,5776,73,3,58762
23170,5776,29,2,27367
23171,5776,97,1,24578
23172,5776,13,1,60825
23173,5777,97,1,24578
23174,5777,2,2,16956
23175,5777,8,4,71394
23176,5777,43,5,37544
23177,5777,71,2,62771
23178,5778,57,3,87341
23179,5778,33,2,67163
23180,5778,30,1,22486
23181,5779,55,1,50282
23182,5779,61,2,83461
23183,5779,94,3,54643
23184,5779,52,3,47423
23185,5779,2,3,16956
23186,5780,12,3,31257
23187,5780,82,3,40303
23188,5780,56,4,13545
23189,5781,29,1,27367
23190,5781,66,4,21309
23191,5781,85,5,49747
23192,5781,5,3,35124
23193,5781,96,2,93706
23194,5782,2,2,16956
23195,5782,54,4,55716
23196,5782,56,3,13545
23197,5782,77,1,62543
23198,5782,60,1,91851
23199,5783,20,2,13940
23200,5783,18,2,49881
23201,5783,22,2,20870
23202,5784,17,2,32785
23203,5784,59,4,68303
23204,5784,92,4,43974
23205,5785,56,1,13545
23206,5785,63,2,59829
23207,5785,4,5,72183
23208,5785,9,4,24385
23209,5785,46,1,39246
23210,5786,40,2,63117
23211,5786,39,4,30610
23212,5786,51,1,22310
23213,5786,22,5,20870
23214,5787,11,3,42580
23215,5787,78,2,21761
23216,5787,61,5,83461
23217,5787,79,4,37051
23218,5788,72,5,53594
23219,5788,80,4,14416
23220,5788,31,5,25080
23221,5788,37,1,31314
23222,5788,87,4,47322
23223,5789,31,1,25080
23224,5789,69,2,66333
23225,5789,64,4,18863
23226,5789,97,2,24578
23227,5790,59,1,68303
23228,5790,48,5,56186
23229,5790,98,3,88669
23230,5790,10,1,15030
23231,5791,47,3,38951
23232,5791,22,4,20870
23233,5791,59,3,68303
23234,5791,10,5,15030
23235,5792,1,1,77345
23236,5792,75,2,31489
23237,5792,72,5,53594
23238,5792,42,3,44615
23239,5793,97,4,24578
23240,5793,44,3,55170
23241,5793,47,1,38951
23242,5793,4,1,72183
23243,5794,73,1,58762
23244,5794,52,2,47423
23245,5794,3,5,92869
23246,5794,69,5,66333
23247,5795,99,4,64203
23248,5795,55,4,50282
23249,5795,58,2,66996
23250,5795,26,3,47395
23251,5796,38,1,89599
23252,5796,56,3,13545
23253,5796,5,1,35124
23254,5797,1,4,77345
23255,5797,27,4,85161
23256,5797,32,2,82134
23257,5798,13,1,60825
23258,5798,59,5,68303
23259,5798,90,5,99988
23260,5798,46,5,39246
23261,5799,75,1,31489
23262,5799,21,5,33591
23263,5799,24,4,96972
23264,5799,30,4,22486
23265,5800,92,2,43974
23266,5800,63,4,59829
23267,5800,66,5,21309
23268,5800,2,2,16956
23269,5800,28,3,53426
23270,5801,36,1,50269
23271,5801,44,1,55170
23272,5801,56,2,13545
23273,5802,17,2,32785
23274,5802,60,5,91851
23275,5802,31,4,25080
23276,5803,11,4,42580
23277,5803,24,4,96972
23278,5803,56,3,13545
23279,5803,98,2,88669
23280,5804,18,5,49881
23281,5804,8,3,71394
23282,5804,50,3,53007
23283,5805,97,3,24578
23284,5805,19,1,24844
23285,5805,74,2,60296
23286,5805,72,1,53594
23287,5806,100,2,55240
23288,5806,93,3,25266
23289,5806,86,2,33028
23290,5807,37,3,31314
23291,5807,76,3,95956
23292,5807,5,5,35124
23293,5808,78,4,21761
23294,5808,72,5,53594
23295,5808,42,3,44615
23296,5808,36,1,50269
23297,5809,94,1,54643
23298,5809,39,1,30610
23299,5809,93,3,25266
23300,5810,3,2,92869
23301,5810,78,4,21761
23302,5810,52,2,47423
23303,5810,21,1,33591
23304,5811,46,2,39246
23305,5811,45,2,89685
23306,5811,24,3,96972
23307,5811,12,3,31257
23308,5812,50,1,53007
23309,5812,45,4,89685
23310,5812,96,2,93706
23311,5813,30,5,22486
23312,5813,74,4,60296
23313,5813,2,2,16956
23314,5813,60,2,91851
23315,5813,21,4,33591
23316,5814,6,3,23328
23317,5814,17,4,32785
23318,5814,61,5,83461
23319,5815,100,2,55240
23320,5815,42,2,44615
23321,5815,89,4,99643
23322,5815,58,1,66996
23323,5816,94,3,54643
23324,5816,36,1,50269
23325,5816,64,3,18863
23326,5816,53,3,58950
23327,5817,23,2,13902
23328,5817,15,2,59265
23329,5817,13,3,60825
23330,5817,29,3,27367
23331,5818,21,2,33591
23332,5818,13,5,60825
23333,5818,9,4,24385
23334,5818,52,4,47423
23335,5818,66,3,21309
23336,5819,64,4,18863
23337,5819,45,4,89685
23338,5819,46,3,39246
23339,5819,8,4,71394
23340,5820,94,1,54643
23341,5820,9,5,24385
23342,5820,93,5,25266
23343,5820,87,1,47322
23344,5820,59,2,68303
23345,5821,27,3,85161
23346,5821,55,5,50282
23347,5821,59,3,68303
23348,5821,72,2,53594
23349,5822,74,2,60296
23350,5822,9,4,24385
23351,5822,72,1,53594
23352,5823,52,4,47423
23353,5823,74,4,60296
23354,5823,83,4,57341
23355,5823,15,2,59265
23356,5824,34,5,71809
23357,5824,57,5,87341
23358,5824,90,1,99988
23359,5825,88,1,82751
23360,5825,32,5,82134
23361,5825,12,1,31257
23362,5825,3,4,92869
23363,5826,48,3,56186
23364,5826,56,3,13545
23365,5826,10,2,15030
23366,5826,29,3,27367
23367,5827,87,3,47322
23368,5827,95,1,10177
23369,5827,81,4,69446
23370,5827,61,2,83461
23371,5827,63,3,59829
23372,5828,91,3,87573
23373,5828,63,5,59829
23374,5828,47,3,38951
23375,5828,73,2,58762
23376,5829,67,3,71990
23377,5829,66,1,21309
23378,5829,59,5,68303
23379,5830,79,2,37051
23380,5830,65,2,95196
23381,5830,73,1,58762
23382,5831,59,4,68303
23383,5831,50,5,53007
23384,5831,23,5,13902
23385,5831,94,1,54643
23386,5831,91,2,87573
23387,5832,100,1,55240
23388,5832,34,1,71809
23389,5832,79,3,37051
23390,5832,86,5,33028
23391,5832,88,5,82751
23392,5833,62,5,39951
23393,5833,95,1,10177
23394,5833,69,5,66333
23395,5833,39,1,30610
23396,5833,45,5,89685
23397,5834,11,5,42580
23398,5834,56,4,13545
23399,5834,26,5,47395
23400,5834,68,4,92995
23401,5834,45,5,89685
23402,5835,9,2,24385
23403,5835,1,1,77345
23404,5835,16,3,21730
23405,5835,60,4,91851
23406,5835,23,5,13902
23407,5836,13,2,60825
23408,5836,4,3,72183
23409,5836,93,2,25266
23410,5837,61,5,83461
23411,5837,99,1,64203
23412,5837,8,5,71394
23413,5838,86,2,33028
23414,5838,46,1,39246
23415,5838,100,3,55240
23416,5838,11,3,42580
23417,5838,43,2,37544
23418,5839,86,4,33028
23419,5839,34,4,71809
23420,5839,57,2,87341
23421,5839,31,1,25080
23422,5839,29,5,27367
23423,5840,25,4,95530
23424,5840,56,2,13545
23425,5840,53,1,58950
23426,5841,71,3,62771
23427,5841,82,4,40303
23428,5841,27,4,85161
23429,5841,68,5,92995
23430,5841,61,2,83461
23431,5842,51,4,22310
23432,5842,88,4,82751
23433,5842,65,1,95196
23434,5842,34,5,71809
23435,5842,95,4,10177
23436,5843,33,2,67163
23437,5843,43,2,37544
23438,5843,10,1,15030
23439,5843,95,3,10177
23440,5844,10,4,15030
23441,5844,62,1,39951
23442,5844,61,4,83461
23443,5844,20,5,13940
23444,5844,6,1,23328
23445,5845,51,3,22310
23446,5845,60,2,91851
23447,5845,23,4,13902
23448,5845,41,3,16916
23449,5845,49,3,86790
23450,5846,73,2,58762
23451,5846,93,1,25266
23452,5846,78,5,21761
23453,5846,80,3,14416
23454,5847,84,1,78759
23455,5847,63,4,59829
23456,5847,46,4,39246
23457,5847,47,3,38951
23458,5848,16,1,21730
23459,5848,100,4,55240
23460,5848,17,3,32785
23461,5849,96,5,93706
23462,5849,17,1,32785
23463,5849,37,2,31314
23464,5850,29,2,27367
23465,5850,90,4,99988
23466,5850,81,3,69446
23467,5850,5,1,35124
23468,5850,27,1,85161
23469,5851,1,1,77345
23470,5851,18,1,49881
23471,5851,34,4,71809
23472,5852,88,5,82751
23473,5852,83,5,57341
23474,5852,17,3,32785
23475,5853,70,1,16773
23476,5853,72,4,53594
23477,5853,18,3,49881
23478,5853,69,4,66333
23479,5854,93,4,25266
23480,5854,69,1,66333
23481,5854,89,1,99643
23482,5854,35,1,27106
23483,5855,37,4,31314
23484,5855,1,3,77345
23485,5855,51,4,22310
23486,5856,69,2,66333
23487,5856,44,5,55170
23488,5856,8,2,71394
23489,5857,48,1,56186
23490,5857,8,5,71394
23491,5857,74,2,60296
23492,5857,69,2,66333
23493,5857,53,3,58950
23494,5858,2,3,16956
23495,5858,92,5,43974
23496,5858,39,2,30610
23497,5858,63,5,59829
23498,5858,97,4,24578
23499,5859,12,3,31257
23500,5859,29,3,27367
23501,5859,34,1,71809
23502,5860,48,1,56186
23503,5860,99,3,64203
23504,5860,61,2,83461
23505,5860,4,1,72183
23506,5860,69,5,66333
23507,5861,26,5,47395
23508,5861,32,2,82134
23509,5861,21,2,33591
23510,5861,76,4,95956
23511,5862,47,3,38951
23512,5862,24,4,96972
23513,5862,85,5,49747
23514,5863,80,2,14416
23515,5863,64,5,18863
23516,5863,26,1,47395
23517,5863,28,2,53426
23518,5864,81,4,69446
23519,5864,92,4,43974
23520,5864,42,3,44615
23521,5864,88,2,82751
23522,5864,23,3,13902
23523,5865,27,5,85161
23524,5865,16,3,21730
23525,5865,91,3,87573
23526,5865,35,5,27106
23527,5866,78,3,21761
23528,5866,69,1,66333
23529,5866,72,5,53594
23530,5866,14,5,61112
23531,5866,11,4,42580
23532,5867,29,5,27367
23533,5867,68,4,92995
23534,5867,95,1,10177
23535,5868,46,1,39246
23536,5868,97,1,24578
23537,5868,25,5,95530
23538,5869,2,5,16956
23539,5869,55,4,50282
23540,5869,17,5,32785
23541,5870,99,2,64203
23542,5870,69,4,66333
23543,5870,11,2,42580
23544,5871,46,4,39246
23545,5871,40,3,63117
23546,5871,32,5,82134
23547,5872,13,5,60825
23548,5872,64,1,18863
23549,5872,62,3,39951
23550,5872,29,1,27367
23551,5873,22,5,20870
23552,5873,45,5,89685
23553,5873,39,3,30610
23554,5873,99,5,64203
23555,5874,88,5,82751
23556,5874,38,2,89599
23557,5874,41,4,16916
23558,5874,31,5,25080
23559,5875,66,5,21309
23560,5875,19,1,24844
23561,5875,13,3,60825
23562,5875,35,1,27106
23563,5875,15,2,59265
23564,5876,60,2,91851
23565,5876,97,5,24578
23566,5876,65,3,95196
23567,5876,83,2,57341
23568,5877,80,3,14416
23569,5877,98,2,88669
23570,5877,10,2,15030
23571,5878,99,4,64203
23572,5878,74,2,60296
23573,5878,53,5,58950
23574,5879,74,1,60296
23575,5879,8,3,71394
23576,5879,61,1,83461
23577,5880,86,4,33028
23578,5880,57,1,87341
23579,5880,84,3,78759
23580,5881,62,4,39951
23581,5881,69,4,66333
23582,5881,57,5,87341
23583,5881,10,2,15030
23584,5881,63,2,59829
23585,5882,60,2,91851
23586,5882,33,4,67163
23587,5882,58,2,66996
23588,5882,44,1,55170
23589,5882,34,4,71809
23590,5883,47,5,38951
23591,5883,14,2,61112
23592,5883,15,4,59265
23593,5883,61,1,83461
23594,5884,27,5,85161
23595,5884,63,2,59829
23596,5884,8,4,71394
23597,5884,50,1,53007
23598,5885,18,2,49881
23599,5885,42,4,44615
23600,5885,44,3,55170
23601,5885,9,1,24385
23602,5885,86,5,33028
23603,5886,91,2,87573
23604,5886,72,1,53594
23605,5886,94,3,54643
23606,5886,34,4,71809
23607,5886,50,2,53007
23608,5887,32,4,82134
23609,5887,65,1,95196
23610,5887,20,2,13940
23611,5887,75,4,31489
23612,5888,23,4,13902
23613,5888,1,4,77345
23614,5888,4,4,72183
23615,5889,57,5,87341
23616,5889,28,1,53426
23617,5889,73,2,58762
23618,5889,54,3,55716
23619,5890,34,4,71809
23620,5890,29,2,27367
23621,5890,35,1,27106
23622,5890,73,3,58762
23623,5891,54,4,55716
23624,5891,47,1,38951
23625,5891,84,4,78759
23626,5891,18,1,49881
23627,5891,98,2,88669
23628,5892,85,4,49747
23629,5892,70,2,16773
23630,5892,19,4,24844
23631,5893,36,2,50269
23632,5893,28,5,53426
23633,5893,20,2,13940
23634,5893,11,4,42580
23635,5893,99,3,64203
23636,5894,37,1,31314
23637,5894,18,3,49881
23638,5894,59,4,68303
23639,5894,47,5,38951
23640,5894,70,1,16773
23641,5895,99,1,64203
23642,5895,95,5,10177
23643,5895,91,3,87573
23644,5895,56,3,13545
23645,5896,94,2,54643
23646,5896,17,5,32785
23647,5896,40,5,63117
23648,5896,36,4,50269
23649,5896,26,5,47395
23650,5897,42,2,44615
23651,5897,75,5,31489
23652,5897,97,1,24578
23653,5897,35,1,27106
23654,5897,24,2,96972
23655,5898,43,2,37544
23656,5898,48,3,56186
23657,5898,93,4,25266
23658,5898,32,4,82134
23659,5898,7,1,51167
23660,5899,78,2,21761
23661,5899,74,1,60296
23662,5899,47,2,38951
23663,5900,10,3,15030
23664,5900,99,4,64203
23665,5900,12,2,31257
23666,5900,56,1,13545
23667,5901,25,4,95530
23668,5901,36,3,50269
23669,5901,58,4,66996
23670,5901,41,1,16916
23671,5902,67,2,71990
23672,5902,4,5,72183
23673,5902,29,1,27367
23674,5903,69,2,66333
23675,5903,96,2,93706
23676,5903,82,5,40303
23677,5904,67,2,71990
23678,5904,92,3,43974
23679,5904,14,4,61112
23680,5904,94,1,54643
23681,5904,2,2,16956
23682,5905,88,1,82751
23683,5905,23,2,13902
23684,5905,17,5,32785
23685,5906,8,5,71394
23686,5906,47,1,38951
23687,5906,29,5,27367
23688,5906,26,3,47395
23689,5906,77,1,62543
23690,5907,6,1,23328
23691,5907,62,2,39951
23692,5907,67,4,71990
23693,5907,37,2,31314
23694,5908,91,2,87573
23695,5908,40,3,63117
23696,5908,82,1,40303
23697,5908,71,5,62771
23698,5908,6,1,23328
23699,5909,92,4,43974
23700,5909,53,3,58950
23701,5909,65,4,95196
23702,5909,82,3,40303
23703,5909,72,1,53594
23704,5910,62,2,39951
23705,5910,83,2,57341
23706,5910,89,2,99643
23707,5910,84,5,78759
23708,5911,17,2,32785
23709,5911,65,2,95196
23710,5911,33,3,67163
23711,5912,32,2,82134
23712,5912,42,1,44615
23713,5912,1,2,77345
23714,5913,78,2,21761
23715,5913,37,1,31314
23716,5913,28,2,53426
23717,5913,12,3,31257
23718,5913,83,5,57341
23719,5914,89,4,99643
23720,5914,8,2,71394
23721,5914,79,2,37051
23722,5915,80,4,14416
23723,5915,25,4,95530
23724,5915,70,1,16773
23725,5915,37,1,31314
23726,5915,30,1,22486
23727,5916,81,2,69446
23728,5916,59,3,68303
23729,5916,70,1,16773
23730,5916,1,4,77345
23731,5916,92,1,43974
23732,5917,14,3,61112
23733,5917,21,4,33591
23734,5917,65,2,95196
23735,5917,61,1,83461
23736,5918,30,3,22486
23737,5918,24,2,96972
23738,5918,19,4,24844
23739,5918,67,2,71990
23740,5919,45,3,89685
23741,5919,20,5,13940
23742,5919,18,2,49881
23743,5920,11,5,42580
23744,5920,54,1,55716
23745,5920,33,5,67163
23746,5920,49,2,86790
23747,5920,97,2,24578
23748,5921,74,2,60296
23749,5921,67,1,71990
23750,5921,81,1,69446
23751,5921,87,4,47322
23752,5921,4,4,72183
23753,5922,90,2,99988
23754,5922,1,2,77345
23755,5922,80,2,14416
23756,5923,39,1,30610
23757,5923,34,1,71809
23758,5923,56,4,13545
23759,5923,85,3,49747
23760,5924,57,4,87341
23761,5924,59,1,68303
23762,5924,22,4,20870
23763,5924,100,1,55240
23764,5925,78,5,21761
23765,5925,4,1,72183
23766,5925,93,5,25266
23767,5925,76,2,95956
23768,5926,35,2,27106
23769,5926,6,5,23328
23770,5926,67,1,71990
23771,5926,90,4,99988
23772,5926,22,4,20870
23773,5927,1,4,77345
23774,5927,70,1,16773
23775,5927,55,4,50282
23776,5927,24,2,96972
23777,5927,18,4,49881
23778,5928,2,3,16956
23779,5928,58,5,66996
23780,5928,48,5,56186
23781,5928,54,1,55716
23782,5928,33,5,67163
23783,5929,60,4,91851
23784,5929,9,1,24385
23785,5929,20,5,13940
23786,5930,61,5,83461
23787,5930,86,1,33028
23788,5930,9,1,24385
23789,5930,55,4,50282
23790,5931,78,3,21761
23791,5931,2,2,16956
23792,5931,23,1,13902
23793,5931,60,1,91851
23794,5932,23,2,13902
23795,5932,74,4,60296
23796,5932,99,5,64203
23797,5932,95,5,10177
23798,5932,76,5,95956
23799,5933,62,5,39951
23800,5933,14,4,61112
23801,5933,10,5,15030
23802,5934,20,4,13940
23803,5934,57,1,87341
23804,5934,37,1,31314
23805,5934,6,3,23328
23806,5934,69,5,66333
23807,5935,82,5,40303
23808,5935,56,5,13545
23809,5935,49,1,86790
23810,5936,44,4,55170
23811,5936,16,5,21730
23812,5936,88,4,82751
23813,5937,69,5,66333
23814,5937,98,1,88669
23815,5937,47,4,38951
23816,5937,92,1,43974
23817,5938,62,2,39951
23818,5938,25,4,95530
23819,5938,53,5,58950
23820,5939,32,5,82134
23821,5939,72,2,53594
23822,5939,97,1,24578
23823,5940,54,1,55716
23824,5940,63,3,59829
23825,5940,28,2,53426
23826,5941,30,3,22486
23827,5941,12,1,31257
23828,5941,98,4,88669
23829,5941,93,4,25266
23830,5942,88,2,82751
23831,5942,99,3,64203
23832,5942,5,1,35124
23833,5942,16,3,21730
23834,5943,67,3,71990
23835,5943,33,1,67163
23836,5943,25,3,95530
23837,5943,21,3,33591
23838,5944,15,4,59265
23839,5944,7,4,51167
23840,5944,29,4,27367
23841,5945,10,3,15030
23842,5945,44,5,55170
23843,5945,81,2,69446
23844,5946,28,4,53426
23845,5946,36,5,50269
23846,5946,22,4,20870
23847,5946,76,1,95956
23848,5947,62,4,39951
23849,5947,38,4,89599
23850,5947,85,2,49747
23851,5947,15,5,59265
23852,5947,7,5,51167
23853,5948,51,3,22310
23854,5948,58,5,66996
23855,5948,53,1,58950
23856,5948,48,3,56186
23857,5948,47,5,38951
23858,5949,96,5,93706
23859,5949,67,3,71990
23860,5949,91,3,87573
23861,5949,86,3,33028
23862,5949,89,1,99643
23863,5950,20,4,13940
23864,5950,21,1,33591
23865,5950,28,2,53426
23866,5950,37,5,31314
23867,5951,90,5,99988
23868,5951,9,1,24385
23869,5951,94,4,54643
23870,5952,43,2,37544
23871,5952,68,4,92995
23872,5952,3,5,92869
23873,5952,7,5,51167
23874,5952,50,5,53007
23875,5953,56,1,13545
23876,5953,63,5,59829
23877,5953,16,1,21730
23878,5954,63,5,59829
23879,5954,96,2,93706
23880,5954,80,2,14416
23881,5954,89,1,99643
23882,5954,43,2,37544
23883,5955,2,2,16956
23884,5955,20,5,13940
23885,5955,12,5,31257
23886,5955,47,3,38951
23887,5956,16,5,21730
23888,5956,63,3,59829
23889,5956,53,1,58950
23890,5956,94,3,54643
23891,5956,3,4,92869
23892,5957,41,1,16916
23893,5957,12,2,31257
23894,5957,61,2,83461
23895,5958,68,2,92995
23896,5958,3,3,92869
23897,5958,45,2,89685
23898,5958,77,5,62543
23899,5958,28,3,53426
23900,5959,36,3,50269
23901,5959,25,2,95530
23902,5959,89,1,99643
23903,5960,3,2,92869
23904,5960,4,5,72183
23905,5960,74,4,60296
23906,5960,6,2,23328
23907,5960,13,2,60825
23908,5961,10,3,15030
23909,5961,79,4,37051
23910,5961,78,2,21761
23911,5962,86,3,33028
23912,5962,24,3,96972
23913,5962,21,4,33591
23914,5963,36,3,50269
23915,5963,33,2,67163
23916,5963,39,5,30610
23917,5963,57,4,87341
23918,5963,76,1,95956
23919,5964,76,5,95956
23920,5964,69,3,66333
23921,5964,94,1,54643
23922,5965,53,2,58950
23923,5965,40,1,63117
23924,5965,41,4,16916
23925,5965,64,5,18863
23926,5966,28,1,53426
23927,5966,20,3,13940
23928,5966,14,2,61112
23929,5967,96,3,93706
23930,5967,75,4,31489
23931,5967,100,3,55240
23932,5968,88,1,82751
23933,5968,77,1,62543
23934,5968,85,3,49747
23935,5968,58,3,66996
23936,5968,89,3,99643
23937,5969,67,1,71990
23938,5969,6,1,23328
23939,5969,37,5,31314
23940,5970,83,4,57341
23941,5970,1,1,77345
23942,5970,64,3,18863
23943,5970,51,2,22310
23944,5970,35,2,27106
23945,5971,15,5,59265
23946,5971,70,3,16773
23947,5971,74,5,60296
23948,5971,83,4,57341
23949,5971,55,2,50282
23950,5972,63,1,59829
23951,5972,93,4,25266
23952,5972,32,2,82134
23953,5972,58,2,66996
23954,5973,70,3,16773
23955,5973,39,4,30610
23956,5973,29,1,27367
23957,5974,33,5,67163
23958,5974,28,5,53426
23959,5974,6,4,23328
23960,5974,46,2,39246
23961,5974,78,3,21761
23962,5975,38,5,89599
23963,5975,93,5,25266
23964,5975,61,3,83461
23965,5975,31,2,25080
23966,5975,46,2,39246
23967,5976,89,2,99643
23968,5976,54,4,55716
23969,5976,17,4,32785
23970,5977,98,2,88669
23971,5977,1,1,77345
23972,5977,7,5,51167
23973,5977,13,3,60825
23974,5978,85,4,49747
23975,5978,7,3,51167
23976,5978,16,1,21730
23977,5979,89,1,99643
23978,5979,2,4,16956
23979,5979,55,3,50282
23980,5979,56,2,13545
23981,5979,74,3,60296
23982,5980,48,4,56186
23983,5980,70,2,16773
23984,5980,88,2,82751
23985,5980,6,5,23328
23986,5980,66,4,21309
23987,5981,53,2,58950
23988,5981,65,1,95196
23989,5981,48,2,56186
23990,5981,41,5,16916
23991,5981,95,2,10177
23992,5982,3,1,92869
23993,5982,52,2,47423
23994,5982,68,1,92995
23995,5982,13,5,60825
23996,5983,69,3,66333
23997,5983,98,4,88669
23998,5983,16,3,21730
23999,5984,53,5,58950
24000,5984,37,2,31314
24001,5984,60,4,91851
24002,5985,4,4,72183
24003,5985,19,5,24844
24004,5985,14,5,61112
24005,5985,45,2,89685
24006,5986,58,3,66996
24007,5986,66,5,21309
24008,5986,23,2,13902
24009,5987,45,1,89685
24010,5987,81,3,69446
24011,5987,58,5,66996
24012,5987,29,1,27367
24013,5988,24,4,96972
24014,5988,58,3,66996
24015,5988,4,1,72183
24016,5989,55,5,50282
24017,5989,29,1,27367
24018,5989,45,4,89685
24019,5990,47,4,38951
24020,5990,2,4,16956
24021,5990,15,3,59265
24022,5990,22,4,20870
24023,5991,47,1,38951
24024,5991,87,3,47322
24025,5991,40,1,63117
24026,5991,35,4,27106
24027,5991,38,4,89599
24028,5992,75,3,31489
24029,5992,37,5,31314
24030,5992,39,5,30610
24031,5993,5,5,35124
24032,5993,99,2,64203
24033,5993,26,1,47395
24034,5994,49,4,86790
24035,5994,51,4,22310
24036,5994,24,2,96972
24037,5995,20,5,13940
24038,5995,89,3,99643
24039,5995,17,3,32785
24040,5995,27,1,85161
24041,5995,77,2,62543
24042,5996,24,2,96972
24043,5996,17,5,32785
24044,5996,46,5,39246
24045,5996,85,1,49747
24046,5996,73,4,58762
24047,5997,88,2,82751
24048,5997,87,5,47322
24049,5997,31,5,25080
24050,5998,43,4,37544
24051,5998,57,2,87341
24052,5998,11,2,42580
24053,5999,53,1,58950
24054,5999,57,2,87341
24055,5999,6,2,23328
24056,5999,99,3,64203
24057,6000,20,5,13940
24058,6000,15,5,59265
24059,6000,97,2,24578
24060,6000,10,1,15030
24061,6001,92,5,43974
24062,6001,48,3,56186
24063,6001,83,3,57341
24064,6001,47,4,38951
24065,6002,63,1,59829
24066,6002,88,4,82751
24067,6002,31,3,25080
24068,6002,33,5,67163
24069,6003,2,2,16956
24070,6003,30,4,22486
24071,6003,22,3,20870
24072,6003,21,1,33591
24073,6004,33,2,67163
24074,6004,41,5,16916
24075,6004,71,5,62771
24076,6005,38,5,89599
24077,6005,46,2,39246
24078,6005,80,5,14416
24079,6006,28,4,53426
24080,6006,19,1,24844
24081,6006,70,1,16773
24082,6007,47,3,38951
24083,6007,29,2,27367
24084,6007,23,3,13902
24085,6007,65,1,95196
24086,6007,76,5,95956
24087,6008,22,5,20870
24088,6008,63,4,59829
24089,6008,15,5,59265
24090,6009,3,3,92869
24091,6009,28,5,53426
24092,6009,100,4,55240
24093,6009,40,5,63117
24094,6009,21,4,33591
24095,6010,26,4,47395
24096,6010,85,2,49747
24097,6010,4,1,72183
24098,6010,28,4,53426
24099,6010,74,5,60296
24100,6011,12,2,31257
24101,6011,56,1,13545
24102,6011,85,2,49747
24103,6011,80,5,14416
24104,6012,91,1,87573
24105,6012,19,5,24844
24106,6012,58,1,66996
24107,6013,58,3,66996
24108,6013,94,4,54643
24109,6013,25,3,95530
24110,6013,30,4,22486
24111,6014,88,5,82751
24112,6014,94,1,54643
24113,6014,20,5,13940
24114,6014,8,5,71394
24115,6015,61,2,83461
24116,6015,1,5,77345
24117,6015,40,4,63117
24118,6016,53,1,58950
24119,6016,32,2,82134
24120,6016,26,5,47395
24121,6017,36,2,50269
24122,6017,90,2,99988
24123,6017,96,5,93706
24124,6017,67,5,71990
24125,6018,78,4,21761
24126,6018,15,1,59265
24127,6018,25,2,95530
24128,6018,9,5,24385
24129,6019,85,1,49747
24130,6019,97,1,24578
24131,6019,43,2,37544
24132,6019,35,4,27106
24133,6019,58,1,66996
24134,6020,22,1,20870
24135,6020,95,4,10177
24136,6020,71,3,62771
24137,6020,25,5,95530
24138,6021,3,4,92869
24139,6021,18,4,49881
24140,6021,82,1,40303
24141,6021,73,1,58762
24142,6021,45,1,89685
24143,6022,91,2,87573
24144,6022,24,5,96972
24145,6022,57,1,87341
24146,6023,94,1,54643
24147,6023,46,2,39246
24148,6023,23,2,13902
24149,6023,66,2,21309
24150,6023,85,3,49747
24151,6024,57,2,87341
24152,6024,69,4,66333
24153,6024,27,3,85161
24154,6025,13,2,60825
24155,6025,41,2,16916
24156,6025,94,1,54643
24157,6025,57,4,87341
24158,6025,10,2,15030
24159,6026,39,3,30610
24160,6026,80,2,14416
24161,6026,75,2,31489
24162,6027,51,1,22310
24163,6027,66,4,21309
24164,6027,72,2,53594
24165,6027,16,4,21730
24166,6028,63,1,59829
24167,6028,9,4,24385
24168,6028,32,3,82134
24169,6028,31,1,25080
24170,6029,39,3,30610
24171,6029,3,4,92869
24172,6029,62,1,39951
24173,6029,53,1,58950
24174,6029,13,2,60825
24175,6030,23,5,13902
24176,6030,16,5,21730
24177,6030,36,2,50269
24178,6030,51,2,22310
24179,6030,72,3,53594
24180,6031,32,2,82134
24181,6031,56,1,13545
24182,6031,68,1,92995
24183,6032,15,4,59265
24184,6032,46,5,39246
24185,6032,85,3,49747
24186,6033,79,3,37051
24187,6033,32,2,82134
24188,6033,37,3,31314
24189,6034,11,1,42580
24190,6034,44,3,55170
24191,6034,88,2,82751
24192,6034,77,1,62543
24193,6034,29,4,27367
24194,6035,32,1,82134
24195,6035,76,1,95956
24196,6035,38,1,89599
24197,6035,29,5,27367
24198,6036,35,4,27106
24199,6036,40,1,63117
24200,6036,41,4,16916
24201,6037,80,3,14416
24202,6037,97,1,24578
24203,6037,51,5,22310
24204,6038,96,5,93706
24205,6038,19,5,24844
24206,6038,38,5,89599
24207,6039,79,5,37051
24208,6039,8,5,71394
24209,6039,44,4,55170
24210,6040,39,2,30610
24211,6040,73,5,58762
24212,6040,96,2,93706
24213,6040,46,5,39246
24214,6041,69,5,66333
24215,6041,40,4,63117
24216,6041,75,1,31489
24217,6042,56,3,13545
24218,6042,5,1,35124
24219,6042,96,5,93706
24220,6042,90,2,99988
24221,6042,78,5,21761
24222,6043,42,4,44615
24223,6043,36,5,50269
24224,6043,53,3,58950
24225,6044,37,5,31314
24226,6044,63,5,59829
24227,6044,30,4,22486
24228,6045,32,2,82134
24229,6045,59,3,68303
24230,6045,30,2,22486
24231,6046,93,2,25266
24232,6046,9,2,24385
24233,6046,78,1,21761
24234,6047,30,5,22486
24235,6047,15,5,59265
24236,6047,6,3,23328
24237,6047,93,5,25266
24238,6048,96,1,93706
24239,6048,73,4,58762
24240,6048,3,5,92869
24241,6048,57,3,87341
24242,6049,23,1,13902
24243,6049,8,1,71394
24244,6049,14,5,61112
24245,6049,6,1,23328
24246,6050,69,4,66333
24247,6050,14,3,61112
24248,6050,100,3,55240
24249,6050,6,5,23328
24250,6051,25,5,95530
24251,6051,18,1,49881
24252,6051,10,4,15030
24253,6052,97,1,24578
24254,6052,37,5,31314
24255,6052,11,5,42580
24256,6052,35,2,27106
24257,6052,89,2,99643
24258,6053,72,1,53594
24259,6053,20,2,13940
24260,6053,42,3,44615
24261,6053,80,1,14416
24262,6054,40,2,63117
24263,6054,58,4,66996
24264,6054,81,4,69446
24265,6054,69,3,66333
24266,6054,53,3,58950
24267,6055,9,1,24385
24268,6055,94,2,54643
24269,6055,49,3,86790
24270,6056,66,2,21309
24271,6056,1,2,77345
24272,6056,34,4,71809
24273,6056,71,5,62771
24274,6056,87,4,47322
24275,6057,41,1,16916
24276,6057,54,5,55716
24277,6057,12,3,31257
24278,6057,55,2,50282
24279,6058,96,5,93706
24280,6058,58,1,66996
24281,6058,71,3,62771
24282,6059,16,1,21730
24283,6059,19,2,24844
24284,6059,8,4,71394
24285,6059,53,5,58950
24286,6059,13,4,60825
24287,6060,28,2,53426
24288,6060,21,4,33591
24289,6060,80,3,14416
24290,6060,55,2,50282
24291,6060,26,3,47395
24292,6061,15,5,59265
24293,6061,97,3,24578
24294,6061,67,2,71990
24295,6062,65,4,95196
24296,6062,12,1,31257
24297,6062,89,4,99643
24298,6062,75,2,31489
24299,6063,78,4,21761
24300,6063,26,5,47395
24301,6063,38,4,89599
24302,6063,20,4,13940
24303,6064,30,2,22486
24304,6064,7,3,51167
24305,6064,99,2,64203
24306,6064,74,5,60296
24307,6064,49,1,86790
24308,6065,5,3,35124
24309,6065,95,5,10177
24310,6065,52,3,47423
24311,6065,82,4,40303
24312,6066,99,1,64203
24313,6066,53,2,58950
24314,6066,3,1,92869
24315,6066,44,4,55170
24316,6067,67,3,71990
24317,6067,41,2,16916
24318,6067,43,1,37544
24319,6068,28,1,53426
24320,6068,18,5,49881
24321,6068,61,2,83461
24322,6068,77,3,62543
24323,6068,35,1,27106
24324,6069,18,2,49881
24325,6069,82,4,40303
24326,6069,19,2,24844
24327,6069,59,2,68303
24328,6069,12,4,31257
24329,6070,100,3,55240
24330,6070,95,1,10177
24331,6070,29,4,27367
24332,6070,30,3,22486
24333,6070,60,2,91851
24334,6071,43,2,37544
24335,6071,1,3,77345
24336,6071,81,5,69446
24337,6072,70,2,16773
24338,6072,84,5,78759
24339,6072,46,4,39246
24340,6072,6,3,23328
24341,6072,1,4,77345
24342,6073,44,4,55170
24343,6073,5,2,35124
24344,6073,69,4,66333
24345,6074,20,5,13940
24346,6074,56,4,13545
24347,6074,82,2,40303
24348,6074,66,2,21309
24349,6074,76,5,95956
24350,6075,60,1,91851
24351,6075,18,5,49881
24352,6075,69,2,66333
24353,6075,5,4,35124
24354,6076,85,1,49747
24355,6076,39,1,30610
24356,6076,21,2,33591
24357,6077,43,2,37544
24358,6077,32,5,82134
24359,6077,64,3,18863
24360,6077,21,1,33591
24361,6077,76,1,95956
24362,6078,48,2,56186
24363,6078,100,5,55240
24364,6078,96,3,93706
24365,6079,35,5,27106
24366,6079,44,2,55170
24367,6079,51,4,22310
24368,6079,88,5,82751
24369,6079,62,5,39951
24370,6080,38,2,89599
24371,6080,22,3,20870
24372,6080,81,4,69446
24373,6080,78,2,21761
24374,6080,96,3,93706
24375,6081,26,1,47395
24376,6081,64,2,18863
24377,6081,99,3,64203
24378,6081,44,4,55170
24379,6082,96,5,93706
24380,6082,40,2,63117
24381,6082,14,4,61112
24382,6082,77,2,62543
24383,6082,38,5,89599
24384,6083,81,2,69446
24385,6083,91,3,87573
24386,6083,94,4,54643
24387,6083,38,2,89599
24388,6083,11,3,42580
24389,6084,71,4,62771
24390,6084,56,1,13545
24391,6084,61,5,83461
24392,6084,13,2,60825
24393,6085,49,3,86790
24394,6085,80,2,14416
24395,6085,68,1,92995
24396,6085,62,4,39951
24397,6085,66,4,21309
24398,6086,32,4,82134
24399,6086,68,5,92995
24400,6086,4,1,72183
24401,6087,31,2,25080
24402,6087,72,5,53594
24403,6087,77,3,62543
24404,6087,93,1,25266
24405,6088,60,3,91851
24406,6088,21,5,33591
24407,6088,76,4,95956
24408,6088,94,3,54643
24409,6088,18,4,49881
24410,6089,3,5,92869
24411,6089,24,5,96972
24412,6089,15,2,59265
24413,6089,52,4,47423
24414,6090,73,5,58762
24415,6090,71,4,62771
24416,6090,10,2,15030
24417,6090,38,3,89599
24418,6091,77,5,62543
24419,6091,21,3,33591
24420,6091,98,3,88669
24421,6091,23,4,13902
24422,6092,74,2,60296
24423,6092,98,2,88669
24424,6092,56,1,13545
24425,6092,43,3,37544
24426,6092,55,2,50282
24427,6093,46,4,39246
24428,6093,16,2,21730
24429,6093,25,3,95530
24430,6093,45,5,89685
24431,6093,1,1,77345
24432,6094,43,5,37544
24433,6094,37,2,31314
24434,6094,23,4,13902
24435,6095,19,4,24844
24436,6095,90,2,99988
24437,6095,33,2,67163
24438,6095,46,1,39246
24439,6096,91,4,87573
24440,6096,8,4,71394
24441,6096,38,1,89599
24442,6096,2,2,16956
24443,6097,41,1,16916
24444,6097,43,5,37544
24445,6097,2,2,16956
24446,6097,95,5,10177
24447,6097,99,2,64203
24448,6098,74,1,60296
24449,6098,12,1,31257
24450,6098,66,2,21309
24451,6098,43,3,37544
24452,6098,80,5,14416
24453,6099,82,1,40303
24454,6099,21,2,33591
24455,6099,16,4,21730
24456,6099,24,3,96972
24457,6100,41,4,16916
24458,6100,73,4,58762
24459,6100,3,4,92869
24460,6101,43,2,37544
24461,6101,94,5,54643
24462,6101,52,1,47423
24463,6101,96,3,93706
24464,6101,64,5,18863
24465,6102,53,3,58950
24466,6102,73,4,58762
24467,6102,70,1,16773
24468,6103,12,4,31257
24469,6103,74,4,60296
24470,6103,77,4,62543
24471,6104,66,3,21309
24472,6104,99,2,64203
24473,6104,45,1,89685
24474,6104,88,1,82751
24475,6104,60,2,91851
24476,6105,55,1,50282
24477,6105,27,3,85161
24478,6105,19,1,24844
24479,6105,81,5,69446
24480,6106,61,1,83461
24481,6106,78,2,21761
24482,6106,81,4,69446
24483,6106,19,3,24844
24484,6106,63,1,59829
24485,6107,51,2,22310
24486,6107,56,3,13545
24487,6107,28,3,53426
24488,6108,25,1,95530
24489,6108,24,2,96972
24490,6108,89,4,99643
24491,6109,71,3,62771
24492,6109,62,4,39951
24493,6109,78,1,21761
24494,6109,10,3,15030
24495,6109,93,2,25266
24496,6110,14,3,61112
24497,6110,94,2,54643
24498,6110,71,4,62771
24499,6110,31,1,25080
24500,6111,92,3,43974
24501,6111,18,1,49881
24502,6111,84,2,78759
24503,6111,71,2,62771
24504,6112,94,4,54643
24505,6112,38,5,89599
24506,6112,27,3,85161
24507,6112,5,3,35124
24508,6113,9,5,24385
24509,6113,70,4,16773
24510,6113,4,4,72183
24511,6114,45,3,89685
24512,6114,23,1,13902
24513,6114,4,1,72183
24514,6114,79,5,37051
24515,6115,14,3,61112
24516,6115,98,5,88669
24517,6115,57,1,87341
24518,6115,49,2,86790
24519,6115,91,4,87573
24520,6116,73,5,58762
24521,6116,59,1,68303
24522,6116,29,5,27367
24523,6116,30,1,22486
24524,6116,100,3,55240
24525,6117,4,4,72183
24526,6117,18,1,49881
24527,6117,26,3,47395
24528,6117,99,2,64203
24529,6118,95,5,10177
24530,6118,75,5,31489
24531,6118,10,2,15030
24532,6118,68,4,92995
24533,6118,88,4,82751
24534,6119,6,1,23328
24535,6119,61,4,83461
24536,6119,76,4,95956
24537,6120,30,4,22486
24538,6120,13,1,60825
24539,6120,27,4,85161
24540,6120,22,4,20870
24541,6121,76,4,95956
24542,6121,19,3,24844
24543,6121,49,4,86790
24544,6121,20,2,13940
24545,6122,41,4,16916
24546,6122,5,1,35124
24547,6122,94,2,54643
24548,6122,27,4,85161
24549,6123,51,3,22310
24550,6123,96,1,93706
24551,6123,68,2,92995
24552,6124,16,5,21730
24553,6124,39,2,30610
24554,6124,89,1,99643
24555,6125,69,1,66333
24556,6125,53,5,58950
24557,6125,73,2,58762
24558,6125,37,5,31314
24559,6125,12,2,31257
24560,6126,20,2,13940
24561,6126,48,3,56186
24562,6126,50,1,53007
24563,6126,39,2,30610
24564,6127,37,1,31314
24565,6127,80,2,14416
24566,6127,20,2,13940
24567,6128,76,2,95956
24568,6128,50,2,53007
24569,6128,57,5,87341
24570,6128,53,4,58950
24571,6129,33,3,67163
24572,6129,47,5,38951
24573,6129,19,5,24844
24574,6129,79,4,37051
24575,6130,61,3,83461
24576,6130,77,5,62543
24577,6130,47,3,38951
24578,6130,82,4,40303
24579,6131,70,5,16773
24580,6131,69,1,66333
24581,6131,21,2,33591
24582,6132,33,4,67163
24583,6132,29,2,27367
24584,6132,80,5,14416
24585,6133,35,1,27106
24586,6133,32,4,82134
24587,6133,9,1,24385
24588,6133,1,5,77345
24589,6134,18,4,49881
24590,6134,14,1,61112
24591,6134,58,3,66996
24592,6134,88,3,82751
24593,6135,99,4,64203
24594,6135,29,4,27367
24595,6135,41,3,16916
24596,6135,91,2,87573
24597,6135,31,1,25080
24598,6136,51,1,22310
24599,6136,57,1,87341
24600,6136,31,1,25080
24601,6137,27,4,85161
24602,6137,23,5,13902
24603,6137,96,2,93706
24604,6137,53,3,58950
24605,6138,34,4,71809
24606,6138,53,1,58950
24607,6138,23,5,13902
24608,6138,66,4,21309
24609,6138,37,3,31314
24610,6139,57,3,87341
24611,6139,7,4,51167
24612,6139,4,2,72183
24613,6139,14,2,61112
24614,6139,98,5,88669
24615,6140,62,2,39951
24616,6140,49,2,86790
24617,6140,87,1,47322
24618,6140,69,5,66333
24619,6141,62,3,39951
24620,6141,83,1,57341
24621,6141,19,1,24844
24622,6141,6,2,23328
24623,6142,2,3,16956
24624,6142,40,4,63117
24625,6142,92,2,43974
24626,6142,47,5,38951
24627,6143,71,4,62771
24628,6143,29,3,27367
24629,6143,38,4,89599
24630,6143,54,1,55716
24631,6143,49,1,86790
24632,6144,33,1,67163
24633,6144,19,5,24844
24634,6144,87,3,47322
24635,6144,61,3,83461
24636,6144,52,2,47423
24637,6145,63,5,59829
24638,6145,27,1,85161
24639,6145,47,2,38951
24640,6145,75,5,31489
24641,6145,56,4,13545
24642,6146,9,1,24385
24643,6146,80,2,14416
24644,6146,10,2,15030
24645,6146,25,2,95530
24646,6146,16,3,21730
24647,6147,80,5,14416
24648,6147,81,1,69446
24649,6147,63,5,59829
24650,6147,56,5,13545
24651,6148,19,5,24844
24652,6148,94,2,54643
24653,6148,82,2,40303
24654,6148,88,2,82751
24655,6149,27,4,85161
24656,6149,68,2,92995
24657,6149,18,3,49881
24658,6150,79,1,37051
24659,6150,55,1,50282
24660,6150,68,5,92995
24661,6150,32,1,82134
24662,6150,34,1,71809
24663,6151,61,1,83461
24664,6151,91,3,87573
24665,6151,52,1,47423
24666,6152,38,5,89599
24667,6152,6,5,23328
24668,6152,73,3,58762
24669,6152,89,3,99643
24670,6152,17,1,32785
24671,6153,30,4,22486
24672,6153,47,1,38951
24673,6153,51,4,22310
24674,6153,82,1,40303
24675,6154,83,4,57341
24676,6154,52,1,47423
24677,6154,51,5,22310
24678,6154,23,4,13902
24679,6155,94,4,54643
24680,6155,64,1,18863
24681,6155,69,5,66333
24682,6156,32,2,82134
24683,6156,20,2,13940
24684,6156,57,3,87341
24685,6157,48,4,56186
24686,6157,60,3,91851
24687,6157,43,1,37544
24688,6157,4,3,72183
24689,6158,74,4,60296
24690,6158,3,4,92869
24691,6158,10,3,15030
24692,6159,90,4,99988
24693,6159,50,1,53007
24694,6159,15,1,59265
24695,6160,7,2,51167
24696,6160,34,3,71809
24697,6160,37,5,31314
24698,6160,85,2,49747
24699,6160,72,1,53594
24700,6161,45,5,89685
24701,6161,59,4,68303
24702,6161,9,5,24385
24703,6161,5,2,35124
24704,6162,78,4,21761
24705,6162,15,2,59265
24706,6162,39,4,30610
24707,6162,82,4,40303
24708,6163,79,3,37051
24709,6163,12,4,31257
24710,6163,46,1,39246
24711,6163,6,1,23328
24712,6164,17,4,32785
24713,6164,16,5,21730
24714,6164,29,3,27367
24715,6165,25,1,95530
24716,6165,8,5,71394
24717,6165,12,3,31257
24718,6166,54,5,55716
24719,6166,44,2,55170
24720,6166,94,2,54643
24721,6166,33,5,67163
24722,6166,46,1,39246
24723,6167,10,4,15030
24724,6167,87,4,47322
24725,6167,97,3,24578
24726,6167,56,2,13545
24727,6167,16,4,21730
24728,6168,57,3,87341
24729,6168,41,1,16916
24730,6168,94,4,54643
24731,6169,61,3,83461
24732,6169,31,5,25080
24733,6169,47,1,38951
24734,6169,21,2,33591
24735,6169,62,1,39951
24736,6170,63,3,59829
24737,6170,96,3,93706
24738,6170,82,3,40303
24739,6170,69,5,66333
24740,6170,22,2,20870
24741,6171,58,2,66996
24742,6171,21,1,33591
24743,6171,7,3,51167
24744,6171,61,4,83461
24745,6172,9,3,24385
24746,6172,70,2,16773
24747,6172,35,3,27106
24748,6173,73,2,58762
24749,6173,56,4,13545
24750,6173,10,1,15030
24751,6173,3,2,92869
24752,6174,21,3,33591
24753,6174,6,2,23328
24754,6174,2,3,16956
24755,6174,69,4,66333
24756,6174,37,1,31314
24757,6175,62,2,39951
24758,6175,57,5,87341
24759,6175,49,4,86790
24760,6175,100,5,55240
24761,6176,89,1,99643
24762,6176,93,4,25266
24763,6176,14,1,61112
24764,6176,15,2,59265
24765,6177,53,1,58950
24766,6177,49,4,86790
24767,6177,41,4,16916
24768,6177,67,2,71990
24769,6178,52,1,47423
24770,6178,75,2,31489
24771,6178,31,1,25080
24772,6178,92,3,43974
24773,6178,51,1,22310
24774,6179,21,2,33591
24775,6179,68,4,92995
24776,6179,93,4,25266
24777,6180,12,5,31257
24778,6180,8,4,71394
24779,6180,58,2,66996
24780,6180,69,3,66333
24781,6181,54,1,55716
24782,6181,67,2,71990
24783,6181,58,1,66996
24784,6181,29,4,27367
24785,6181,64,3,18863
24786,6182,7,5,51167
24787,6182,40,2,63117
24788,6182,4,4,72183
24789,6183,53,4,58950
24790,6183,57,1,87341
24791,6183,15,1,59265
24792,6183,11,5,42580
24793,6184,71,5,62771
24794,6184,56,3,13545
24795,6184,54,3,55716
24796,6184,12,4,31257
24797,6185,19,3,24844
24798,6185,20,2,13940
24799,6185,91,2,87573
24800,6186,72,1,53594
24801,6186,66,4,21309
24802,6186,83,2,57341
24803,6187,40,5,63117
24804,6187,42,4,44615
24805,6187,6,3,23328
24806,6187,87,4,47322
24807,6187,50,3,53007
24808,6188,44,2,55170
24809,6188,5,5,35124
24810,6188,64,3,18863
24811,6189,20,3,13940
24812,6189,76,5,95956
24813,6189,100,1,55240
24814,6190,80,4,14416
24815,6190,100,3,55240
24816,6190,19,5,24844
24817,6191,98,1,88669
24818,6191,71,2,62771
24819,6191,60,1,91851
24820,6191,21,3,33591
24821,6191,29,1,27367
24822,6192,31,5,25080
24823,6192,90,4,99988
24824,6192,20,5,13940
24825,6192,64,3,18863
24826,6193,12,4,31257
24827,6193,36,3,50269
24828,6193,98,1,88669
24829,6194,10,1,15030
24830,6194,70,5,16773
24831,6194,9,5,24385
24832,6195,22,3,20870
24833,6195,65,1,95196
24834,6195,68,5,92995
24835,6196,43,2,37544
24836,6196,65,1,95196
24837,6196,23,2,13902
24838,6196,5,5,35124
24839,6197,27,5,85161
24840,6197,15,4,59265
24841,6197,79,5,37051
24842,6198,70,5,16773
24843,6198,95,4,10177
24844,6198,42,4,44615
24845,6198,71,3,62771
24846,6198,84,3,78759
24847,6199,18,2,49881
24848,6199,5,3,35124
24849,6199,95,3,10177
24850,6199,54,5,55716
24851,6199,46,5,39246
24852,6200,45,4,89685
24853,6200,13,4,60825
24854,6200,27,4,85161
24855,6200,73,5,58762
24856,6201,57,5,87341
24857,6201,14,4,61112
24858,6201,71,4,62771
24859,6202,41,5,16916
24860,6202,16,3,21730
24861,6202,81,2,69446
24862,6203,9,3,24385
24863,6203,87,2,47322
24864,6203,66,3,21309
24865,6204,51,3,22310
24866,6204,41,5,16916
24867,6204,64,3,18863
24868,6204,61,5,83461
24869,6204,14,2,61112
24870,6205,1,3,77345
24871,6205,10,1,15030
24872,6205,63,2,59829
24873,6205,43,4,37544
24874,6206,14,4,61112
24875,6206,91,4,87573
24876,6206,39,2,30610
24877,6206,71,2,62771
24878,6207,100,5,55240
24879,6207,17,3,32785
24880,6207,86,2,33028
24881,6208,10,1,15030
24882,6208,47,1,38951
24883,6208,85,4,49747
24884,6209,50,3,53007
24885,6209,56,1,13545
24886,6209,46,3,39246
24887,6209,57,1,87341
24888,6210,52,5,47423
24889,6210,39,3,30610
24890,6210,31,1,25080
24891,6210,38,3,89599
24892,6210,34,5,71809
24893,6211,10,1,15030
24894,6211,66,1,21309
24895,6211,3,5,92869
24896,6212,43,4,37544
24897,6212,24,1,96972
24898,6212,57,3,87341
24899,6212,45,1,89685
24900,6213,92,1,43974
24901,6213,31,2,25080
24902,6213,63,1,59829
24903,6213,13,5,60825
24904,6214,3,5,92869
24905,6214,39,4,30610
24906,6214,81,2,69446
24907,6214,89,4,99643
24908,6215,81,4,69446
24909,6215,71,4,62771
24910,6215,22,3,20870
24911,6215,97,4,24578
24912,6216,99,2,64203
24913,6216,56,5,13545
24914,6216,64,1,18863
24915,6216,98,3,88669
24916,6217,87,2,47322
24917,6217,41,2,16916
24918,6217,64,5,18863
24919,6217,36,3,50269
24920,6218,57,4,87341
24921,6218,40,3,63117
24922,6218,38,4,89599
24923,6218,51,4,22310
24924,6219,70,3,16773
24925,6219,51,3,22310
24926,6219,12,4,31257
24927,6220,31,2,25080
24928,6220,67,1,71990
24929,6220,83,5,57341
24930,6220,80,2,14416
24931,6221,23,5,13902
24932,6221,17,3,32785
24933,6221,25,4,95530
24934,6221,22,1,20870
24935,6221,4,3,72183
24936,6222,6,1,23328
24937,6222,46,5,39246
24938,6222,89,4,99643
24939,6222,96,1,93706
24940,6222,55,5,50282
24941,6223,52,2,47423
24942,6223,96,3,93706
24943,6223,37,4,31314
24944,6223,88,5,82751
24945,6223,72,1,53594
24946,6224,78,2,21761
24947,6224,49,3,86790
24948,6224,12,4,31257
24949,6224,77,4,62543
24950,6224,30,3,22486
24951,6225,33,4,67163
24952,6225,61,5,83461
24953,6225,60,1,91851
24954,6225,52,4,47423
24955,6225,38,4,89599
24956,6226,55,5,50282
24957,6226,69,3,66333
24958,6226,35,4,27106
24959,6226,91,3,87573
24960,6226,54,5,55716
24961,6227,82,1,40303
24962,6227,2,1,16956
24963,6227,32,2,82134
24964,6228,19,1,24844
24965,6228,43,3,37544
24966,6228,6,5,23328
24967,6229,72,5,53594
24968,6229,39,1,30610
24969,6229,92,5,43974
24970,6229,37,1,31314
24971,6230,31,2,25080
24972,6230,100,5,55240
24973,6230,44,3,55170
24974,6231,8,1,71394
24975,6231,92,5,43974
24976,6231,13,2,60825
24977,6231,79,5,37051
24978,6232,14,1,61112
24979,6232,7,1,51167
24980,6232,91,2,87573
24981,6233,36,2,50269
24982,6233,67,2,71990
24983,6233,5,5,35124
24984,6233,65,4,95196
24985,6234,14,1,61112
24986,6234,87,3,47322
24987,6234,12,2,31257
24988,6234,19,4,24844
24989,6234,52,1,47423
24990,6235,66,3,21309
24991,6235,88,5,82751
24992,6235,47,4,38951
24993,6235,86,5,33028
24994,6235,57,1,87341
24995,6236,4,1,72183
24996,6236,45,4,89685
24997,6236,2,5,16956
24998,6237,85,3,49747
24999,6237,42,2,44615
25000,6237,83,3,57341
25001,6237,60,4,91851
25002,6237,88,2,82751
25003,6238,44,4,55170
25004,6238,21,1,33591
25005,6238,12,1,31257
25006,6238,84,1,78759
25007,6239,3,4,92869
25008,6239,5,5,35124
25009,6239,12,5,31257
25010,6239,67,4,71990
25011,6239,8,4,71394
25012,6240,9,4,24385
25013,6240,52,1,47423
25014,6240,34,1,71809
25015,6240,4,2,72183
25016,6241,86,1,33028
25017,6241,89,3,99643
25018,6241,10,4,15030
25019,6241,91,1,87573
25020,6241,59,4,68303
25021,6242,54,3,55716
25022,6242,38,5,89599
25023,6242,22,5,20870
25024,6243,61,1,83461
25025,6243,8,1,71394
25026,6243,58,4,66996
25027,6244,97,3,24578
25028,6244,6,1,23328
25029,6244,57,5,87341
25030,6244,11,2,42580
25031,6245,62,4,39951
25032,6245,24,2,96972
25033,6245,96,3,93706
25034,6246,33,1,67163
25035,6246,4,5,72183
25036,6246,22,4,20870
25037,6246,99,2,64203
25038,6246,62,1,39951
25039,6247,92,5,43974
25040,6247,56,4,13545
25041,6247,90,1,99988
25042,6247,93,3,25266
25043,6248,80,5,14416
25044,6248,20,3,13940
25045,6248,99,4,64203
25046,6249,78,3,21761
25047,6249,33,3,67163
25048,6249,75,3,31489
25049,6249,68,4,92995
25050,6250,5,5,35124
25051,6250,47,2,38951
25052,6250,66,1,21309
25053,6250,50,5,53007
25054,6250,91,1,87573
25055,6251,15,4,59265
25056,6251,23,5,13902
25057,6251,98,5,88669
25058,6252,71,4,62771
25059,6252,72,1,53594
25060,6252,22,3,20870
25061,6252,24,2,96972
25062,6253,83,5,57341
25063,6253,44,4,55170
25064,6253,41,5,16916
25065,6254,78,5,21761
25066,6254,27,5,85161
25067,6254,41,2,16916
25068,6254,70,5,16773
25069,6254,44,5,55170
25070,6255,40,2,63117
25071,6255,52,3,47423
25072,6255,39,1,30610
25073,6255,97,5,24578
25074,6255,88,5,82751
25075,6256,48,5,56186
25076,6256,45,5,89685
25077,6256,55,1,50282
25078,6256,54,2,55716
25079,6256,63,1,59829
25080,6257,48,4,56186
25081,6257,78,3,21761
25082,6257,13,5,60825
25083,6257,86,1,33028
25084,6258,81,5,69446
25085,6258,1,1,77345
25086,6258,84,4,78759
25087,6258,35,1,27106
25088,6259,40,3,63117
25089,6259,44,3,55170
25090,6259,27,4,85161
25091,6260,84,4,78759
25092,6260,7,2,51167
25093,6260,54,3,55716
25094,6260,89,1,99643
25095,6260,67,5,71990
25096,6261,62,1,39951
25097,6261,71,1,62771
25098,6261,19,4,24844
25099,6261,60,2,91851
25100,6261,47,1,38951
25101,6262,39,5,30610
25102,6262,81,5,69446
25103,6262,64,5,18863
25104,6263,3,3,92869
25105,6263,44,2,55170
25106,6263,70,1,16773
25107,6264,39,3,30610
25108,6264,72,3,53594
25109,6264,49,5,86790
25110,6264,73,5,58762
25111,6265,51,3,22310
25112,6265,19,4,24844
25113,6265,60,4,91851
25114,6265,9,3,24385
25115,6265,89,5,99643
25116,6266,52,2,47423
25117,6266,42,4,44615
25118,6266,99,1,64203
25119,6266,90,4,99988
25120,6266,33,3,67163
25121,6267,9,1,24385
25122,6267,29,5,27367
25123,6267,51,4,22310
25124,6268,67,4,71990
25125,6268,33,2,67163
25126,6268,86,1,33028
25127,6268,29,5,27367
25128,6269,12,5,31257
25129,6269,5,5,35124
25130,6269,50,3,53007
25131,6270,31,1,25080
25132,6270,52,3,47423
25133,6270,24,3,96972
25134,6271,10,1,15030
25135,6271,62,4,39951
25136,6271,80,5,14416
25137,6271,38,5,89599
25138,6271,46,5,39246
25139,6272,90,4,99988
25140,6272,50,5,53007
25141,6272,22,3,20870
25142,6272,76,2,95956
25143,6273,24,2,96972
25144,6273,91,1,87573
25145,6273,31,3,25080
25146,6273,9,3,24385
25147,6274,36,1,50269
25148,6274,4,2,72183
25149,6274,72,4,53594
25150,6274,14,3,61112
25151,6274,5,3,35124
25152,6275,97,2,24578
25153,6275,85,5,49747
25154,6275,37,2,31314
25155,6275,71,3,62771
25156,6275,38,3,89599
25157,6276,29,1,27367
25158,6276,31,2,25080
25159,6276,52,3,47423
25160,6277,5,3,35124
25161,6277,89,1,99643
25162,6277,18,1,49881
25163,6277,76,3,95956
25164,6278,32,1,82134
25165,6278,68,2,92995
25166,6278,28,3,53426
25167,6278,77,5,62543
25168,6279,74,4,60296
25169,6279,7,1,51167
25170,6279,18,1,49881
25171,6280,35,1,27106
25172,6280,66,4,21309
25173,6280,14,5,61112
25174,6281,87,4,47322
25175,6281,86,3,33028
25176,6281,57,2,87341
25177,6281,4,5,72183
25178,6281,91,4,87573
25179,6282,11,3,42580
25180,6282,96,2,93706
25181,6282,99,3,64203
25182,6282,49,5,86790
25183,6283,47,4,38951
25184,6283,57,2,87341
25185,6283,56,3,13545
25186,6284,21,4,33591
25187,6284,54,5,55716
25188,6284,9,2,24385
25189,6284,39,4,30610
25190,6285,2,2,16956
25191,6285,38,4,89599
25192,6285,87,3,47322
25193,6286,73,5,58762
25194,6286,11,5,42580
25195,6286,64,4,18863
25196,6286,49,3,86790
25197,6287,97,1,24578
25198,6287,72,1,53594
25199,6287,68,2,92995
25200,6287,16,2,21730
25201,6288,80,1,14416
25202,6288,69,4,66333
25203,6288,8,4,71394
25204,6288,28,3,53426
25205,6289,92,3,43974
25206,6289,26,3,47395
25207,6289,37,2,31314
25208,6290,26,3,47395
25209,6290,52,4,47423
25210,6290,78,5,21761
25211,6291,61,5,83461
25212,6291,55,5,50282
25213,6291,21,2,33591
25214,6292,89,3,99643
25215,6292,70,3,16773
25216,6292,6,5,23328
25217,6292,28,1,53426
25218,6293,44,2,55170
25219,6293,23,4,13902
25220,6293,67,5,71990
25221,6294,66,5,21309
25222,6294,94,5,54643
25223,6294,100,4,55240
25224,6294,87,1,47322
25225,6295,46,2,39246
25226,6295,32,3,82134
25227,6295,92,2,43974
25228,6296,83,4,57341
25229,6296,100,3,55240
25230,6296,57,5,87341
25231,6296,74,1,60296
25232,6296,1,5,77345
25233,6297,34,2,71809
25234,6297,66,5,21309
25235,6297,80,4,14416
25236,6297,15,2,59265
25237,6298,34,3,71809
25238,6298,70,5,16773
25239,6298,41,2,16916
25240,6298,32,1,82134
25241,6298,36,3,50269
25242,6299,32,1,82134
25243,6299,74,1,60296
25244,6299,84,2,78759
25245,6299,6,5,23328
25246,6299,80,1,14416
25247,6300,35,5,27106
25248,6300,78,4,21761
25249,6300,68,2,92995
25250,6300,92,2,43974
25251,6301,78,4,21761
25252,6301,20,2,13940
25253,6301,6,1,23328
25254,6301,88,4,82751
25255,6302,45,2,89685
25256,6302,13,4,60825
25257,6302,27,3,85161
25258,6302,30,3,22486
25259,6303,65,5,95196
25260,6303,82,2,40303
25261,6303,71,5,62771
25262,6304,52,3,47423
25263,6304,17,3,32785
25264,6304,48,3,56186
25265,6304,43,2,37544
25266,6305,66,4,21309
25267,6305,56,1,13545
25268,6305,91,5,87573
25269,6306,30,3,22486
25270,6306,3,4,92869
25271,6306,18,4,49881
25272,6307,88,2,82751
25273,6307,24,4,96972
25274,6307,62,4,39951
25275,6307,63,4,59829
25276,6308,59,2,68303
25277,6308,43,4,37544
25278,6308,27,1,85161
25279,6308,100,4,55240
25280,6309,51,4,22310
25281,6309,19,5,24844
25282,6309,42,2,44615
25283,6309,64,4,18863
25284,6310,89,2,99643
25285,6310,99,2,64203
25286,6310,75,5,31489
25287,6310,52,4,47423
25288,6310,36,4,50269
25289,6311,21,3,33591
25290,6311,31,4,25080
25291,6311,95,1,10177
25292,6311,20,2,13940
25293,6312,100,2,55240
25294,6312,38,3,89599
25295,6312,61,2,83461
25296,6313,95,5,10177
25297,6313,38,3,89599
25298,6313,37,5,31314
25299,6314,58,1,66996
25300,6314,15,5,59265
25301,6314,9,5,24385
25302,6315,6,5,23328
25303,6315,60,4,91851
25304,6315,75,3,31489
25305,6316,63,3,59829
25306,6316,97,3,24578
25307,6316,28,5,53426
25308,6317,8,5,71394
25309,6317,59,4,68303
25310,6317,55,2,50282
25311,6318,14,3,61112
25312,6318,25,4,95530
25313,6318,60,3,91851
25314,6319,27,4,85161
25315,6319,40,3,63117
25316,6319,88,1,82751
25317,6319,79,2,37051
25318,6320,50,1,53007
25319,6320,49,1,86790
25320,6320,13,4,60825
25321,6320,69,4,66333
25322,6321,70,4,16773
25323,6321,1,4,77345
25324,6321,2,5,16956
25325,6322,82,2,40303
25326,6322,79,5,37051
25327,6322,37,4,31314
25328,6322,32,1,82134
25329,6323,43,2,37544
25330,6323,42,5,44615
25331,6323,5,1,35124
25332,6323,57,3,87341
25333,6323,37,4,31314
25334,6324,44,2,55170
25335,6324,36,1,50269
25336,6324,41,4,16916
25337,6324,28,2,53426
25338,6324,69,1,66333
25339,6325,12,5,31257
25340,6325,64,5,18863
25341,6325,2,2,16956
25342,6326,41,4,16916
25343,6326,25,1,95530
25344,6326,46,1,39246
25345,6326,7,5,51167
25346,6327,37,2,31314
25347,6327,86,5,33028
25348,6327,12,4,31257
25349,6328,96,5,93706
25350,6328,60,4,91851
25351,6328,12,5,31257
25352,6328,50,2,53007
25353,6328,76,2,95956
25354,6329,70,2,16773
25355,6329,38,1,89599
25356,6329,74,2,60296
25357,6329,48,4,56186
25358,6329,63,1,59829
25359,6330,81,1,69446
25360,6330,62,5,39951
25361,6330,60,5,91851
25362,6331,49,4,86790
25363,6331,16,3,21730
25364,6331,17,4,32785
25365,6331,53,1,58950
25366,6332,81,5,69446
25367,6332,49,4,86790
25368,6332,9,4,24385
25369,6333,100,5,55240
25370,6333,82,5,40303
25371,6333,39,1,30610
25372,6333,88,4,82751
25373,6334,45,4,89685
25374,6334,80,5,14416
25375,6334,41,3,16916
25376,6334,65,5,95196
25377,6334,48,3,56186
25378,6335,54,3,55716
25379,6335,92,2,43974
25380,6335,66,1,21309
25381,6336,60,2,91851
25382,6336,26,1,47395
25383,6336,74,5,60296
25384,6336,91,2,87573
25385,6337,42,3,44615
25386,6337,44,3,55170
25387,6337,83,2,57341
25388,6337,80,3,14416
25389,6338,55,3,50282
25390,6338,28,4,53426
25391,6338,62,3,39951
25392,6338,60,5,91851
25393,6338,39,1,30610
25394,6339,60,1,91851
25395,6339,14,5,61112
25396,6339,38,4,89599
25397,6339,27,1,85161
25398,6339,4,3,72183
25399,6340,6,2,23328
25400,6340,89,3,99643
25401,6340,81,4,69446
25402,6340,53,2,58950
25403,6341,86,4,33028
25404,6341,53,1,58950
25405,6341,76,2,95956
25406,6341,89,5,99643
25407,6341,52,3,47423
25408,6342,36,5,50269
25409,6342,28,5,53426
25410,6342,35,2,27106
25411,6342,16,3,21730
25412,6342,58,4,66996
25413,6343,57,3,87341
25414,6343,61,1,83461
25415,6343,86,3,33028
25416,6343,50,1,53007
25417,6344,27,3,85161
25418,6344,49,4,86790
25419,6344,50,5,53007
25420,6344,23,1,13902
25421,6345,75,3,31489
25422,6345,60,5,91851
25423,6345,63,5,59829
25424,6345,100,1,55240
25425,6345,15,2,59265
25426,6346,24,5,96972
25427,6346,50,1,53007
25428,6346,100,4,55240
25429,6346,20,2,13940
25430,6347,87,5,47322
25431,6347,45,2,89685
25432,6347,85,1,49747
25433,6348,13,5,60825
25434,6348,63,4,59829
25435,6348,72,3,53594
25436,6348,64,4,18863
25437,6349,83,4,57341
25438,6349,8,4,71394
25439,6349,19,3,24844
25440,6350,46,4,39246
25441,6350,45,3,89685
25442,6350,1,2,77345
25443,6351,69,2,66333
25444,6351,36,3,50269
25445,6351,9,1,24385
25446,6352,98,4,88669
25447,6352,81,3,69446
25448,6352,70,4,16773
25449,6352,31,3,25080
25450,6352,80,1,14416
25451,6353,3,2,92869
25452,6353,16,1,21730
25453,6353,58,2,66996
25454,6353,35,4,27106
25455,6354,7,5,51167
25456,6354,2,2,16956
25457,6354,23,2,13902
25458,6354,33,2,67163
25459,6355,7,1,51167
25460,6355,20,1,13940
25461,6355,60,5,91851
25462,6356,76,4,95956
25463,6356,19,1,24844
25464,6356,98,3,88669
25465,6356,46,5,39246
25466,6356,43,3,37544
25467,6357,48,2,56186
25468,6357,82,3,40303
25469,6357,54,3,55716
25470,6358,70,5,16773
25471,6358,66,2,21309
25472,6358,74,5,60296
25473,6359,88,5,82751
25474,6359,33,1,67163
25475,6359,22,2,20870
25476,6359,39,3,30610
25477,6360,44,3,55170
25478,6360,79,3,37051
25479,6360,83,4,57341
25480,6361,54,1,55716
25481,6361,6,4,23328
25482,6361,32,1,82134
25483,6361,10,3,15030
25484,6362,17,5,32785
25485,6362,60,4,91851
25486,6362,35,1,27106
25487,6362,43,3,37544
25488,6363,70,1,16773
25489,6363,48,3,56186
25490,6363,86,1,33028
25491,6363,88,3,82751
25492,6364,15,3,59265
25493,6364,45,2,89685
25494,6364,80,1,14416
25495,6364,60,5,91851
25496,6364,62,1,39951
25497,6365,4,3,72183
25498,6365,50,3,53007
25499,6365,81,3,69446
25500,6365,5,4,35124
25501,6365,88,5,82751
25502,6366,29,3,27367
25503,6366,69,4,66333
25504,6366,52,4,47423
25505,6367,21,5,33591
25506,6367,69,3,66333
25507,6367,33,3,67163
25508,6368,60,5,91851
25509,6368,56,2,13545
25510,6368,21,4,33591
25511,6369,96,3,93706
25512,6369,75,1,31489
25513,6369,32,1,82134
25514,6369,45,3,89685
25515,6369,53,5,58950
25516,6370,92,5,43974
25517,6370,71,2,62771
25518,6370,33,4,67163
25519,6370,27,4,85161
25520,6371,69,2,66333
25521,6371,61,4,83461
25522,6371,26,2,47395
25523,6371,93,2,25266
25524,6371,64,5,18863
25525,6372,63,4,59829
25526,6372,92,3,43974
25527,6372,40,4,63117
25528,6373,62,2,39951
25529,6373,28,1,53426
25530,6373,5,5,35124
25531,6373,23,4,13902
25532,6373,10,1,15030
25533,6374,71,3,62771
25534,6374,15,3,59265
25535,6374,47,3,38951
25536,6374,98,5,88669
25537,6374,82,5,40303
25538,6375,61,5,83461
25539,6375,44,1,55170
25540,6375,92,1,43974
25541,6376,60,4,91851
25542,6376,86,3,33028
25543,6376,97,1,24578
25544,6377,73,2,58762
25545,6377,27,5,85161
25546,6377,78,2,21761
25547,6377,79,1,37051
25548,6377,20,1,13940
25549,6378,91,3,87573
25550,6378,53,1,58950
25551,6378,44,5,55170
25552,6378,71,5,62771
25553,6379,31,1,25080
25554,6379,25,5,95530
25555,6379,40,1,63117
25556,6379,57,4,87341
25557,6380,87,3,47322
25558,6380,34,5,71809
25559,6380,16,5,21730
25560,6381,6,5,23328
25561,6381,56,2,13545
25562,6381,100,5,55240
25563,6382,5,3,35124
25564,6382,40,3,63117
25565,6382,61,2,83461
25566,6382,16,2,21730
25567,6382,96,2,93706
25568,6383,86,2,33028
25569,6383,20,2,13940
25570,6383,71,3,62771
25571,6383,1,5,77345
25572,6383,83,1,57341
25573,6384,46,4,39246
25574,6384,8,5,71394
25575,6384,38,1,89599
25576,6384,28,5,53426
25577,6385,7,2,51167
25578,6385,67,4,71990
25579,6385,34,4,71809
25580,6385,93,2,25266
25581,6386,1,1,77345
25582,6386,9,3,24385
25583,6386,64,3,18863
25584,6387,98,3,88669
25585,6387,78,5,21761
25586,6387,64,1,18863
25587,6388,44,1,55170
25588,6388,90,5,99988
25589,6388,31,4,25080
25590,6389,63,5,59829
25591,6389,42,2,44615
25592,6389,74,1,60296
25593,6390,26,1,47395
25594,6390,95,3,10177
25595,6390,41,1,16916
25596,6391,7,3,51167
25597,6391,67,4,71990
25598,6391,54,3,55716
25599,6392,80,2,14416
25600,6392,43,4,37544
25601,6392,49,4,86790
25602,6392,38,1,89599
25603,6392,58,5,66996
25604,6393,83,4,57341
25605,6393,93,4,25266
25606,6393,41,1,16916
25607,6393,55,3,50282
25608,6393,28,3,53426
25609,6394,79,1,37051
25610,6394,76,4,95956
25611,6394,83,1,57341
25612,6394,44,5,55170
25613,6394,97,4,24578
25614,6395,72,2,53594
25615,6395,16,5,21730
25616,6395,6,2,23328
25617,6396,14,3,61112
25618,6396,80,1,14416
25619,6396,85,4,49747
25620,6397,32,2,82134
25621,6397,49,1,86790
25622,6397,25,1,95530
25623,6398,43,2,37544
25624,6398,19,1,24844
25625,6398,16,4,21730
25626,6398,49,5,86790
25627,6398,73,2,58762
25628,6399,29,1,27367
25629,6399,84,1,78759
25630,6399,53,4,58950
25631,6399,11,5,42580
25632,6399,37,1,31314
25633,6400,87,5,47322
25634,6400,80,2,14416
25635,6400,98,2,88669
25636,6400,94,1,54643
25637,6401,47,2,38951
25638,6401,43,4,37544
25639,6401,73,4,58762
25640,6401,87,3,47322
25641,6401,20,3,13940
25642,6402,95,4,10177
25643,6402,37,2,31314
25644,6402,46,4,39246
25645,6403,40,5,63117
25646,6403,59,1,68303
25647,6403,91,2,87573
25648,6403,14,1,61112
25649,6404,15,5,59265
25650,6404,90,3,99988
25651,6404,31,2,25080
25652,6404,48,2,56186
25653,6405,47,3,38951
25654,6405,42,2,44615
25655,6405,53,3,58950
25656,6405,41,4,16916
25657,6406,34,3,71809
25658,6406,66,5,21309
25659,6406,8,2,71394
25660,6407,29,3,27367
25661,6407,92,4,43974
25662,6407,30,3,22486
25663,6407,2,1,16956
25664,6407,40,1,63117
25665,6408,68,1,92995
25666,6408,54,2,55716
25667,6408,70,5,16773
25668,6409,9,5,24385
25669,6409,56,2,13545
25670,6409,12,1,31257
25671,6410,74,3,60296
25672,6410,25,4,95530
25673,6410,47,4,38951
25674,6410,23,2,13902
25675,6411,4,1,72183
25676,6411,13,1,60825
25677,6411,83,2,57341
25678,6411,7,1,51167
25679,6412,54,3,55716
25680,6412,8,4,71394
25681,6412,7,2,51167
25682,6413,75,3,31489
25683,6413,77,2,62543
25684,6413,98,5,88669
25685,6413,26,2,47395
25686,6413,72,2,53594
25687,6414,3,3,92869
25688,6414,53,3,58950
25689,6414,83,2,57341
25690,6415,52,2,47423
25691,6415,98,2,88669
25692,6415,33,5,67163
25693,6415,12,4,31257
25694,6416,48,2,56186
25695,6416,50,1,53007
25696,6416,55,2,50282
25697,6416,30,5,22486
25698,6417,69,1,66333
25699,6417,53,1,58950
25700,6417,47,2,38951
25701,6418,37,3,31314
25702,6418,9,2,24385
25703,6418,16,3,21730
25704,6419,62,5,39951
25705,6419,29,1,27367
25706,6419,12,1,31257
25707,6419,82,5,40303
25708,6419,14,1,61112
25709,6420,70,1,16773
25710,6420,28,5,53426
25711,6420,53,2,58950
25712,6420,30,2,22486
25713,6421,37,3,31314
25714,6421,1,4,77345
25715,6421,80,3,14416
25716,6421,92,3,43974
25717,6421,47,4,38951
25718,6422,82,1,40303
25719,6422,99,1,64203
25720,6422,64,4,18863
25721,6423,85,4,49747
25722,6423,49,2,86790
25723,6423,47,3,38951
25724,6424,59,3,68303
25725,6424,63,4,59829
25726,6424,97,1,24578
25727,6425,85,4,49747
25728,6425,2,4,16956
25729,6425,8,4,71394
25730,6426,49,3,86790
25731,6426,3,1,92869
25732,6426,44,1,55170
25733,6426,18,3,49881
25734,6427,89,4,99643
25735,6427,53,5,58950
25736,6427,43,5,37544
25737,6428,18,1,49881
25738,6428,12,1,31257
25739,6428,79,3,37051
25740,6429,37,1,31314
25741,6429,87,4,47322
25742,6429,20,2,13940
25743,6429,79,5,37051
25744,6429,30,4,22486
25745,6430,94,1,54643
25746,6430,6,4,23328
25747,6430,97,4,24578
25748,6430,17,3,32785
25749,6430,15,2,59265
25750,6431,48,1,56186
25751,6431,55,5,50282
25752,6431,14,3,61112
25753,6432,65,4,95196
25754,6432,77,2,62543
25755,6432,41,5,16916
25756,6432,47,4,38951
25757,6432,90,5,99988
25758,6433,83,5,57341
25759,6433,60,2,91851
25760,6433,9,3,24385
25761,6434,48,5,56186
25762,6434,2,4,16956
25763,6434,53,1,58950
25764,6434,22,5,20870
25765,6434,46,1,39246
25766,6435,76,5,95956
25767,6435,23,2,13902
25768,6435,67,3,71990
25769,6436,40,2,63117
25770,6436,66,4,21309
25771,6436,91,5,87573
25772,6436,49,5,86790
25773,6437,90,3,99988
25774,6437,20,2,13940
25775,6437,74,1,60296
25776,6437,24,4,96972
25777,6438,61,5,83461
25778,6438,55,1,50282
25779,6438,82,1,40303
25780,6438,97,5,24578
25781,6438,57,4,87341
25782,6439,88,4,82751
25783,6439,34,4,71809
25784,6439,10,4,15030
25785,6440,60,1,91851
25786,6440,44,1,55170
25787,6440,77,5,62543
25788,6441,17,2,32785
25789,6441,87,1,47322
25790,6441,79,2,37051
25791,6441,31,5,25080
25792,6442,38,5,89599
25793,6442,11,3,42580
25794,6442,98,5,88669
25795,6442,94,3,54643
25796,6443,16,2,21730
25797,6443,91,1,87573
25798,6443,26,4,47395
25799,6443,29,4,27367
25800,6443,24,1,96972
25801,6444,34,4,71809
25802,6444,59,4,68303
25803,6444,72,5,53594
25804,6444,2,1,16956
25805,6445,21,3,33591
25806,6445,66,5,21309
25807,6445,94,4,54643
25808,6445,2,2,16956
25809,6445,34,4,71809
25810,6446,81,3,69446
25811,6446,58,3,66996
25812,6446,9,3,24385
25813,6446,70,4,16773
25814,6446,64,4,18863
25815,6447,62,4,39951
25816,6447,76,4,95956
25817,6447,8,1,71394
25818,6448,66,3,21309
25819,6448,93,1,25266
25820,6448,76,3,95956
25821,6448,39,2,30610
25822,6449,45,4,89685
25823,6449,61,1,83461
25824,6449,60,1,91851
25825,6450,19,4,24844
25826,6450,37,5,31314
25827,6450,82,3,40303
25828,6450,79,4,37051
25829,6450,28,5,53426
25830,6451,46,2,39246
25831,6451,75,2,31489
25832,6451,90,4,99988
25833,6452,58,3,66996
25834,6452,52,2,47423
25835,6452,23,3,13902
25836,6453,91,4,87573
25837,6453,60,5,91851
25838,6453,77,2,62543
25839,6454,96,4,93706
25840,6454,24,2,96972
25841,6454,5,5,35124
25842,6455,84,1,78759
25843,6455,70,5,16773
25844,6455,26,2,47395
25845,6455,18,3,49881
25846,6456,27,3,85161
25847,6456,63,3,59829
25848,6456,64,5,18863
25849,6456,33,1,67163
25850,6457,99,5,64203
25851,6457,66,2,21309
25852,6457,49,5,86790
25853,6457,6,2,23328
25854,6457,32,3,82134
25855,6458,59,4,68303
25856,6458,69,5,66333
25857,6458,45,5,89685
25858,6458,76,1,95956
25859,6458,10,2,15030
25860,6459,9,1,24385
25861,6459,11,1,42580
25862,6459,53,3,58950
25863,6460,98,1,88669
25864,6460,20,1,13940
25865,6460,48,2,56186
25866,6461,19,4,24844
25867,6461,20,5,13940
25868,6461,67,1,71990
25869,6461,95,5,10177
25870,6461,14,2,61112
25871,6462,17,4,32785
25872,6462,84,4,78759
25873,6462,68,1,92995
25874,6462,2,1,16956
25875,6462,63,2,59829
25876,6463,48,2,56186
25877,6463,49,4,86790
25878,6463,2,3,16956
25879,6463,97,3,24578
25880,6463,94,3,54643
25881,6464,59,4,68303
25882,6464,99,3,64203
25883,6464,9,3,24385
25884,6465,3,1,92869
25885,6465,71,4,62771
25886,6465,6,3,23328
25887,6465,80,1,14416
25888,6466,13,3,60825
25889,6466,65,5,95196
25890,6466,54,5,55716
25891,6466,71,3,62771
25892,6466,44,2,55170
25893,6467,49,5,86790
25894,6467,63,2,59829
25895,6467,89,3,99643
25896,6467,45,1,89685
25897,6468,79,3,37051
25898,6468,67,2,71990
25899,6468,64,2,18863
25900,6468,3,3,92869
25901,6468,82,1,40303
25902,6469,57,4,87341
25903,6469,6,2,23328
25904,6469,24,1,96972
25905,6470,96,1,93706
25906,6470,39,3,30610
25907,6470,59,3,68303
25908,6471,47,1,38951
25909,6471,1,1,77345
25910,6471,61,1,83461
25911,6471,86,2,33028
25912,6471,50,1,53007
25913,6472,37,5,31314
25914,6472,66,1,21309
25915,6472,94,1,54643
25916,6473,17,3,32785
25917,6473,61,4,83461
25918,6473,38,2,89599
25919,6473,89,3,99643
25920,6474,48,4,56186
25921,6474,39,5,30610
25922,6474,49,4,86790
25923,6474,63,2,59829
25924,6475,41,4,16916
25925,6475,70,1,16773
25926,6475,20,2,13940
25927,6475,90,2,99988
25928,6475,85,2,49747
25929,6476,44,1,55170
25930,6476,35,4,27106
25931,6476,9,5,24385
25932,6476,42,5,44615
25933,6477,35,5,27106
25934,6477,24,3,96972
25935,6477,49,2,86790
25936,6477,28,1,53426
25937,6478,2,1,16956
25938,6478,58,2,66996
25939,6478,83,4,57341
25940,6478,14,4,61112
25941,6478,50,5,53007
25942,6479,8,5,71394
25943,6479,33,5,67163
25944,6479,46,3,39246
25945,6479,12,4,31257
25946,6480,29,4,27367
25947,6480,31,4,25080
25948,6480,26,1,47395
25949,6481,49,4,86790
25950,6481,83,4,57341
25951,6481,69,4,66333
25952,6481,8,5,71394
25953,6482,60,3,91851
25954,6482,99,3,64203
25955,6482,49,5,86790
25956,6482,72,4,53594
25957,6482,3,4,92869
25958,6483,38,5,89599
25959,6483,6,2,23328
25960,6483,32,5,82134
25961,6483,97,5,24578
25962,6484,11,4,42580
25963,6484,29,2,27367
25964,6484,85,2,49747
25965,6484,92,5,43974
25966,6485,100,2,55240
25967,6485,80,3,14416
25968,6485,6,5,23328
25969,6485,64,3,18863
25970,6486,8,2,71394
25971,6486,3,4,92869
25972,6486,92,1,43974
25973,6486,73,1,58762
25974,6487,73,5,58762
25975,6487,97,1,24578
25976,6487,69,1,66333
25977,6487,24,2,96972
25978,6487,81,1,69446
25979,6488,14,2,61112
25980,6488,68,3,92995
25981,6488,47,4,38951
25982,6489,15,4,59265
25983,6489,54,5,55716
25984,6489,94,5,54643
25985,6489,53,3,58950
25986,6489,74,2,60296
25987,6490,5,3,35124
25988,6490,81,4,69446
25989,6490,74,2,60296
25990,6490,54,1,55716
25991,6490,73,1,58762
25992,6491,70,4,16773
25993,6491,7,1,51167
25994,6491,2,2,16956
25995,6491,91,3,87573
25996,6492,20,2,13940
25997,6492,64,2,18863
25998,6492,26,4,47395
25999,6493,72,3,53594
26000,6493,4,1,72183
26001,6493,62,5,39951
26002,6493,26,5,47395
26003,6494,47,4,38951
26004,6494,40,4,63117
26005,6494,76,2,95956
26006,6495,12,5,31257
26007,6495,17,1,32785
26008,6495,37,4,31314
26009,6495,27,2,85161
26010,6496,20,3,13940
26011,6496,90,2,99988
26012,6496,99,4,64203
26013,6497,30,4,22486
26014,6497,96,2,93706
26015,6497,92,1,43974
26016,6497,76,3,95956
26017,6497,55,5,50282
26018,6498,43,5,37544
26019,6498,74,5,60296
26020,6498,20,2,13940
26021,6498,9,3,24385
26022,6498,49,2,86790
26023,6499,81,1,69446
26024,6499,7,5,51167
26025,6499,59,2,68303
26026,6499,74,3,60296
26027,6500,17,5,32785
26028,6500,40,4,63117
26029,6500,41,1,16916
26030,6501,58,3,66996
26031,6501,70,4,16773
26032,6501,50,5,53007
26033,6501,92,3,43974
26034,6501,99,5,64203
26035,6502,92,3,43974
26036,6502,94,1,54643
26037,6502,12,2,31257
26038,6502,67,3,71990
26039,6503,24,5,96972
26040,6503,28,2,53426
26041,6503,32,4,82134
26042,6504,12,3,31257
26043,6504,64,4,18863
26044,6504,38,5,89599
26045,6505,63,2,59829
26046,6505,27,3,85161
26047,6505,25,2,95530
26048,6505,2,2,16956
26049,6506,2,4,16956
26050,6506,98,4,88669
26051,6506,32,5,82134
26052,6507,54,4,55716
26053,6507,61,5,83461
26054,6507,65,1,95196
26055,6507,71,5,62771
26056,6508,90,2,99988
26057,6508,48,3,56186
26058,6508,8,5,71394
26059,6509,47,1,38951
26060,6509,15,2,59265
26061,6509,61,3,83461
26062,6509,2,3,16956
26063,6510,74,1,60296
26064,6510,77,3,62543
26065,6510,54,2,55716
26066,6510,58,4,66996
26067,6510,27,5,85161
26068,6511,92,4,43974
26069,6511,22,5,20870
26070,6511,69,4,66333
26071,6511,95,4,10177
26072,6512,39,5,30610
26073,6512,78,5,21761
26074,6512,22,5,20870
26075,6513,88,4,82751
26076,6513,35,4,27106
26077,6513,83,1,57341
26078,6513,90,5,99988
26079,6514,48,3,56186
26080,6514,89,4,99643
26081,6514,6,1,23328
26082,6514,88,5,82751
26083,6514,41,2,16916
26084,6515,84,1,78759
26085,6515,28,2,53426
26086,6515,78,3,21761
26087,6515,16,4,21730
26088,6516,66,3,21309
26089,6516,40,4,63117
26090,6516,34,1,71809
26091,6517,98,2,88669
26092,6517,60,1,91851
26093,6517,44,4,55170
26094,6517,2,5,16956
26095,6518,38,3,89599
26096,6518,89,1,99643
26097,6518,78,3,21761
26098,6519,46,4,39246
26099,6519,9,5,24385
26100,6519,98,5,88669
26101,6519,4,3,72183
26102,6520,52,1,47423
26103,6520,68,2,92995
26104,6520,99,5,64203
26105,6520,73,1,58762
26106,6521,29,1,27367
26107,6521,47,2,38951
26108,6521,4,1,72183
26109,6521,26,5,47395
26110,6522,71,5,62771
26111,6522,11,2,42580
26112,6522,29,5,27367
26113,6522,48,4,56186
26114,6522,10,2,15030
26115,6523,13,4,60825
26116,6523,100,2,55240
26117,6523,60,2,91851
26118,6523,88,4,82751
26119,6523,91,1,87573
26120,6524,7,3,51167
26121,6524,70,2,16773
26122,6524,23,3,13902
26123,6524,22,3,20870
26124,6524,67,3,71990
26125,6525,95,1,10177
26126,6525,60,5,91851
26127,6525,17,1,32785
26128,6525,30,3,22486
26129,6526,2,3,16956
26130,6526,81,5,69446
26131,6526,59,4,68303
26132,6526,21,4,33591
26133,6526,30,1,22486
26134,6527,68,5,92995
26135,6527,62,3,39951
26136,6527,53,5,58950
26137,6527,92,2,43974
26138,6528,58,3,66996
26139,6528,80,3,14416
26140,6528,22,3,20870
26141,6528,72,4,53594
26142,6528,83,1,57341
26143,6529,93,4,25266
26144,6529,92,5,43974
26145,6529,63,1,59829
26146,6530,27,3,85161
26147,6530,94,3,54643
26148,6530,36,5,50269
26149,6531,82,3,40303
26150,6531,93,5,25266
26151,6531,88,2,82751
26152,6531,2,1,16956
26153,6531,39,3,30610
26154,6532,22,3,20870
26155,6532,84,2,78759
26156,6532,2,5,16956
26157,6533,18,5,49881
26158,6533,38,4,89599
26159,6533,71,5,62771
26160,6533,27,4,85161
26161,6534,67,1,71990
26162,6534,48,4,56186
26163,6534,34,2,71809
26164,6534,3,4,92869
26165,6534,62,4,39951
26166,6535,82,5,40303
26167,6535,12,3,31257
26168,6535,31,4,25080
26169,6536,4,4,72183
26170,6536,20,3,13940
26171,6536,24,1,96972
26172,6536,47,5,38951
26173,6537,27,3,85161
26174,6537,70,5,16773
26175,6537,5,1,35124
26176,6537,86,1,33028
26177,6537,56,1,13545
26178,6538,93,4,25266
26179,6538,1,3,77345
26180,6538,58,2,66996
26181,6538,23,3,13902
26182,6539,38,2,89599
26183,6539,67,3,71990
26184,6539,65,1,95196
26185,6539,45,4,89685
26186,6539,36,3,50269
26187,6540,98,1,88669
26188,6540,15,2,59265
26189,6540,77,3,62543
26190,6541,16,1,21730
26191,6541,76,4,95956
26192,6541,12,3,31257
26193,6541,68,1,92995
26194,6542,63,2,59829
26195,6542,8,5,71394
26196,6542,67,5,71990
26197,6542,19,1,24844
26198,6542,12,2,31257
26199,6543,6,1,23328
26200,6543,25,5,95530
26201,6543,63,1,59829
26202,6544,82,5,40303
26203,6544,63,2,59829
26204,6544,88,4,82751
26205,6544,15,2,59265
26206,6545,82,3,40303
26207,6545,22,2,20870
26208,6545,10,5,15030
26209,6546,15,4,59265
26210,6546,61,4,83461
26211,6546,79,3,37051
26212,6546,97,3,24578
26213,6547,83,2,57341
26214,6547,100,2,55240
26215,6547,12,3,31257
26216,6548,3,4,92869
26217,6548,79,1,37051
26218,6548,67,4,71990
26219,6548,88,4,82751
26220,6548,17,5,32785
26221,6549,67,3,71990
26222,6549,55,1,50282
26223,6549,62,4,39951
26224,6549,1,5,77345
26225,6550,31,3,25080
26226,6550,11,3,42580
26227,6550,50,3,53007
26228,6550,38,3,89599
26229,6550,27,2,85161
26230,6551,58,4,66996
26231,6551,76,2,95956
26232,6551,59,2,68303
26233,6551,90,3,99988
26234,6551,13,4,60825
26235,6552,93,2,25266
26236,6552,69,5,66333
26237,6552,81,2,69446
26238,6552,67,4,71990
26239,6552,5,1,35124
26240,6553,97,5,24578
26241,6553,66,3,21309
26242,6553,22,2,20870
26243,6553,19,2,24844
26244,6554,30,2,22486
26245,6554,77,3,62543
26246,6554,10,4,15030
26247,6554,81,1,69446
26248,6555,48,4,56186
26249,6555,4,3,72183
26250,6555,24,5,96972
26251,6555,51,4,22310
26252,6556,78,1,21761
26253,6556,82,3,40303
26254,6556,99,5,64203
26255,6556,94,2,54643
26256,6556,24,1,96972
26257,6557,32,3,82134
26258,6557,5,2,35124
26259,6557,56,2,13545
26260,6557,41,5,16916
26261,6557,27,2,85161
26262,6558,60,3,91851
26263,6558,17,4,32785
26264,6558,45,5,89685
26265,6558,5,5,35124
26266,6559,17,4,32785
26267,6559,47,2,38951
26268,6559,34,5,71809
26269,6559,58,2,66996
26270,6560,86,2,33028
26271,6560,96,1,93706
26272,6560,70,2,16773
26273,6560,2,2,16956
26274,6560,53,5,58950
26275,6561,42,4,44615
26276,6561,11,2,42580
26277,6561,29,3,27367
26278,6561,89,3,99643
26279,6561,16,1,21730
26280,6562,95,3,10177
26281,6562,52,1,47423
26282,6562,35,2,27106
26283,6563,84,1,78759
26284,6563,18,3,49881
26285,6563,59,1,68303
26286,6563,87,5,47322
26287,6564,51,1,22310
26288,6564,89,4,99643
26289,6564,19,3,24844
26290,6564,14,1,61112
26291,6565,75,3,31489
26292,6565,20,1,13940
26293,6565,80,2,14416
26294,6566,76,3,95956
26295,6566,70,2,16773
26296,6566,96,1,93706
26297,6566,33,3,67163
26298,6566,82,4,40303
26299,6567,33,4,67163
26300,6567,66,2,21309
26301,6567,96,1,93706
26302,6568,20,2,13940
26303,6568,34,4,71809
26304,6568,3,3,92869
26305,6568,87,5,47322
26306,6568,28,2,53426
26307,6569,63,4,59829
26308,6569,12,5,31257
26309,6569,98,5,88669
26310,6569,9,1,24385
26311,6570,68,3,92995
26312,6570,95,4,10177
26313,6570,1,3,77345
26314,6571,71,3,62771
26315,6571,93,3,25266
26316,6571,67,2,71990
26317,6572,39,5,30610
26318,6572,81,3,69446
26319,6572,3,5,92869
26320,6572,86,3,33028
26321,6572,88,3,82751
26322,6573,44,1,55170
26323,6573,21,3,33591
26324,6573,23,1,13902
26325,6573,92,4,43974
26326,6574,47,5,38951
26327,6574,17,3,32785
26328,6574,85,1,49747
26329,6575,92,2,43974
26330,6575,49,3,86790
26331,6575,86,5,33028
26332,6575,66,5,21309
26333,6576,81,4,69446
26334,6576,45,4,89685
26335,6576,86,1,33028
26336,6576,2,3,16956
26337,6577,18,5,49881
26338,6577,36,4,50269
26339,6577,42,1,44615
26340,6577,45,3,89685
26341,6577,53,1,58950
26342,6578,37,3,31314
26343,6578,96,1,93706
26344,6578,68,1,92995
26345,6579,71,2,62771
26346,6579,4,5,72183
26347,6579,64,2,18863
26348,6580,79,2,37051
26349,6580,47,5,38951
26350,6580,10,3,15030
26351,6581,78,3,21761
26352,6581,66,3,21309
26353,6581,83,1,57341
26354,6581,54,4,55716
26355,6582,10,2,15030
26356,6582,22,2,20870
26357,6582,56,4,13545
26358,6582,91,1,87573
26359,6582,43,4,37544
26360,6583,10,2,15030
26361,6583,57,5,87341
26362,6583,28,2,53426
26363,6583,8,4,71394
26364,6583,73,4,58762
26365,6584,83,5,57341
26366,6584,53,5,58950
26367,6584,60,5,91851
26368,6584,84,4,78759
26369,6585,84,5,78759
26370,6585,9,4,24385
26371,6585,74,3,60296
26372,6586,33,2,67163
26373,6586,45,3,89685
26374,6586,19,4,24844
26375,6586,68,5,92995
26376,6587,31,5,25080
26377,6587,23,1,13902
26378,6587,65,5,95196
26379,6587,68,4,92995
26380,6588,44,4,55170
26381,6588,73,3,58762
26382,6588,41,2,16916
26383,6588,47,3,38951
26384,6588,25,3,95530
26385,6589,62,2,39951
26386,6589,55,2,50282
26387,6589,22,3,20870
26388,6590,38,3,89599
26389,6590,59,3,68303
26390,6590,51,1,22310
26391,6591,87,2,47322
26392,6591,99,1,64203
26393,6591,64,3,18863
26394,6592,33,4,67163
26395,6592,52,1,47423
26396,6592,5,4,35124
26397,6592,53,2,58950
26398,6592,2,1,16956
26399,6593,72,5,53594
26400,6593,30,3,22486
26401,6593,51,3,22310
26402,6594,69,5,66333
26403,6594,78,1,21761
26404,6594,35,4,27106
26405,6594,20,5,13940
26406,6594,25,4,95530
26407,6595,38,2,89599
26408,6595,89,3,99643
26409,6595,98,5,88669
26410,6595,69,4,66333
26411,6595,9,5,24385
26412,6596,74,2,60296
26413,6596,9,3,24385
26414,6596,51,5,22310
26415,6596,26,2,47395
26416,6596,12,1,31257
26417,6597,84,4,78759
26418,6597,65,2,95196
26419,6597,85,5,49747
26420,6597,12,1,31257
26421,6598,14,1,61112
26422,6598,91,4,87573
26423,6598,78,4,21761
26424,6598,86,1,33028
26425,6599,94,4,54643
26426,6599,65,5,95196
26427,6599,30,5,22486
26428,6599,8,4,71394
26429,6600,21,1,33591
26430,6600,81,3,69446
26431,6600,10,2,15030
26432,6600,16,1,21730
26433,6601,18,2,49881
26434,6601,20,2,13940
26435,6601,41,3,16916
26436,6601,82,3,40303
26437,6601,79,3,37051
26438,6602,42,2,44615
26439,6602,89,3,99643
26440,6602,17,3,32785
26441,6602,39,2,30610
26442,6602,82,4,40303
26443,6603,15,2,59265
26444,6603,88,4,82751
26445,6603,63,1,59829
26446,6603,90,5,99988
26447,6603,97,4,24578
26448,6604,12,5,31257
26449,6604,41,2,16916
26450,6604,10,3,15030
26451,6605,10,5,15030
26452,6605,56,1,13545
26453,6605,43,1,37544
26454,6606,83,1,57341
26455,6606,20,3,13940
26456,6606,4,1,72183
26457,6607,79,5,37051
26458,6607,30,4,22486
26459,6607,31,5,25080
26460,6608,3,1,92869
26461,6608,57,2,87341
26462,6608,6,5,23328
26463,6609,76,4,95956
26464,6609,48,2,56186
26465,6609,79,2,37051
26466,6610,63,5,59829
26467,6610,95,2,10177
26468,6610,67,3,71990
26469,6610,59,4,68303
26470,6611,56,4,13545
26471,6611,87,1,47322
26472,6611,9,1,24385
26473,6612,24,2,96972
26474,6612,93,2,25266
26475,6612,44,4,55170
26476,6612,22,4,20870
26477,6612,42,3,44615
26478,6613,50,4,53007
26479,6613,54,4,55716
26480,6613,89,3,99643
26481,6613,45,2,89685
26482,6613,69,5,66333
26483,6614,33,2,67163
26484,6614,7,3,51167
26485,6614,18,1,49881
26486,6614,92,2,43974
26487,6614,66,4,21309
26488,6615,90,1,99988
26489,6615,88,1,82751
26490,6615,52,4,47423
26491,6616,37,3,31314
26492,6616,6,5,23328
26493,6616,72,2,53594
26494,6616,50,4,53007
26495,6616,58,5,66996
26496,6617,25,5,95530
26497,6617,75,3,31489
26498,6617,41,3,16916
26499,6618,3,2,92869
26500,6618,80,5,14416
26501,6618,54,4,55716
26502,6619,90,5,99988
26503,6619,88,3,82751
26504,6619,58,1,66996
26505,6619,40,1,63117
26506,6620,43,5,37544
26507,6620,8,2,71394
26508,6620,64,4,18863
26509,6620,79,4,37051
26510,6620,87,1,47322
26511,6621,3,5,92869
26512,6621,40,2,63117
26513,6621,13,5,60825
26514,6622,82,2,40303
26515,6622,19,3,24844
26516,6622,33,4,67163
26517,6623,9,3,24385
26518,6623,40,5,63117
26519,6623,12,5,31257
26520,6623,46,3,39246
26521,6623,28,4,53426
26522,6624,50,2,53007
26523,6624,75,5,31489
26524,6624,4,1,72183
26525,6625,45,2,89685
26526,6625,33,5,67163
26527,6625,49,3,86790
26528,6625,27,2,85161
26529,6626,31,4,25080
26530,6626,45,4,89685
26531,6626,93,4,25266
26532,6626,63,3,59829
26533,6626,22,4,20870
26534,6627,83,3,57341
26535,6627,88,4,82751
26536,6627,11,5,42580
26537,6627,8,3,71394
26538,6627,29,2,27367
26539,6628,7,2,51167
26540,6628,10,2,15030
26541,6628,75,4,31489
26542,6628,43,2,37544
26543,6628,96,4,93706
26544,6629,77,2,62543
26545,6629,82,1,40303
26546,6629,89,2,99643
26547,6629,87,2,47322
26548,6630,40,5,63117
26549,6630,26,5,47395
26550,6630,38,3,89599
26551,6631,99,4,64203
26552,6631,71,4,62771
26553,6631,35,5,27106
26554,6632,86,1,33028
26555,6632,1,4,77345
26556,6632,71,3,62771
26557,6633,70,3,16773
26558,6633,92,4,43974
26559,6633,61,1,83461
26560,6633,84,2,78759
26561,6633,67,5,71990
26562,6634,61,3,83461
26563,6634,31,3,25080
26564,6634,6,1,23328
26565,6634,75,4,31489
26566,6634,14,4,61112
26567,6635,56,4,13545
26568,6635,84,3,78759
26569,6635,27,4,85161
26570,6635,79,3,37051
26571,6636,50,3,53007
26572,6636,62,3,39951
26573,6636,73,4,58762
26574,6636,49,4,86790
26575,6637,43,1,37544
26576,6637,1,2,77345
26577,6637,6,2,23328
26578,6637,61,2,83461
26579,6638,72,4,53594
26580,6638,80,1,14416
26581,6638,56,4,13545
26582,6639,21,5,33591
26583,6639,18,2,49881
26584,6639,50,4,53007
26585,6639,3,1,92869
26586,6640,73,2,58762
26587,6640,30,3,22486
26588,6640,56,3,13545
26589,6641,95,1,10177
26590,6641,17,3,32785
26591,6641,77,3,62543
26592,6641,14,2,61112
26593,6642,85,3,49747
26594,6642,11,1,42580
26595,6642,66,3,21309
26596,6642,59,2,68303
26597,6643,11,1,42580
26598,6643,9,1,24385
26599,6643,95,1,10177
26600,6643,72,3,53594
26601,6644,23,1,13902
26602,6644,79,4,37051
26603,6644,45,2,89685
26604,6644,18,5,49881
26605,6645,88,2,82751
26606,6645,36,1,50269
26607,6645,85,4,49747
26608,6646,10,2,15030
26609,6646,20,3,13940
26610,6646,78,5,21761
26611,6646,64,1,18863
26612,6646,73,2,58762
26613,6647,82,5,40303
26614,6647,22,1,20870
26615,6647,1,4,77345
26616,6647,100,3,55240
26617,6647,66,1,21309
26618,6648,40,1,63117
26619,6648,90,2,99988
26620,6648,95,3,10177
26621,6648,62,4,39951
26622,6648,60,3,91851
26623,6649,6,4,23328
26624,6649,55,2,50282
26625,6649,100,2,55240
26626,6649,14,5,61112
26627,6649,26,4,47395
26628,6650,57,5,87341
26629,6650,83,5,57341
26630,6650,14,2,61112
26631,6650,21,3,33591
26632,6651,52,2,47423
26633,6651,47,3,38951
26634,6651,71,3,62771
26635,6651,11,3,42580
26636,6652,36,5,50269
26637,6652,81,4,69446
26638,6652,16,2,21730
26639,6652,49,1,86790
26640,6652,68,3,92995
26641,6653,7,4,51167
26642,6653,72,2,53594
26643,6653,92,1,43974
26644,6654,15,3,59265
26645,6654,78,2,21761
26646,6654,3,2,92869
26647,6655,27,3,85161
26648,6655,50,2,53007
26649,6655,38,4,89599
26650,6656,21,5,33591
26651,6656,75,2,31489
26652,6656,79,1,37051
26653,6656,69,2,66333
26654,6656,32,5,82134
26655,6657,99,5,64203
26656,6657,66,3,21309
26657,6657,31,3,25080
26658,6657,35,5,27106
26659,6657,18,5,49881
26660,6658,75,1,31489
26661,6658,98,2,88669
26662,6658,19,4,24844
26663,6658,17,1,32785
26664,6658,5,5,35124
26665,6659,69,4,66333
26666,6659,66,1,21309
26667,6659,89,2,99643
26668,6659,60,1,91851
26669,6659,11,4,42580
26670,6660,23,1,13902
26671,6660,72,4,53594
26672,6660,99,4,64203
26673,6660,55,2,50282
26674,6660,92,2,43974
26675,6661,82,1,40303
26676,6661,46,5,39246
26677,6661,42,3,44615
26678,6662,73,3,58762
26679,6662,45,4,89685
26680,6662,100,1,55240
26681,6662,66,1,21309
26682,6663,28,5,53426
26683,6663,1,1,77345
26684,6663,43,1,37544
26685,6663,36,3,50269
26686,6663,30,1,22486
26687,6664,22,5,20870
26688,6664,7,2,51167
26689,6664,25,2,95530
26690,6664,23,3,13902
26691,6664,33,4,67163
26692,6665,69,2,66333
26693,6665,72,5,53594
26694,6665,78,2,21761
26695,6666,5,5,35124
26696,6666,84,3,78759
26697,6666,81,4,69446
26698,6666,90,1,99988
26699,6666,78,3,21761
26700,6667,62,4,39951
26701,6667,50,2,53007
26702,6667,46,5,39246
26703,6667,86,3,33028
26704,6668,44,3,55170
26705,6668,65,5,95196
26706,6668,41,1,16916
26707,6668,31,2,25080
26708,6668,29,3,27367
26709,6669,26,4,47395
26710,6669,7,3,51167
26711,6669,79,2,37051
26712,6669,88,5,82751
26713,6670,14,3,61112
26714,6670,34,1,71809
26715,6670,71,1,62771
26716,6670,37,4,31314
26717,6670,96,1,93706
26718,6671,66,4,21309
26719,6671,48,5,56186
26720,6671,21,4,33591
26721,6671,22,2,20870
26722,6672,6,5,23328
26723,6672,32,2,82134
26724,6672,52,5,47423
26725,6672,16,1,21730
26726,6672,43,3,37544
26727,6673,24,2,96972
26728,6673,57,2,87341
26729,6673,39,4,30610
26730,6673,79,2,37051
26731,6674,70,1,16773
26732,6674,34,5,71809
26733,6674,54,4,55716
26734,6674,62,3,39951
26735,6675,62,1,39951
26736,6675,34,4,71809
26737,6675,33,5,67163
26738,6675,85,2,49747
26739,6676,30,4,22486
26740,6676,74,1,60296
26741,6676,22,3,20870
26742,6676,96,1,93706
26743,6676,57,2,87341
26744,6677,47,2,38951
26745,6677,50,4,53007
26746,6677,93,1,25266
26747,6677,5,5,35124
26748,6677,69,2,66333
26749,6678,72,1,53594
26750,6678,45,1,89685
26751,6678,50,2,53007
26752,6678,33,5,67163
26753,6678,57,3,87341
26754,6679,16,5,21730
26755,6679,21,5,33591
26756,6679,34,1,71809
26757,6680,91,5,87573
26758,6680,1,2,77345
26759,6680,26,5,47395
26760,6681,28,5,53426
26761,6681,18,5,49881
26762,6681,22,4,20870
26763,6682,62,2,39951
26764,6682,94,3,54643
26765,6682,9,1,24385
26766,6683,60,2,91851
26767,6683,97,1,24578
26768,6683,36,1,50269
26769,6683,24,4,96972
26770,6684,27,2,85161
26771,6684,91,1,87573
26772,6684,33,1,67163
26773,6685,3,5,92869
26774,6685,45,1,89685
26775,6685,38,2,89599
26776,6685,30,1,22486
26777,6685,20,5,13940
26778,6686,45,1,89685
26779,6686,90,1,99988
26780,6686,51,2,22310
26781,6686,8,5,71394
26782,6686,37,4,31314
26783,6687,44,4,55170
26784,6687,83,5,57341
26785,6687,87,4,47322
26786,6688,50,3,53007
26787,6688,3,5,92869
26788,6688,49,3,86790
26789,6688,30,1,22486
26790,6688,69,4,66333
26791,6689,64,5,18863
26792,6689,56,2,13545
26793,6689,76,2,95956
26794,6690,5,1,35124
26795,6690,23,2,13902
26796,6690,46,2,39246
26797,6690,50,4,53007
26798,6691,18,5,49881
26799,6691,99,3,64203
26800,6691,57,4,87341
26801,6692,9,2,24385
26802,6692,89,2,99643
26803,6692,13,2,60825
26804,6692,93,3,25266
26805,6692,24,2,96972
26806,6693,55,4,50282
26807,6693,81,3,69446
26808,6693,9,3,24385
26809,6693,52,1,47423
26810,6693,20,3,13940
26811,6694,32,3,82134
26812,6694,87,4,47322
26813,6694,92,3,43974
26814,6695,82,2,40303
26815,6695,80,4,14416
26816,6695,81,3,69446
26817,6695,54,3,55716
26818,6696,91,5,87573
26819,6696,8,2,71394
26820,6696,19,5,24844
26821,6696,93,4,25266
26822,6696,82,2,40303
26823,6697,59,4,68303
26824,6697,80,2,14416
26825,6697,92,1,43974
26826,6698,95,4,10177
26827,6698,42,4,44615
26828,6698,69,5,66333
26829,6698,6,2,23328
26830,6699,100,5,55240
26831,6699,31,5,25080
26832,6699,19,1,24844
26833,6699,71,1,62771
26834,6699,83,3,57341
26835,6700,60,5,91851
26836,6700,83,1,57341
26837,6700,92,3,43974
26838,6700,88,4,82751
26839,6700,70,3,16773
26840,6701,3,2,92869
26841,6701,80,1,14416
26842,6701,83,1,57341
26843,6701,65,1,95196
26844,6701,45,2,89685
26845,6702,72,2,53594
26846,6702,15,3,59265
26847,6702,9,3,24385
26848,6703,72,5,53594
26849,6703,45,5,89685
26850,6703,68,3,92995
26851,6704,74,5,60296
26852,6704,85,2,49747
26853,6704,51,4,22310
26854,6705,31,5,25080
26855,6705,98,5,88669
26856,6705,25,5,95530
26857,6706,64,1,18863
26858,6706,12,5,31257
26859,6706,39,1,30610
26860,6707,78,4,21761
26861,6707,76,1,95956
26862,6707,98,1,88669
26863,6707,91,1,87573
26864,6707,13,3,60825
26865,6708,31,5,25080
26866,6708,12,5,31257
26867,6708,9,5,24385
26868,6709,98,5,88669
26869,6709,19,3,24844
26870,6709,97,2,24578
26871,6710,95,2,10177
26872,6710,69,3,66333
26873,6710,13,3,60825
26874,6710,29,1,27367
26875,6711,78,2,21761
26876,6711,14,1,61112
26877,6711,28,4,53426
26878,6711,58,4,66996
26879,6711,68,5,92995
26880,6712,91,2,87573
26881,6712,34,2,71809
26882,6712,6,1,23328
26883,6713,62,1,39951
26884,6713,26,4,47395
26885,6713,22,4,20870
26886,6714,88,5,82751
26887,6714,15,2,59265
26888,6714,89,1,99643
26889,6714,66,1,21309
26890,6714,54,2,55716
26891,6715,44,5,55170
26892,6715,66,3,21309
26893,6715,39,4,30610
26894,6715,83,3,57341
26895,6715,43,3,37544
26896,6716,39,3,30610
26897,6716,83,3,57341
26898,6716,74,4,60296
26899,6716,49,2,86790
26900,6717,75,1,31489
26901,6717,71,4,62771
26902,6717,74,4,60296
26903,6717,84,2,78759
26904,6718,83,2,57341
26905,6718,39,2,30610
26906,6718,14,1,61112
26907,6718,56,3,13545
26908,6718,92,2,43974
26909,6719,34,2,71809
26910,6719,92,4,43974
26911,6719,94,5,54643
26912,6719,28,5,53426
26913,6720,48,4,56186
26914,6720,97,5,24578
26915,6720,25,2,95530
26916,6720,61,1,83461
26917,6720,32,5,82134
26918,6721,95,2,10177
26919,6721,56,4,13545
26920,6721,9,4,24385
26921,6721,78,3,21761
26922,6721,18,2,49881
26923,6722,28,4,53426
26924,6722,41,2,16916
26925,6722,38,4,89599
26926,6722,73,2,58762
26927,6723,17,4,32785
26928,6723,64,4,18863
26929,6723,32,5,82134
26930,6723,5,2,35124
26931,6723,54,5,55716
26932,6724,41,3,16916
26933,6724,50,3,53007
26934,6724,94,5,54643
26935,6725,47,3,38951
26936,6725,31,1,25080
26937,6725,8,2,71394
26938,6725,52,2,47423
26939,6725,76,1,95956
26940,6726,79,3,37051
26941,6726,71,3,62771
26942,6726,8,1,71394
26943,6726,20,1,13940
26944,6726,4,5,72183
26945,6727,52,5,47423
26946,6727,77,2,62543
26947,6727,36,5,50269
26948,6728,100,3,55240
26949,6728,4,2,72183
26950,6728,70,3,16773
26951,6728,86,2,33028
26952,6729,63,5,59829
26953,6729,5,2,35124
26954,6729,65,5,95196
26955,6729,99,2,64203
26956,6730,45,2,89685
26957,6730,98,5,88669
26958,6730,70,1,16773
26959,6731,90,4,99988
26960,6731,39,4,30610
26961,6731,25,1,95530
26962,6731,49,4,86790
26963,6731,53,5,58950
26964,6732,100,2,55240
26965,6732,61,1,83461
26966,6732,30,4,22486
26967,6732,79,5,37051
26968,6732,90,4,99988
26969,6733,4,1,72183
26970,6733,9,5,24385
26971,6733,19,5,24844
26972,6734,74,5,60296
26973,6734,21,2,33591
26974,6734,31,1,25080
26975,6735,21,4,33591
26976,6735,43,3,37544
26977,6735,20,1,13940
26978,6735,32,3,82134
26979,6735,88,1,82751
26980,6736,1,1,77345
26981,6736,2,1,16956
26982,6736,40,1,63117
26983,6736,96,4,93706
26984,6737,65,3,95196
26985,6737,82,5,40303
26986,6737,3,5,92869
26987,6738,60,5,91851
26988,6738,33,1,67163
26989,6738,43,5,37544
26990,6738,94,3,54643
26991,6739,100,1,55240
26992,6739,25,2,95530
26993,6739,16,4,21730
26994,6739,49,5,86790
26995,6739,66,3,21309
26996,6740,63,3,59829
26997,6740,14,5,61112
26998,6740,26,2,47395
26999,6740,60,5,91851
27000,6741,20,3,13940
27001,6741,75,1,31489
27002,6741,49,1,86790
27003,6741,42,1,44615
27004,6742,57,3,87341
27005,6742,48,1,56186
27006,6742,52,5,47423
27007,6743,50,2,53007
27008,6743,28,2,53426
27009,6743,32,3,82134
27010,6744,69,5,66333
27011,6744,99,1,64203
27012,6744,6,3,23328
27013,6744,85,2,49747
27014,6744,55,3,50282
27015,6745,49,1,86790
27016,6745,61,4,83461
27017,6745,46,4,39246
27018,6745,74,3,60296
27019,6746,44,3,55170
27020,6746,87,2,47322
27021,6746,41,4,16916
27022,6746,88,5,82751
27023,6747,65,5,95196
27024,6747,8,1,71394
27025,6747,95,3,10177
27026,6747,23,2,13902
27027,6747,10,3,15030
27028,6748,82,2,40303
27029,6748,71,1,62771
27030,6748,17,2,32785
27031,6748,31,1,25080
27032,6748,68,5,92995
27033,6749,53,2,58950
27034,6749,75,1,31489
27035,6749,27,5,85161
27036,6749,59,3,68303
27037,6750,86,5,33028
27038,6750,5,3,35124
27039,6750,65,1,95196
27040,6750,97,2,24578
27041,6750,31,1,25080
27042,6751,28,5,53426
27043,6751,5,1,35124
27044,6751,7,1,51167
27045,6751,71,2,62771
27046,6751,81,5,69446
27047,6752,3,5,92869
27048,6752,86,3,33028
27049,6752,83,4,57341
27050,6752,25,2,95530
27051,6752,1,4,77345
27052,6753,5,1,35124
27053,6753,100,3,55240
27054,6753,49,4,86790
27055,6753,6,2,23328
27056,6754,57,1,87341
27057,6754,95,2,10177
27058,6754,28,2,53426
27059,6755,8,1,71394
27060,6755,87,3,47322
27061,6755,86,5,33028
27062,6756,43,4,37544
27063,6756,69,2,66333
27064,6756,52,3,47423
27065,6757,26,5,47395
27066,6757,34,4,71809
27067,6757,45,2,89685
27068,6758,95,1,10177
27069,6758,9,3,24385
27070,6758,23,3,13902
27071,6758,90,1,99988
27072,6758,45,3,89685
27073,6759,64,5,18863
27074,6759,86,4,33028
27075,6759,84,4,78759
27076,6759,81,2,69446
27077,6760,10,4,15030
27078,6760,44,2,55170
27079,6760,76,4,95956
27080,6760,47,4,38951
27081,6761,41,2,16916
27082,6761,35,4,27106
27083,6761,18,3,49881
27084,6761,26,4,47395
27085,6761,53,5,58950
27086,6762,7,1,51167
27087,6762,83,1,57341
27088,6762,50,1,53007
27089,6762,88,2,82751
27090,6763,19,3,24844
27091,6763,17,2,32785
27092,6763,91,4,87573
27093,6763,30,4,22486
27094,6763,44,4,55170
27095,6764,32,5,82134
27096,6764,7,1,51167
27097,6764,20,1,13940
27098,6764,16,2,21730
27099,6765,83,2,57341
27100,6765,18,4,49881
27101,6765,27,5,85161
27102,6765,57,5,87341
27103,6765,55,2,50282
27104,6766,63,5,59829
27105,6766,43,5,37544
27106,6766,28,2,53426
27107,6766,47,2,38951
27108,6767,15,3,59265
27109,6767,8,4,71394
27110,6767,9,4,24385
27111,6767,51,4,22310
27112,6768,65,5,95196
27113,6768,83,3,57341
27114,6768,76,4,95956
27115,6768,59,2,68303
27116,6769,79,4,37051
27117,6769,61,4,83461
27118,6769,68,1,92995
27119,6770,43,3,37544
27120,6770,63,2,59829
27121,6770,10,2,15030
27122,6771,6,1,23328
27123,6771,59,5,68303
27124,6771,90,5,99988
27125,6771,10,4,15030
27126,6771,41,2,16916
27127,6772,71,4,62771
27128,6772,47,5,38951
27129,6772,35,2,27106
27130,6773,51,2,22310
27131,6773,69,1,66333
27132,6773,86,1,33028
27133,6773,52,5,47423
27134,6774,70,3,16773
27135,6774,22,2,20870
27136,6774,31,2,25080
27137,6774,40,2,63117
27138,6775,99,4,64203
27139,6775,97,3,24578
27140,6775,77,5,62543
27141,6775,72,5,53594
27142,6775,76,1,95956
27143,6776,73,5,58762
27144,6776,97,4,24578
27145,6776,67,1,71990
27146,6776,16,1,21730
27147,6777,95,1,10177
27148,6777,26,4,47395
27149,6777,76,5,95956
27150,6777,15,3,59265
27151,6778,40,5,63117
27152,6778,90,4,99988
27153,6778,23,3,13902
27154,6778,98,4,88669
27155,6779,47,2,38951
27156,6779,99,4,64203
27157,6779,35,4,27106
27158,6779,55,5,50282
27159,6780,27,2,85161
27160,6780,18,4,49881
27161,6780,79,5,37051
27162,6780,3,2,92869
27163,6780,44,5,55170
27164,6781,30,1,22486
27165,6781,91,1,87573
27166,6781,79,3,37051
27167,6781,18,4,49881
27168,6781,67,5,71990
27169,6782,67,5,71990
27170,6782,87,3,47322
27171,6782,96,3,93706
27172,6783,70,2,16773
27173,6783,69,5,66333
27174,6783,25,5,95530
27175,6783,8,4,71394
27176,6783,27,4,85161
27177,6784,35,3,27106
27178,6784,24,2,96972
27179,6784,84,5,78759
27180,6784,100,5,55240
27181,6785,4,5,72183
27182,6785,44,5,55170
27183,6785,40,2,63117
27184,6785,72,3,53594
27185,6786,32,4,82134
27186,6786,50,5,53007
27187,6786,90,1,99988
27188,6787,57,4,87341
27189,6787,18,1,49881
27190,6787,54,4,55716
27191,6787,22,3,20870
27192,6788,72,2,53594
27193,6788,44,2,55170
27194,6788,33,1,67163
27195,6789,100,2,55240
27196,6789,36,3,50269
27197,6789,88,4,82751
27198,6789,77,5,62543
27199,6790,88,3,82751
27200,6790,18,4,49881
27201,6790,30,3,22486
27202,6791,43,2,37544
27203,6791,20,5,13940
27204,6791,16,2,21730
27205,6791,87,1,47322
27206,6792,58,4,66996
27207,6792,62,3,39951
27208,6792,89,3,99643
27209,6792,12,2,31257
27210,6793,38,1,89599
27211,6793,82,4,40303
27212,6793,24,1,96972
27213,6793,23,2,13902
27214,6794,82,3,40303
27215,6794,60,4,91851
27216,6794,84,4,78759
27217,6794,13,3,60825
27218,6794,29,2,27367
27219,6795,7,1,51167
27220,6795,40,3,63117
27221,6795,27,1,85161
27222,6795,90,2,99988
27223,6795,98,1,88669
27224,6796,20,5,13940
27225,6796,94,2,54643
27226,6796,69,4,66333
27227,6797,40,1,63117
27228,6797,78,5,21761
27229,6797,13,1,60825
27230,6797,45,2,89685
27231,6797,41,2,16916
27232,6798,61,2,83461
27233,6798,74,3,60296
27234,6798,23,5,13902
27235,6798,20,3,13940
27236,6798,33,1,67163
27237,6799,80,5,14416
27238,6799,19,4,24844
27239,6799,15,5,59265
27240,6799,6,1,23328
27241,6799,31,2,25080
27242,6800,21,4,33591
27243,6800,33,1,67163
27244,6800,82,4,40303
27245,6800,88,2,82751
27246,6800,7,4,51167
27247,6801,21,3,33591
27248,6801,82,3,40303
27249,6801,87,1,47322
27250,6801,28,5,53426
27251,6801,26,4,47395
27252,6802,25,4,95530
27253,6802,24,1,96972
27254,6802,95,3,10177
27255,6802,12,5,31257
27256,6803,51,3,22310
27257,6803,4,4,72183
27258,6803,27,3,85161
27259,6803,78,1,21761
27260,6803,97,4,24578
27261,6804,33,1,67163
27262,6804,87,3,47322
27263,6804,68,2,92995
27264,6805,4,2,72183
27265,6805,34,5,71809
27266,6805,72,3,53594
27267,6805,53,2,58950
27268,6805,79,2,37051
27269,6806,52,3,47423
27270,6806,19,1,24844
27271,6806,91,3,87573
27272,6807,16,3,21730
27273,6807,56,3,13545
27274,6807,83,3,57341
27275,6807,82,2,40303
27276,6808,17,3,32785
27277,6808,5,1,35124
27278,6808,2,1,16956
27279,6809,37,2,31314
27280,6809,36,1,50269
27281,6809,92,1,43974
27282,6809,94,5,54643
27283,6809,75,1,31489
27284,6810,66,1,21309
27285,6810,90,2,99988
27286,6810,71,1,62771
27287,6810,69,4,66333
27288,6811,89,4,99643
27289,6811,59,4,68303
27290,6811,93,3,25266
27291,6811,20,2,13940
27292,6811,69,5,66333
27293,6812,62,2,39951
27294,6812,34,3,71809
27295,6812,67,1,71990
27296,6812,4,5,72183
27297,6813,54,2,55716
27298,6813,8,4,71394
27299,6813,69,1,66333
27300,6813,18,4,49881
27301,6813,56,2,13545
27302,6814,29,4,27367
27303,6814,90,3,99988
27304,6814,18,3,49881
27305,6815,4,4,72183
27306,6815,95,1,10177
27307,6815,66,5,21309
27308,6815,9,3,24385
27309,6815,81,2,69446
27310,6816,13,2,60825
27311,6816,90,3,99988
27312,6816,68,3,92995
27313,6816,65,5,95196
27314,6816,23,5,13902
27315,6817,78,2,21761
27316,6817,57,1,87341
27317,6817,19,1,24844
27318,6817,4,5,72183
27319,6817,49,5,86790
27320,6818,39,2,30610
27321,6818,50,3,53007
27322,6818,35,2,27106
27323,6818,80,5,14416
27324,6818,52,1,47423
27325,6819,94,5,54643
27326,6819,33,3,67163
27327,6819,70,3,16773
27328,6819,13,3,60825
27329,6819,55,4,50282
27330,6820,33,5,67163
27331,6820,36,3,50269
27332,6820,90,5,99988
27333,6820,31,5,25080
27334,6820,63,5,59829
27335,6821,95,5,10177
27336,6821,72,4,53594
27337,6821,40,4,63117
27338,6822,65,2,95196
27339,6822,29,5,27367
27340,6822,89,5,99643
27341,6822,36,2,50269
27342,6822,53,4,58950
27343,6823,10,5,15030
27344,6823,48,3,56186
27345,6823,7,4,51167
27346,6824,56,2,13545
27347,6824,53,1,58950
27348,6824,20,1,13940
27349,6825,8,2,71394
27350,6825,71,2,62771
27351,6825,94,4,54643
27352,6825,53,2,58950
27353,6825,95,4,10177
27354,6826,78,3,21761
27355,6826,3,1,92869
27356,6826,59,5,68303
27357,6826,54,5,55716
27358,6827,15,3,59265
27359,6827,99,3,64203
27360,6827,23,2,13902
27361,6827,17,5,32785
27362,6828,50,1,53007
27363,6828,58,5,66996
27364,6828,7,1,51167
27365,6828,9,2,24385
27366,6829,91,3,87573
27367,6829,73,1,58762
27368,6829,52,5,47423
27369,6829,79,5,37051
27370,6829,39,4,30610
27371,6830,44,5,55170
27372,6830,71,4,62771
27373,6830,30,2,22486
27374,6830,96,4,93706
27375,6831,57,2,87341
27376,6831,17,3,32785
27377,6831,44,4,55170
27378,6831,6,3,23328
27379,6831,42,1,44615
27380,6832,6,5,23328
27381,6832,89,5,99643
27382,6832,14,1,61112
27383,6832,37,1,31314
27384,6833,48,3,56186
27385,6833,52,5,47423
27386,6833,11,3,42580
27387,6833,22,3,20870
27388,6834,89,2,99643
27389,6834,60,2,91851
27390,6834,9,1,24385
27391,6835,37,2,31314
27392,6835,3,2,92869
27393,6835,59,5,68303
27394,6836,90,5,99988
27395,6836,39,3,30610
27396,6836,56,3,13545
27397,6836,61,5,83461
27398,6836,65,3,95196
27399,6837,20,4,13940
27400,6837,42,4,44615
27401,6837,78,3,21761
27402,6837,68,5,92995
27403,6838,48,5,56186
27404,6838,83,3,57341
27405,6838,85,5,49747
27406,6838,31,4,25080
27407,6838,20,5,13940
27408,6839,78,3,21761
27409,6839,40,2,63117
27410,6839,65,4,95196
27411,6839,49,2,86790
27412,6839,83,2,57341
27413,6840,67,3,71990
27414,6840,63,1,59829
27415,6840,4,5,72183
27416,6841,15,2,59265
27417,6841,90,4,99988
27418,6841,66,3,21309
27419,6842,98,3,88669
27420,6842,4,5,72183
27421,6842,41,4,16916
27422,6842,17,4,32785
27423,6842,39,4,30610
27424,6843,23,1,13902
27425,6843,31,5,25080
27426,6843,12,3,31257
27427,6843,85,5,49747
27428,6844,56,3,13545
27429,6844,20,5,13940
27430,6844,76,2,95956
27431,6844,74,1,60296
27432,6845,30,2,22486
27433,6845,89,1,99643
27434,6845,21,5,33591
27435,6846,70,5,16773
27436,6846,52,1,47423
27437,6846,13,5,60825
27438,6847,13,3,60825
27439,6847,82,2,40303
27440,6847,26,4,47395
27441,6848,38,4,89599
27442,6848,57,5,87341
27443,6848,84,1,78759
27444,6849,80,3,14416
27445,6849,41,1,16916
27446,6849,100,4,55240
27447,6850,53,3,58950
27448,6850,84,1,78759
27449,6850,87,4,47322
27450,6851,38,5,89599
27451,6851,41,5,16916
27452,6851,98,4,88669
27453,6851,77,2,62543
27454,6851,37,5,31314
27455,6852,36,1,50269
27456,6852,84,1,78759
27457,6852,57,2,87341
27458,6852,2,1,16956
27459,6853,70,3,16773
27460,6853,7,3,51167
27461,6853,6,1,23328
27462,6853,71,5,62771
27463,6853,64,1,18863
27464,6854,4,3,72183
27465,6854,35,1,27106
27466,6854,8,5,71394
27467,6854,84,4,78759
27468,6854,51,5,22310
27469,6855,100,4,55240
27470,6855,75,3,31489
27471,6855,35,3,27106
27472,6856,93,2,25266
27473,6856,46,5,39246
27474,6856,56,2,13545
27475,6856,71,5,62771
27476,6857,99,2,64203
27477,6857,73,5,58762
27478,6857,93,2,25266
27479,6858,55,2,50282
27480,6858,63,4,59829
27481,6858,71,1,62771
27482,6858,20,1,13940
27483,6858,83,4,57341
27484,6859,84,4,78759
27485,6859,47,1,38951
27486,6859,1,1,77345
27487,6859,40,1,63117
27488,6860,86,2,33028
27489,6860,50,1,53007
27490,6860,23,5,13902
27491,6860,49,5,86790
27492,6861,68,5,92995
27493,6861,53,5,58950
27494,6861,19,1,24844
27495,6862,22,4,20870
27496,6862,57,3,87341
27497,6862,95,3,10177
27498,6862,81,4,69446
27499,6862,97,2,24578
27500,6863,52,2,47423
27501,6863,7,2,51167
27502,6863,48,2,56186
27503,6863,50,5,53007
27504,6864,21,2,33591
27505,6864,16,4,21730
27506,6864,48,1,56186
27507,6864,92,5,43974
27508,6865,16,2,21730
27509,6865,96,2,93706
27510,6865,11,2,42580
27511,6866,42,1,44615
27512,6866,92,2,43974
27513,6866,19,3,24844
27514,6866,38,5,89599
27515,6866,76,4,95956
27516,6867,71,2,62771
27517,6867,34,5,71809
27518,6867,55,3,50282
27519,6868,75,3,31489
27520,6868,64,5,18863
27521,6868,37,4,31314
27522,6868,8,1,71394
27523,6869,97,1,24578
27524,6869,36,3,50269
27525,6869,38,3,89599
27526,6869,17,5,32785
27527,6870,2,1,16956
27528,6870,67,3,71990
27529,6870,18,3,49881
27530,6870,17,3,32785
27531,6870,35,3,27106
27532,6871,11,2,42580
27533,6871,89,4,99643
27534,6871,70,5,16773
27535,6871,79,3,37051
27536,6871,44,2,55170
27537,6872,16,4,21730
27538,6872,52,1,47423
27539,6872,42,3,44615
27540,6872,28,1,53426
27541,6873,15,4,59265
27542,6873,54,2,55716
27543,6873,45,5,89685
27544,6874,32,5,82134
27545,6874,9,5,24385
27546,6874,28,5,53426
27547,6874,18,4,49881
27548,6875,88,4,82751
27549,6875,1,3,77345
27550,6875,68,5,92995
27551,6876,23,2,13902
27552,6876,9,3,24385
27553,6876,5,3,35124
27554,6877,88,1,82751
27555,6877,14,3,61112
27556,6877,29,3,27367
27557,6878,58,5,66996
27558,6878,65,2,95196
27559,6878,37,1,31314
27560,6878,72,2,53594
27561,6879,13,1,60825
27562,6879,37,1,31314
27563,6879,89,3,99643
27564,6879,59,3,68303
27565,6880,66,1,21309
27566,6880,8,3,71394
27567,6880,95,3,10177
27568,6880,51,2,22310
27569,6880,74,3,60296
27570,6881,38,2,89599
27571,6881,85,4,49747
27572,6881,89,5,99643
27573,6881,26,2,47395
27574,6881,95,2,10177
27575,6882,21,5,33591
27576,6882,5,2,35124
27577,6882,23,5,13902
27578,6882,30,3,22486
27579,6883,39,3,30610
27580,6883,75,3,31489
27581,6883,25,5,95530
27582,6883,38,5,89599
27583,6883,16,5,21730
27584,6884,99,3,64203
27585,6884,87,2,47322
27586,6884,70,2,16773
27587,6885,84,1,78759
27588,6885,95,1,10177
27589,6885,27,4,85161
27590,6885,26,1,47395
27591,6886,89,3,99643
27592,6886,70,1,16773
27593,6886,56,2,13545
27594,6887,25,1,95530
27595,6887,2,4,16956
27596,6887,100,1,55240
27597,6887,45,4,89685
27598,6888,6,5,23328
27599,6888,11,2,42580
27600,6888,17,1,32785
27601,6888,57,5,87341
27602,6888,93,1,25266
27603,6889,67,1,71990
27604,6889,61,3,83461
27605,6889,58,2,66996
27606,6889,36,3,50269
27607,6890,4,4,72183
27608,6890,80,1,14416
27609,6890,81,3,69446
27610,6890,60,1,91851
27611,6891,22,5,20870
27612,6891,25,4,95530
27613,6891,11,1,42580
27614,6891,58,4,66996
27615,6891,46,4,39246
27616,6892,21,2,33591
27617,6892,13,3,60825
27618,6892,10,1,15030
27619,6892,64,1,18863
27620,6892,47,5,38951
27621,6893,55,3,50282
27622,6893,66,5,21309
27623,6893,9,5,24385
27624,6893,24,5,96972
27625,6893,41,5,16916
27626,6894,32,3,82134
27627,6894,48,1,56186
27628,6894,35,5,27106
27629,6895,98,4,88669
27630,6895,24,3,96972
27631,6895,22,4,20870
27632,6896,85,5,49747
27633,6896,44,3,55170
27634,6896,81,3,69446
27635,6896,41,1,16916
27636,6896,30,3,22486
27637,6897,77,3,62543
27638,6897,68,1,92995
27639,6897,87,2,47322
27640,6898,72,5,53594
27641,6898,22,3,20870
27642,6898,30,1,22486
27643,6898,89,1,99643
27644,6899,56,1,13545
27645,6899,33,3,67163
27646,6899,59,3,68303
27647,6899,55,5,50282
27648,6900,98,2,88669
27649,6900,5,1,35124
27650,6900,53,2,58950
27651,6900,86,1,33028
27652,6900,6,3,23328
27653,6901,76,2,95956
27654,6901,22,5,20870
27655,6901,27,4,85161
27656,6902,49,4,86790
27657,6902,22,2,20870
27658,6902,81,1,69446
27659,6902,82,4,40303
27660,6903,14,2,61112
27661,6903,48,1,56186
27662,6903,54,4,55716
27663,6903,39,3,30610
27664,6904,43,2,37544
27665,6904,87,1,47322
27666,6904,64,5,18863
27667,6904,36,5,50269
27668,6904,58,3,66996
27669,6905,79,2,37051
27670,6905,59,3,68303
27671,6905,19,3,24844
27672,6905,33,5,67163
27673,6906,41,5,16916
27674,6906,97,4,24578
27675,6906,52,2,47423
27676,6906,30,2,22486
27677,6907,90,3,99988
27678,6907,67,2,71990
27679,6907,58,2,66996
27680,6907,93,5,25266
27681,6908,56,3,13545
27682,6908,60,2,91851
27683,6908,41,1,16916
27684,6908,5,4,35124
27685,6908,37,1,31314
27686,6909,84,1,78759
27687,6909,97,3,24578
27688,6909,78,3,21761
27689,6909,82,2,40303
27690,6910,54,4,55716
27691,6910,58,1,66996
27692,6910,74,2,60296
27693,6911,19,1,24844
27694,6911,30,4,22486
27695,6911,9,2,24385
27696,6912,58,2,66996
27697,6912,28,5,53426
27698,6912,32,3,82134
27699,6912,2,3,16956
27700,6912,33,4,67163
27701,6913,94,4,54643
27702,6913,26,3,47395
27703,6913,80,2,14416
27704,6913,64,1,18863
27705,6914,67,3,71990
27706,6914,44,2,55170
27707,6914,52,4,47423
27708,6914,42,3,44615
27709,6915,31,3,25080
27710,6915,63,1,59829
27711,6915,8,2,71394
27712,6915,2,5,16956
27713,6915,22,5,20870
27714,6916,100,1,55240
27715,6916,16,3,21730
27716,6916,36,3,50269
27717,6917,62,5,39951
27718,6917,39,2,30610
27719,6917,52,2,47423
27720,6918,15,2,59265
27721,6918,87,4,47322
27722,6918,23,1,13902
27723,6918,19,4,24844
27724,6919,18,4,49881
27725,6919,12,2,31257
27726,6919,93,1,25266
27727,6920,47,3,38951
27728,6920,88,5,82751
27729,6920,17,2,32785
27730,6920,36,4,50269
27731,6921,54,1,55716
27732,6921,83,1,57341
27733,6921,46,3,39246
27734,6921,43,2,37544
27735,6922,97,3,24578
27736,6922,14,5,61112
27737,6922,92,2,43974
27738,6922,57,5,87341
27739,6923,17,5,32785
27740,6923,65,4,95196
27741,6923,81,5,69446
27742,6923,14,1,61112
27743,6923,69,2,66333
27744,6924,34,5,71809
27745,6924,56,2,13545
27746,6924,82,1,40303
27747,6924,49,4,86790
27748,6925,34,4,71809
27749,6925,27,2,85161
27750,6925,3,1,92869
27751,6925,64,5,18863
27752,6926,44,1,55170
27753,6926,26,5,47395
27754,6926,73,1,58762
27755,6927,97,4,24578
27756,6927,80,1,14416
27757,6927,30,5,22486
27758,6927,73,1,58762
27759,6927,34,1,71809
27760,6928,12,3,31257
27761,6928,54,5,55716
27762,6928,24,5,96972
27763,6929,97,3,24578
27764,6929,100,3,55240
27765,6929,57,4,87341
27766,6929,81,4,69446
27767,6929,71,4,62771
27768,6930,4,4,72183
27769,6930,27,2,85161
27770,6930,3,1,92869
27771,6930,55,3,50282
27772,6931,5,4,35124
27773,6931,94,1,54643
27774,6931,49,5,86790
27775,6931,57,4,87341
27776,6931,44,3,55170
27777,6932,92,1,43974
27778,6932,26,2,47395
27779,6932,29,1,27367
27780,6932,98,5,88669
27781,6933,76,2,95956
27782,6933,77,4,62543
27783,6933,63,2,59829
27784,6934,99,1,64203
27785,6934,38,4,89599
27786,6934,93,4,25266
27787,6934,6,2,23328
27788,6934,34,2,71809
27789,6935,74,5,60296
27790,6935,92,1,43974
27791,6935,63,5,59829
27792,6935,51,2,22310
27793,6936,19,4,24844
27794,6936,67,2,71990
27795,6936,82,1,40303
27796,6937,9,4,24385
27797,6937,78,3,21761
27798,6937,97,5,24578
27799,6937,64,4,18863
27800,6938,12,3,31257
27801,6938,95,2,10177
27802,6938,31,2,25080
27803,6938,24,4,96972
27804,6939,100,2,55240
27805,6939,21,5,33591
27806,6939,65,1,95196
27807,6939,56,4,13545
27808,6939,54,4,55716
27809,6940,59,4,68303
27810,6940,17,5,32785
27811,6940,62,1,39951
27812,6941,26,5,47395
27813,6941,29,4,27367
27814,6941,74,2,60296
27815,6941,40,3,63117
27816,6941,21,5,33591
27817,6942,70,3,16773
27818,6942,22,3,20870
27819,6942,27,4,85161
27820,6942,73,5,58762
27821,6942,19,2,24844
27822,6943,24,4,96972
27823,6943,58,4,66996
27824,6943,52,4,47423
27825,6943,41,2,16916
27826,6943,34,3,71809
27827,6944,97,5,24578
27828,6944,82,1,40303
27829,6944,34,3,71809
27830,6945,13,5,60825
27831,6945,88,4,82751
27832,6945,80,1,14416
27833,6945,8,2,71394
27834,6946,31,1,25080
27835,6946,61,3,83461
27836,6946,24,3,96972
27837,6946,28,4,53426
27838,6946,60,3,91851
27839,6947,86,4,33028
27840,6947,8,3,71394
27841,6947,58,2,66996
27842,6948,74,3,60296
27843,6948,83,1,57341
27844,6948,97,1,24578
27845,6949,28,2,53426
27846,6949,90,3,99988
27847,6949,84,5,78759
27848,6949,91,1,87573
27849,6950,27,3,85161
27850,6950,56,1,13545
27851,6950,90,4,99988
27852,6950,15,3,59265
27853,6950,26,4,47395
27854,6951,71,3,62771
27855,6951,63,4,59829
27856,6951,55,4,50282
27857,6952,74,5,60296
27858,6952,54,2,55716
27859,6952,92,4,43974
27860,6952,46,4,39246
27861,6952,27,1,85161
27862,6953,93,1,25266
27863,6953,84,1,78759
27864,6953,2,3,16956
27865,6954,5,1,35124
27866,6954,6,3,23328
27867,6954,25,5,95530
27868,6955,55,4,50282
27869,6955,68,3,92995
27870,6955,96,4,93706
27871,6955,39,2,30610
27872,6955,1,3,77345
27873,6956,90,1,99988
27874,6956,89,4,99643
27875,6956,16,3,21730
27876,6956,75,5,31489
27877,6957,49,4,86790
27878,6957,4,2,72183
27879,6957,1,1,77345
27880,6958,59,1,68303
27881,6958,96,1,93706
27882,6958,65,3,95196
27883,6959,25,4,95530
27884,6959,15,3,59265
27885,6959,88,4,82751
27886,6960,55,4,50282
27887,6960,11,4,42580
27888,6960,19,2,24844
27889,6961,95,5,10177
27890,6961,93,2,25266
27891,6961,55,5,50282
27892,6961,16,3,21730
27893,6961,86,1,33028
27894,6962,83,4,57341
27895,6962,33,1,67163
27896,6962,7,2,51167
27897,6962,14,4,61112
27898,6963,6,3,23328
27899,6963,22,4,20870
27900,6963,46,4,39246
27901,6963,34,3,71809
27902,6964,98,2,88669
27903,6964,41,4,16916
27904,6964,44,2,55170
27905,6964,22,2,20870
27906,6964,62,1,39951
27907,6965,2,2,16956
27908,6965,33,5,67163
27909,6965,30,2,22486
27910,6965,85,1,49747
27911,6965,91,2,87573
27912,6966,99,5,64203
27913,6966,79,2,37051
27914,6966,6,1,23328
27915,6967,22,2,20870
27916,6967,89,4,99643
27917,6967,79,4,37051
27918,6967,18,3,49881
27919,6968,9,3,24385
27920,6968,47,2,38951
27921,6968,67,3,71990
27922,6968,41,2,16916
27923,6969,55,2,50282
27924,6969,37,3,31314
27925,6969,43,5,37544
27926,6970,33,1,67163
27927,6970,40,4,63117
27928,6970,39,2,30610
27929,6971,68,1,92995
27930,6971,21,5,33591
27931,6971,8,5,71394
27932,6972,82,1,40303
27933,6972,17,5,32785
27934,6972,92,4,43974
27935,6972,33,3,67163
27936,6972,14,5,61112
27937,6973,43,4,37544
27938,6973,63,4,59829
27939,6973,79,3,37051
27940,6974,46,1,39246
27941,6974,85,5,49747
27942,6974,100,1,55240
27943,6975,93,5,25266
27944,6975,28,1,53426
27945,6975,72,2,53594
27946,6975,70,1,16773
27947,6976,26,5,47395
27948,6976,100,1,55240
27949,6976,16,5,21730
27950,6976,57,2,87341
27951,6976,38,5,89599
27952,6977,17,1,32785
27953,6977,25,1,95530
27954,6977,46,4,39246
27955,6977,72,1,53594
27956,6978,18,4,49881
27957,6978,91,5,87573
27958,6978,82,2,40303
27959,6978,79,2,37051
27960,6979,79,2,37051
27961,6979,5,1,35124
27962,6979,97,5,24578
27963,6979,75,1,31489
27964,6979,62,1,39951
27965,6980,62,4,39951
27966,6980,31,2,25080
27967,6980,10,4,15030
27968,6980,40,1,63117
27969,6980,43,4,37544
27970,6981,50,4,53007
27971,6981,34,4,71809
27972,6981,93,4,25266
27973,6981,18,4,49881
27974,6981,85,2,49747
27975,6982,6,1,23328
27976,6982,37,3,31314
27977,6982,11,2,42580
27978,6982,74,1,60296
27979,6982,20,4,13940
27980,6983,12,2,31257
27981,6983,2,2,16956
27982,6983,57,5,87341
27983,6984,56,4,13545
27984,6984,29,3,27367
27985,6984,40,3,63117
27986,6984,74,5,60296
27987,6985,7,5,51167
27988,6985,99,4,64203
27989,6985,45,4,89685
27990,6985,9,5,24385
27991,6986,27,2,85161
27992,6986,45,3,89685
27993,6986,66,5,21309
27994,6986,37,4,31314
27995,6987,67,5,71990
27996,6987,73,5,58762
27997,6987,10,4,15030
27998,6987,66,2,21309
27999,6988,38,4,89599
28000,6988,92,2,43974
28001,6988,20,2,13940
28002,6989,19,3,24844
28003,6989,70,1,16773
28004,6989,6,1,23328
28005,6989,29,3,27367
28006,6990,9,4,24385
28007,6990,42,2,44615
28008,6990,3,1,92869
28009,6990,34,3,71809
28010,6991,79,4,37051
28011,6991,61,3,83461
28012,6991,67,2,71990
28013,6992,54,5,55716
28014,6992,52,1,47423
28015,6992,69,2,66333
28016,6993,94,4,54643
28017,6993,89,4,99643
28018,6993,45,1,89685
28019,6994,22,4,20870
28020,6994,86,1,33028
28021,6994,8,5,71394
28022,6995,65,1,95196
28023,6995,81,2,69446
28024,6995,91,3,87573
28025,6995,88,3,82751
28026,6995,23,1,13902
28027,6996,23,3,13902
28028,6996,38,1,89599
28029,6996,39,1,30610
28030,6997,98,1,88669
28031,6997,14,2,61112
28032,6997,23,3,13902
28033,6997,19,3,24844
28034,6998,30,1,22486
28035,6998,51,1,22310
28036,6998,72,1,53594
28037,6998,21,4,33591
28038,6999,4,2,72183
28039,6999,46,5,39246
28040,6999,61,4,83461
28041,6999,52,2,47423
28042,7000,95,4,10177
28043,7000,14,5,61112
28044,7000,32,3,82134
28045,7000,81,3,69446
28046,7000,38,4,89599
28047,7001,7,3,51167
28048,7001,47,2,38951
28049,7001,57,4,87341
28050,7001,73,4,58762
28051,7002,52,2,47423
28052,7002,36,4,50269
28053,7002,64,3,18863
28054,7003,79,1,37051
28055,7003,65,1,95196
28056,7003,4,4,72183
28057,7003,29,2,27367
28058,7004,41,5,16916
28059,7004,87,1,47322
28060,7004,39,5,30610
28061,7005,47,1,38951
28062,7005,56,5,13545
28063,7005,69,1,66333
28064,7006,66,4,21309
28065,7006,19,4,24844
28066,7006,61,5,83461
28067,7006,20,5,13940
28068,7006,13,2,60825
28069,7007,72,5,53594
28070,7007,82,3,40303
28071,7007,48,3,56186
28072,7007,98,5,88669
28073,7007,35,3,27106
28074,7008,98,4,88669
28075,7008,53,4,58950
28076,7008,22,2,20870
28077,7009,43,1,37544
28078,7009,19,2,24844
28079,7009,23,2,13902
28080,7010,59,1,68303
28081,7010,80,3,14416
28082,7010,2,1,16956
28083,7010,12,2,31257
28084,7010,68,1,92995
28085,7011,47,2,38951
28086,7011,40,5,63117
28087,7011,82,2,40303
28088,7011,37,1,31314
28089,7012,45,3,89685
28090,7012,93,5,25266
28091,7012,70,1,16773
28092,7012,84,1,78759
28093,7012,96,4,93706
28094,7013,33,1,67163
28095,7013,86,4,33028
28096,7013,89,4,99643
28097,7013,52,5,47423
28098,7013,88,1,82751
28099,7014,51,1,22310
28100,7014,81,4,69446
28101,7014,14,5,61112
28102,7015,54,3,55716
28103,7015,30,5,22486
28104,7015,46,3,39246
28105,7015,66,2,21309
28106,7016,15,1,59265
28107,7016,21,4,33591
28108,7016,84,5,78759
28109,7016,94,1,54643
28110,7016,34,5,71809
28111,7017,70,2,16773
28112,7017,35,2,27106
28113,7017,93,5,25266
28114,7018,55,4,50282
28115,7018,12,5,31257
28116,7018,70,3,16773
28117,7018,60,5,91851
28118,7018,89,1,99643
28119,7019,86,2,33028
28120,7019,38,3,89599
28121,7019,27,5,85161
28122,7019,73,1,58762
28123,7019,52,3,47423
28124,7020,81,5,69446
28125,7020,70,2,16773
28126,7020,91,5,87573
28127,7020,20,3,13940
28128,7021,23,2,13902
28129,7021,42,5,44615
28130,7021,5,3,35124
28131,7022,72,4,53594
28132,7022,46,4,39246
28133,7022,21,5,33591
28134,7022,45,2,89685
28135,7022,95,5,10177
28136,7023,76,5,95956
28137,7023,48,1,56186
28138,7023,97,5,24578
28139,7024,52,1,47423
28140,7024,90,4,99988
28141,7024,51,2,22310
28142,7025,18,4,49881
28143,7025,81,2,69446
28144,7025,33,4,67163
28145,7026,82,2,40303
28146,7026,78,4,21761
28147,7026,2,5,16956
28148,7027,11,1,42580
28149,7027,15,2,59265
28150,7027,75,4,31489
28151,7028,46,5,39246
28152,7028,100,2,55240
28153,7028,58,2,66996
28154,7028,67,3,71990
28155,7028,59,3,68303
28156,7029,20,2,13940
28157,7029,51,3,22310
28158,7029,73,4,58762
28159,7029,99,3,64203
28160,7030,97,4,24578
28161,7030,98,3,88669
28162,7030,26,1,47395
28163,7030,47,5,38951
28164,7031,74,4,60296
28165,7031,46,4,39246
28166,7031,35,2,27106
28167,7031,55,4,50282
28168,7031,72,2,53594
28169,7032,93,2,25266
28170,7032,50,5,53007
28171,7032,21,1,33591
28172,7032,22,3,20870
28173,7032,9,5,24385
28174,7033,7,3,51167
28175,7033,88,3,82751
28176,7033,2,5,16956
28177,7033,8,2,71394
28178,7033,50,1,53007
28179,7034,5,4,35124
28180,7034,78,4,21761
28181,7034,87,5,47322
28182,7034,92,5,43974
28183,7035,91,2,87573
28184,7035,30,2,22486
28185,7035,87,3,47322
28186,7035,46,3,39246
28187,7036,90,3,99988
28188,7036,39,4,30610
28189,7036,37,1,31314
28190,7036,61,2,83461
28191,7036,65,4,95196
28192,7037,18,1,49881
28193,7037,58,2,66996
28194,7037,99,5,64203
28195,7037,15,3,59265
28196,7038,88,4,82751
28197,7038,10,1,15030
28198,7038,3,3,92869
28199,7038,84,4,78759
28200,7039,13,1,60825
28201,7039,39,5,30610
28202,7039,85,5,49747
28203,7039,10,4,15030
28204,7040,76,1,95956
28205,7040,83,2,57341
28206,7040,62,5,39951
28207,7040,93,5,25266
28208,7041,43,4,37544
28209,7041,67,1,71990
28210,7041,38,1,89599
28211,7041,62,3,39951
28212,7042,38,3,89599
28213,7042,68,1,92995
28214,7042,52,4,47423
28215,7043,71,3,62771
28216,7043,56,1,13545
28217,7043,21,4,33591
28218,7043,28,1,53426
28219,7044,69,4,66333
28220,7044,85,4,49747
28221,7044,26,2,47395
28222,7044,33,5,67163
28223,7044,8,4,71394
28224,7045,83,2,57341
28225,7045,41,2,16916
28226,7045,36,5,50269
28227,7046,40,5,63117
28228,7046,52,5,47423
28229,7046,54,3,55716
28230,7047,54,3,55716
28231,7047,2,2,16956
28232,7047,88,5,82751
28233,7048,48,4,56186
28234,7048,80,2,14416
28235,7048,11,4,42580
28236,7048,91,1,87573
28237,7049,21,5,33591
28238,7049,36,4,50269
28239,7049,58,1,66996
28240,7049,12,4,31257
28241,7050,2,4,16956
28242,7050,55,5,50282
28243,7050,58,5,66996
28244,7050,61,3,83461
28245,7051,21,4,33591
28246,7051,97,2,24578
28247,7051,63,2,59829
28248,7051,86,2,33028
28249,7052,38,5,89599
28250,7052,22,5,20870
28251,7052,17,5,32785
28252,7052,58,2,66996
28253,7053,38,1,89599
28254,7053,68,2,92995
28255,7053,26,5,47395
28256,7053,29,5,27367
28257,7053,62,1,39951
28258,7054,57,2,87341
28259,7054,75,1,31489
28260,7054,48,5,56186
28261,7054,20,3,13940
28262,7054,17,2,32785
28263,7055,77,5,62543
28264,7055,39,4,30610
28265,7055,61,4,83461
28266,7056,81,3,69446
28267,7056,14,2,61112
28268,7056,90,5,99988
28269,7056,89,3,99643
28270,7057,19,1,24844
28271,7057,84,5,78759
28272,7057,18,5,49881
28273,7058,19,3,24844
28274,7058,20,5,13940
28275,7058,63,3,59829
28276,7058,25,2,95530
28277,7058,75,5,31489
28278,7059,100,3,55240
28279,7059,57,3,87341
28280,7059,32,1,82134
28281,7059,64,3,18863
28282,7060,37,5,31314
28283,7060,59,3,68303
28284,7060,89,4,99643
28285,7060,53,5,58950
28286,7060,14,5,61112
28287,7061,80,1,14416
28288,7061,76,5,95956
28289,7061,31,4,25080
28290,7061,6,5,23328
28291,7062,61,1,83461
28292,7062,79,5,37051
28293,7062,22,3,20870
28294,7062,66,4,21309
28295,7062,97,2,24578
28296,7063,88,4,82751
28297,7063,38,4,89599
28298,7063,94,4,54643
28299,7063,56,5,13545
28300,7064,50,1,53007
28301,7064,95,2,10177
28302,7064,18,5,49881
28303,7064,26,5,47395
28304,7065,91,5,87573
28305,7065,85,1,49747
28306,7065,97,3,24578
28307,7066,27,1,85161
28308,7066,91,2,87573
28309,7066,52,3,47423
28310,7066,100,2,55240
28311,7066,72,3,53594
28312,7067,72,1,53594
28313,7067,36,5,50269
28314,7067,27,4,85161
28315,7067,64,1,18863
28316,7068,65,2,95196
28317,7068,72,3,53594
28318,7068,71,2,62771
28319,7068,99,2,64203
28320,7069,90,5,99988
28321,7069,73,1,58762
28322,7069,77,4,62543
28323,7069,58,4,66996
28324,7069,86,1,33028
28325,7070,90,3,99988
28326,7070,66,4,21309
28327,7070,72,3,53594
28328,7070,28,5,53426
28329,7071,14,3,61112
28330,7071,12,1,31257
28331,7071,27,4,85161
28332,7072,38,1,89599
28333,7072,5,3,35124
28334,7072,6,1,23328
28335,7073,72,1,53594
28336,7073,5,5,35124
28337,7073,91,2,87573
28338,7073,64,4,18863
28339,7074,50,1,53007
28340,7074,39,1,30610
28341,7074,18,4,49881
28342,7074,76,2,95956
28343,7074,29,2,27367
28344,7075,25,3,95530
28345,7075,76,5,95956
28346,7075,9,2,24385
28347,7075,41,1,16916
28348,7076,54,2,55716
28349,7076,19,2,24844
28350,7076,98,1,88669
28351,7076,44,2,55170
28352,7076,55,2,50282
28353,7077,43,1,37544
28354,7077,87,2,47322
28355,7077,53,3,58950
28356,7078,94,1,54643
28357,7078,35,2,27106
28358,7078,100,4,55240
28359,7078,15,1,59265
28360,7078,22,3,20870
28361,7079,56,5,13545
28362,7079,20,5,13940
28363,7079,21,4,33591
28364,7079,62,1,39951
28365,7079,34,5,71809
28366,7080,96,1,93706
28367,7080,73,3,58762
28368,7080,54,1,55716
28369,7080,58,3,66996
28370,7081,51,2,22310
28371,7081,21,4,33591
28372,7081,64,5,18863
28373,7081,29,1,27367
28374,7081,14,5,61112
28375,7082,91,1,87573
28376,7082,70,1,16773
28377,7082,61,4,83461
28378,7082,8,2,71394
28379,7082,59,4,68303
28380,7083,48,2,56186
28381,7083,7,2,51167
28382,7083,68,2,92995
28383,7083,6,3,23328
28384,7084,100,2,55240
28385,7084,6,5,23328
28386,7084,23,5,13902
28387,7084,40,1,63117
28388,7084,3,5,92869
28389,7085,28,5,53426
28390,7085,46,5,39246
28391,7085,71,1,62771
28392,7085,2,5,16956
28393,7085,95,4,10177
28394,7086,31,2,25080
28395,7086,60,4,91851
28396,7086,71,1,62771
28397,7086,58,1,66996
28398,7087,39,3,30610
28399,7087,52,4,47423
28400,7087,78,2,21761
28401,7088,32,4,82134
28402,7088,44,2,55170
28403,7088,67,4,71990
28404,7089,64,5,18863
28405,7089,42,2,44615
28406,7089,91,1,87573
28407,7090,75,2,31489
28408,7090,10,3,15030
28409,7090,15,4,59265
28410,7090,60,4,91851
28411,7091,87,3,47322
28412,7091,89,3,99643
28413,7091,19,1,24844
28414,7091,26,4,47395
28415,7091,67,5,71990
28416,7092,56,5,13545
28417,7092,58,4,66996
28418,7092,90,2,99988
28419,7092,73,1,58762
28420,7093,49,2,86790
28421,7093,65,1,95196
28422,7093,46,4,39246
28423,7094,10,5,15030
28424,7094,99,3,64203
28425,7094,73,4,58762
28426,7095,46,4,39246
28427,7095,86,5,33028
28428,7095,14,3,61112
28429,7095,48,5,56186
28430,7096,3,4,92869
28431,7096,10,4,15030
28432,7096,11,1,42580
28433,7096,70,2,16773
28434,7097,91,1,87573
28435,7097,78,4,21761
28436,7097,32,1,82134
28437,7097,15,1,59265
28438,7098,61,3,83461
28439,7098,34,2,71809
28440,7098,79,2,37051
28441,7098,13,4,60825
28442,7099,82,3,40303
28443,7099,90,4,99988
28444,7099,12,1,31257
28445,7099,25,4,95530
28446,7099,39,1,30610
28447,7100,2,3,16956
28448,7100,61,4,83461
28449,7100,46,1,39246
28450,7100,1,3,77345
28451,7100,19,5,24844
28452,7101,98,4,88669
28453,7101,28,3,53426
28454,7101,2,2,16956
28455,7101,8,1,71394
28456,7101,37,2,31314
28457,7102,82,1,40303
28458,7102,72,1,53594
28459,7102,77,4,62543
28460,7102,24,4,96972
28461,7103,65,5,95196
28462,7103,43,4,37544
28463,7103,48,5,56186
28464,7103,2,3,16956
28465,7104,7,3,51167
28466,7104,58,3,66996
28467,7104,96,4,93706
28468,7104,66,4,21309
28469,7105,56,1,13545
28470,7105,42,1,44615
28471,7105,23,1,13902
28472,7105,40,5,63117
28473,7106,3,5,92869
28474,7106,75,5,31489
28475,7106,35,1,27106
28476,7106,9,5,24385
28477,7107,87,5,47322
28478,7107,99,3,64203
28479,7107,68,5,92995
28480,7107,29,5,27367
28481,7107,56,3,13545
28482,7108,34,3,71809
28483,7108,97,4,24578
28484,7108,85,5,49747
28485,7108,62,5,39951
28486,7109,24,3,96972
28487,7109,19,3,24844
28488,7109,48,3,56186
28489,7109,61,3,83461
28490,7109,73,4,58762
28491,7110,19,3,24844
28492,7110,9,2,24385
28493,7110,50,1,53007
28494,7111,33,4,67163
28495,7111,39,3,30610
28496,7111,10,5,15030
28497,7112,91,3,87573
28498,7112,84,3,78759
28499,7112,97,5,24578
28500,7112,56,1,13545
28501,7112,51,3,22310
28502,7113,26,5,47395
28503,7113,91,4,87573
28504,7113,94,3,54643
28505,7113,9,1,24385
28506,7114,32,4,82134
28507,7114,38,5,89599
28508,7114,22,4,20870
28509,7115,72,3,53594
28510,7115,9,4,24385
28511,7115,67,3,71990
28512,7115,73,5,58762
28513,7115,96,3,93706
28514,7116,69,3,66333
28515,7116,95,4,10177
28516,7116,89,4,99643
28517,7116,43,1,37544
28518,7117,32,3,82134
28519,7117,69,3,66333
28520,7117,13,3,60825
28521,7117,71,2,62771
28522,7117,77,3,62543
28523,7118,25,1,95530
28524,7118,64,5,18863
28525,7118,72,3,53594
28526,7119,21,5,33591
28527,7119,67,1,71990
28528,7119,83,2,57341
28529,7120,59,1,68303
28530,7120,45,3,89685
28531,7120,54,5,55716
28532,7121,50,5,53007
28533,7121,26,4,47395
28534,7121,78,3,21761
28535,7121,60,4,91851
28536,7121,42,1,44615
28537,7122,35,1,27106
28538,7122,20,1,13940
28539,7122,44,2,55170
28540,7122,13,1,60825
28541,7122,94,4,54643
28542,7123,10,4,15030
28543,7123,69,1,66333
28544,7123,75,2,31489
28545,7123,77,2,62543
28546,7124,100,1,55240
28547,7124,83,3,57341
28548,7124,3,4,92869
28549,7125,62,5,39951
28550,7125,49,1,86790
28551,7125,63,2,59829
28552,7126,12,1,31257
28553,7126,70,1,16773
28554,7126,54,1,55716
28555,7126,26,3,47395
28556,7127,75,5,31489
28557,7127,72,1,53594
28558,7127,5,3,35124
28559,7127,34,2,71809
28560,7127,43,3,37544
28561,7128,45,4,89685
28562,7128,84,3,78759
28563,7128,98,3,88669
28564,7129,18,4,49881
28565,7129,83,2,57341
28566,7129,31,2,25080
28567,7129,72,2,53594
28568,7129,39,4,30610
28569,7130,18,2,49881
28570,7130,91,1,87573
28571,7130,10,1,15030
28572,7130,15,4,59265
28573,7131,95,1,10177
28574,7131,14,3,61112
28575,7131,60,1,91851
28576,7132,25,1,95530
28577,7132,89,4,99643
28578,7132,62,2,39951
28579,7132,9,3,24385
28580,7132,95,1,10177
28581,7133,44,1,55170
28582,7133,47,5,38951
28583,7133,37,3,31314
28584,7133,83,2,57341
28585,7134,16,5,21730
28586,7134,69,5,66333
28587,7134,37,2,31314
28588,7135,52,5,47423
28589,7135,61,3,83461
28590,7135,20,4,13940
28591,7135,48,1,56186
28592,7136,14,1,61112
28593,7136,53,4,58950
28594,7136,95,5,10177
28595,7136,59,4,68303
28596,7137,51,3,22310
28597,7137,92,5,43974
28598,7137,9,2,24385
28599,7137,61,4,83461
28600,7138,55,2,50282
28601,7138,63,5,59829
28602,7138,60,4,91851
28603,7138,12,1,31257
28604,7138,37,2,31314
28605,7139,62,4,39951
28606,7139,43,3,37544
28607,7139,87,4,47322
28608,7140,91,5,87573
28609,7140,43,4,37544
28610,7140,66,4,21309
28611,7140,51,3,22310
28612,7141,76,5,95956
28613,7141,53,1,58950
28614,7141,35,4,27106
28615,7141,38,5,89599
28616,7141,31,5,25080
28617,7142,67,4,71990
28618,7142,9,5,24385
28619,7142,24,2,96972
28620,7142,25,4,95530
28621,7142,83,1,57341
28622,7143,46,1,39246
28623,7143,38,2,89599
28624,7143,3,3,92869
28625,7144,52,2,47423
28626,7144,81,5,69446
28627,7144,57,2,87341
28628,7144,6,5,23328
28629,7144,88,3,82751
28630,7145,24,3,96972
28631,7145,93,5,25266
28632,7145,91,2,87573
28633,7145,79,5,37051
28634,7145,12,5,31257
28635,7146,16,2,21730
28636,7146,35,5,27106
28637,7146,8,3,71394
28638,7147,20,5,13940
28639,7147,76,3,95956
28640,7147,88,5,82751
28641,7148,4,4,72183
28642,7148,93,3,25266
28643,7148,100,5,55240
28644,7148,70,5,16773
28645,7148,87,4,47322
28646,7149,57,1,87341
28647,7149,90,1,99988
28648,7149,65,3,95196
28649,7149,26,2,47395
28650,7150,68,5,92995
28651,7150,41,3,16916
28652,7150,96,5,93706
28653,7151,32,3,82134
28654,7151,48,4,56186
28655,7151,17,5,32785
28656,7151,19,5,24844
28657,7152,43,3,37544
28658,7152,17,5,32785
28659,7152,5,3,35124
28660,7152,87,2,47322
28661,7153,89,1,99643
28662,7153,94,4,54643
28663,7153,1,3,77345
28664,7153,84,3,78759
28665,7154,29,3,27367
28666,7154,21,3,33591
28667,7154,23,3,13902
28668,7154,56,4,13545
28669,7154,17,1,32785
28670,7155,27,4,85161
28671,7155,57,1,87341
28672,7155,78,5,21761
28673,7155,8,2,71394
28674,7155,11,5,42580
28675,7156,36,3,50269
28676,7156,35,1,27106
28677,7156,80,3,14416
28678,7156,71,4,62771
28679,7156,81,3,69446
28680,7157,92,4,43974
28681,7157,40,5,63117
28682,7157,37,2,31314
28683,7158,73,5,58762
28684,7158,97,4,24578
28685,7158,98,2,88669
28686,7158,84,2,78759
28687,7158,93,4,25266
28688,7159,41,2,16916
28689,7159,8,4,71394
28690,7159,34,1,71809
28691,7160,78,1,21761
28692,7160,29,1,27367
28693,7160,86,4,33028
28694,7161,22,2,20870
28695,7161,82,2,40303
28696,7161,58,1,66996
28697,7161,85,3,49747
28698,7162,41,3,16916
28699,7162,9,2,24385
28700,7162,37,3,31314
28701,7162,51,3,22310
28702,7163,94,4,54643
28703,7163,13,2,60825
28704,7163,23,3,13902
28705,7163,9,3,24385
28706,7163,76,5,95956
28707,7164,77,1,62543
28708,7164,75,2,31489
28709,7164,14,4,61112
28710,7164,56,2,13545
28711,7164,84,1,78759
28712,7165,88,4,82751
28713,7165,42,1,44615
28714,7165,99,5,64203
28715,7166,77,1,62543
28716,7166,47,3,38951
28717,7166,91,4,87573
28718,7167,64,5,18863
28719,7167,81,4,69446
28720,7167,60,4,91851
28721,7167,24,3,96972
28722,7168,45,2,89685
28723,7168,14,3,61112
28724,7168,27,3,85161
28725,7169,79,3,37051
28726,7169,17,1,32785
28727,7169,8,4,71394
28728,7169,33,2,67163
28729,7170,24,5,96972
28730,7170,26,1,47395
28731,7170,39,2,30610
28732,7170,58,2,66996
28733,7170,79,3,37051
28734,7171,94,5,54643
28735,7171,52,5,47423
28736,7171,35,3,27106
28737,7171,69,3,66333
28738,7172,30,2,22486
28739,7172,37,1,31314
28740,7172,24,1,96972
28741,7173,80,2,14416
28742,7173,41,5,16916
28743,7173,63,4,59829
28744,7173,47,3,38951
28745,7174,80,1,14416
28746,7174,57,4,87341
28747,7174,82,2,40303
28748,7174,25,3,95530
28749,7174,47,2,38951
28750,7175,31,3,25080
28751,7175,53,3,58950
28752,7175,97,4,24578
28753,7175,42,4,44615
28754,7175,57,1,87341
28755,7176,55,4,50282
28756,7176,82,2,40303
28757,7176,65,2,95196
28758,7176,20,5,13940
28759,7177,83,5,57341
28760,7177,97,4,24578
28761,7177,51,4,22310
28762,7177,42,2,44615
28763,7178,25,4,95530
28764,7178,19,1,24844
28765,7178,71,1,62771
28766,7179,86,4,33028
28767,7179,50,4,53007
28768,7179,95,2,10177
28769,7180,49,2,86790
28770,7180,43,4,37544
28771,7180,94,2,54643
28772,7181,63,2,59829
28773,7181,72,5,53594
28774,7181,56,4,13545
28775,7181,9,2,24385
28776,7181,42,2,44615
28777,7182,2,1,16956
28778,7182,54,4,55716
28779,7182,45,4,89685
28780,7183,43,4,37544
28781,7183,22,1,20870
28782,7183,45,4,89685
28783,7184,56,5,13545
28784,7184,91,2,87573
28785,7184,30,4,22486
28786,7184,63,1,59829
28787,7184,64,5,18863
28788,7185,92,5,43974
28789,7185,5,5,35124
28790,7185,40,1,63117
28791,7186,49,5,86790
28792,7186,12,2,31257
28793,7186,91,5,87573
28794,7187,90,4,99988
28795,7187,49,5,86790
28796,7187,75,2,31489
28797,7187,8,3,71394
28798,7188,84,5,78759
28799,7188,62,5,39951
28800,7188,72,3,53594
28801,7188,48,3,56186
28802,7189,8,1,71394
28803,7189,47,2,38951
28804,7189,93,5,25266
28805,7189,14,4,61112
28806,7189,58,2,66996
28807,7190,15,3,59265
28808,7190,68,2,92995
28809,7190,87,1,47322
28810,7191,49,2,86790
28811,7191,51,2,22310
28812,7191,69,2,66333
28813,7192,42,1,44615
28814,7192,50,4,53007
28815,7192,26,4,47395
28816,7192,83,2,57341
28817,7192,91,3,87573
28818,7193,68,2,92995
28819,7193,56,3,13545
28820,7193,98,2,88669
28821,7194,49,5,86790
28822,7194,47,1,38951
28823,7194,81,2,69446
28824,7194,23,1,13902
28825,7194,83,1,57341
28826,7195,86,1,33028
28827,7195,11,4,42580
28828,7195,3,5,92869
28829,7195,57,4,87341
28830,7196,82,3,40303
28831,7196,5,5,35124
28832,7196,69,2,66333
28833,7196,9,1,24385
28834,7196,16,4,21730
28835,7197,73,5,58762
28836,7197,69,5,66333
28837,7197,68,1,92995
28838,7197,2,5,16956
28839,7197,44,5,55170
28840,7198,73,3,58762
28841,7198,94,4,54643
28842,7198,36,5,50269
28843,7199,62,1,39951
28844,7199,13,1,60825
28845,7199,51,4,22310
28846,7200,4,5,72183
28847,7200,55,1,50282
28848,7200,26,4,47395
28849,7200,24,4,96972
28850,7200,63,5,59829
28851,7201,82,3,40303
28852,7201,84,5,78759
28853,7201,3,3,92869
28854,7202,33,4,67163
28855,7202,73,4,58762
28856,7202,60,1,91851
28857,7202,61,5,83461
28858,7203,22,2,20870
28859,7203,52,5,47423
28860,7203,69,5,66333
28861,7204,84,2,78759
28862,7204,59,1,68303
28863,7204,98,4,88669
28864,7204,50,3,53007
28865,7204,15,2,59265
28866,7205,11,1,42580
28867,7205,82,3,40303
28868,7205,26,4,47395
28869,7205,25,1,95530
28870,7205,24,4,96972
28871,7206,33,2,67163
28872,7206,93,5,25266
28873,7206,48,5,56186
28874,7207,17,3,32785
28875,7207,53,1,58950
28876,7207,94,4,54643
28877,7207,58,4,66996
28878,7207,99,5,64203
28879,7208,75,3,31489
28880,7208,98,5,88669
28881,7208,93,1,25266
28882,7209,18,4,49881
28883,7209,75,1,31489
28884,7209,52,5,47423
28885,7209,35,1,27106
28886,7210,96,2,93706
28887,7210,62,2,39951
28888,7210,77,3,62543
28889,7210,100,3,55240
28890,7210,33,3,67163
28891,7211,46,2,39246
28892,7211,19,3,24844
28893,7211,66,1,21309
28894,7211,62,3,39951
28895,7212,58,1,66996
28896,7212,1,4,77345
28897,7212,28,3,53426
28898,7212,83,1,57341
28899,7212,87,2,47322
28900,7213,11,3,42580
28901,7213,27,4,85161
28902,7213,77,4,62543
28903,7214,77,2,62543
28904,7214,5,3,35124
28905,7214,26,1,47395
28906,7214,73,1,58762
28907,7214,11,1,42580
28908,7215,72,1,53594
28909,7215,94,4,54643
28910,7215,27,3,85161
28911,7216,19,4,24844
28912,7216,63,4,59829
28913,7216,43,2,37544
28914,7216,84,1,78759
28915,7216,20,4,13940
28916,7217,23,1,13902
28917,7217,73,4,58762
28918,7217,44,4,55170
28919,7217,70,1,16773
28920,7218,92,3,43974
28921,7218,84,5,78759
28922,7218,35,1,27106
28923,7218,17,2,32785
28924,7218,30,4,22486
28925,7219,76,1,95956
28926,7219,25,3,95530
28927,7219,22,1,20870
28928,7219,60,2,91851
28929,7220,6,2,23328
28930,7220,91,5,87573
28931,7220,8,4,71394
28932,7220,30,3,22486
28933,7221,39,1,30610
28934,7221,48,1,56186
28935,7221,96,1,93706
28936,7221,6,4,23328
28937,7222,100,1,55240
28938,7222,98,2,88669
28939,7222,54,5,55716
28940,7222,52,3,47423
28941,7222,46,5,39246
28942,7223,88,4,82751
28943,7223,93,5,25266
28944,7223,23,3,13902
28945,7223,2,5,16956
28946,7223,18,3,49881
28947,7224,95,5,10177
28948,7224,47,1,38951
28949,7224,6,1,23328
28950,7224,64,2,18863
28951,7225,73,4,58762
28952,7225,56,3,13545
28953,7225,5,5,35124
28954,7225,33,3,67163
28955,7225,70,1,16773
28956,7226,52,5,47423
28957,7226,43,3,37544
28958,7226,2,3,16956
28959,7226,54,4,55716
28960,7227,68,2,92995
28961,7227,52,2,47423
28962,7227,51,1,22310
28963,7228,87,5,47322
28964,7228,62,1,39951
28965,7228,75,2,31489
28966,7228,61,5,83461
28967,7229,5,1,35124
28968,7229,3,3,92869
28969,7229,70,4,16773
28970,7230,56,5,13545
28971,7230,38,2,89599
28972,7230,54,1,55716
28973,7231,56,3,13545
28974,7231,15,5,59265
28975,7231,64,4,18863
28976,7231,98,1,88669
28977,7232,88,1,82751
28978,7232,46,4,39246
28979,7232,90,5,99988
28980,7232,21,2,33591
28981,7233,13,3,60825
28982,7233,33,4,67163
28983,7233,47,2,38951
28984,7234,22,2,20870
28985,7234,28,2,53426
28986,7234,46,1,39246
28987,7235,78,5,21761
28988,7235,75,5,31489
28989,7235,86,2,33028
28990,7235,22,1,20870
28991,7235,18,4,49881
28992,7236,83,3,57341
28993,7236,51,2,22310
28994,7236,40,4,63117
28995,7236,30,1,22486
28996,7237,76,3,95956
28997,7237,45,4,89685
28998,7237,67,3,71990
28999,7238,69,5,66333
29000,7238,3,4,92869
29001,7238,42,3,44615
29002,7238,59,1,68303
29003,7239,51,4,22310
29004,7239,53,3,58950
29005,7239,28,5,53426
29006,7239,87,4,47322
29007,7240,77,1,62543
29008,7240,13,5,60825
29009,7240,12,3,31257
29010,7240,24,1,96972
29011,7241,18,2,49881
29012,7241,85,2,49747
29013,7241,71,5,62771
29014,7241,86,2,33028
29015,7241,45,3,89685
29016,7242,99,4,64203
29017,7242,3,5,92869
29018,7242,11,5,42580
29019,7242,77,3,62543
29020,7243,69,5,66333
29021,7243,41,4,16916
29022,7243,42,4,44615
29023,7243,77,3,62543
29024,7243,55,3,50282
29025,7244,95,3,10177
29026,7244,78,1,21761
29027,7244,93,1,25266
29028,7245,62,1,39951
29029,7245,50,3,53007
29030,7245,85,4,49747
29031,7246,29,2,27367
29032,7246,39,2,30610
29033,7246,63,1,59829
29034,7246,23,3,13902
29035,7247,26,4,47395
29036,7247,97,1,24578
29037,7247,79,3,37051
29038,7247,7,5,51167
29039,7247,60,1,91851
29040,7248,6,2,23328
29041,7248,16,2,21730
29042,7248,48,4,56186
29043,7249,82,3,40303
29044,7249,93,3,25266
29045,7249,55,3,50282
29046,7250,100,4,55240
29047,7250,36,4,50269
29048,7250,98,5,88669
29049,7250,92,5,43974
29050,7250,19,4,24844
29051,7251,66,2,21309
29052,7251,3,2,92869
29053,7251,77,1,62543
29054,7252,4,1,72183
29055,7252,2,2,16956
29056,7252,91,2,87573
29057,7252,37,1,31314
29058,7252,11,5,42580
29059,7253,60,4,91851
29060,7253,78,5,21761
29061,7253,54,4,55716
29062,7253,18,5,49881
29063,7253,68,3,92995
29064,7254,5,2,35124
29065,7254,4,1,72183
29066,7254,38,2,89599
29067,7254,25,1,95530
29068,7254,80,4,14416
29069,7255,35,3,27106
29070,7255,27,4,85161
29071,7255,19,4,24844
29072,7255,99,4,64203
29073,7256,80,2,14416
29074,7256,100,4,55240
29075,7256,46,1,39246
29076,7257,21,3,33591
29077,7257,30,5,22486
29078,7257,96,1,93706
29079,7257,90,1,99988
29080,7257,73,5,58762
29081,7258,13,4,60825
29082,7258,20,2,13940
29083,7258,68,1,92995
29084,7259,99,1,64203
29085,7259,31,5,25080
29086,7259,72,1,53594
29087,7259,20,5,13940
29088,7260,59,5,68303
29089,7260,33,2,67163
29090,7260,4,5,72183
29091,7260,23,2,13902
29092,7260,42,3,44615
29093,7261,32,5,82134
29094,7261,86,5,33028
29095,7261,33,1,67163
29096,7261,79,4,37051
29097,7261,29,5,27367
29098,7262,45,5,89685
29099,7262,66,5,21309
29100,7262,39,2,30610
29101,7262,78,5,21761
29102,7263,87,5,47322
29103,7263,25,1,95530
29104,7263,3,4,92869
29105,7264,43,5,37544
29106,7264,10,3,15030
29107,7264,21,3,33591
29108,7264,6,5,23328
29109,7264,67,4,71990
29110,7265,71,5,62771
29111,7265,42,4,44615
29112,7265,92,2,43974
29113,7265,41,2,16916
29114,7266,69,1,66333
29115,7266,5,2,35124
29116,7266,50,1,53007
29117,7266,7,4,51167
29118,7266,81,2,69446
29119,7267,78,4,21761
29120,7267,66,4,21309
29121,7267,34,1,71809
29122,7267,15,1,59265
29123,7268,92,5,43974
29124,7268,98,2,88669
29125,7268,63,5,59829
29126,7269,33,2,67163
29127,7269,46,4,39246
29128,7269,95,5,10177
29129,7270,31,1,25080
29130,7270,70,4,16773
29131,7270,30,1,22486
29132,7270,71,1,62771
29133,7271,20,5,13940
29134,7271,11,4,42580
29135,7271,44,3,55170
29136,7271,3,2,92869
29137,7271,24,3,96972
29138,7272,69,4,66333
29139,7272,84,3,78759
29140,7272,58,3,66996
29141,7273,7,1,51167
29142,7273,62,5,39951
29143,7273,81,3,69446
29144,7273,17,3,32785
29145,7274,79,3,37051
29146,7274,12,1,31257
29147,7274,31,3,25080
29148,7274,67,1,71990
29149,7275,80,2,14416
29150,7275,54,4,55716
29151,7275,48,3,56186
29152,7275,19,2,24844
29153,7276,15,2,59265
29154,7276,4,4,72183
29155,7276,26,2,47395
29156,7276,49,4,86790
29157,7277,15,4,59265
29158,7277,86,5,33028
29159,7277,4,1,72183
29160,7278,36,2,50269
29161,7278,100,3,55240
29162,7278,18,1,49881
29163,7278,85,4,49747
29164,7279,42,3,44615
29165,7279,7,5,51167
29166,7279,77,4,62543
29167,7279,65,4,95196
29168,7280,50,1,53007
29169,7280,5,3,35124
29170,7280,57,5,87341
29171,7280,51,5,22310
29172,7280,70,4,16773
29173,7281,86,5,33028
29174,7281,23,2,13902
29175,7281,25,4,95530
29176,7281,42,2,44615
29177,7282,34,5,71809
29178,7282,76,2,95956
29179,7282,33,4,67163
29180,7282,5,5,35124
29181,7283,65,5,95196
29182,7283,53,5,58950
29183,7283,64,4,18863
29184,7284,81,3,69446
29185,7284,55,4,50282
29186,7284,47,4,38951
29187,7285,47,4,38951
29188,7285,70,5,16773
29189,7285,91,4,87573
29190,7285,35,1,27106
29191,7286,49,1,86790
29192,7286,11,5,42580
29193,7286,3,3,92869
29194,7286,32,3,82134
29195,7287,84,5,78759
29196,7287,77,5,62543
29197,7287,24,1,96972
29198,7287,60,1,91851
29199,7288,83,4,57341
29200,7288,5,3,35124
29201,7288,73,2,58762
29202,7288,35,4,27106
29203,7289,78,3,21761
29204,7289,22,3,20870
29205,7289,8,3,71394
29206,7290,9,5,24385
29207,7290,5,4,35124
29208,7290,7,1,51167
29209,7291,55,5,50282
29210,7291,60,3,91851
29211,7291,38,1,89599
29212,7292,78,4,21761
29213,7292,27,4,85161
29214,7292,64,2,18863
29215,7292,92,5,43974
29216,7292,67,1,71990
29217,7293,91,4,87573
29218,7293,67,2,71990
29219,7293,26,4,47395
29220,7293,5,1,35124
29221,7293,38,4,89599
29222,7294,76,1,95956
29223,7294,78,5,21761
29224,7294,37,3,31314
29225,7295,96,1,93706
29226,7295,86,5,33028
29227,7295,49,2,86790
29228,7295,95,4,10177
29229,7296,25,1,95530
29230,7296,10,2,15030
29231,7296,27,3,85161
29232,7297,96,2,93706
29233,7297,80,2,14416
29234,7297,77,3,62543
29235,7298,70,4,16773
29236,7298,30,3,22486
29237,7298,11,5,42580
29238,7299,91,2,87573
29239,7299,76,1,95956
29240,7299,1,3,77345
29241,7299,29,2,27367
29242,7300,84,2,78759
29243,7300,6,5,23328
29244,7300,28,3,53426
29245,7300,80,3,14416
29246,7301,38,1,89599
29247,7301,58,2,66996
29248,7301,6,4,23328
29249,7301,20,5,13940
29250,7301,50,1,53007
29251,7302,91,4,87573
29252,7302,95,3,10177
29253,7302,64,5,18863
29254,7302,48,3,56186
29255,7303,76,4,95956
29256,7303,13,4,60825
29257,7303,63,1,59829
29258,7304,1,1,77345
29259,7304,21,2,33591
29260,7304,30,2,22486
29261,7304,59,1,68303
29262,7304,45,4,89685
29263,7305,10,3,15030
29264,7305,23,3,13902
29265,7305,88,3,82751
29266,7306,66,4,21309
29267,7306,6,3,23328
29268,7306,53,4,58950
29269,7306,63,4,59829
29270,7307,27,4,85161
29271,7307,47,4,38951
29272,7307,57,2,87341
29273,7308,26,1,47395
29274,7308,65,4,95196
29275,7308,40,5,63117
29276,7309,99,2,64203
29277,7309,49,1,86790
29278,7309,94,5,54643
29279,7309,65,4,95196
29280,7310,95,1,10177
29281,7310,99,3,64203
29282,7310,79,2,37051
29283,7310,45,4,89685
29284,7310,96,3,93706
29285,7311,74,1,60296
29286,7311,21,4,33591
29287,7311,49,4,86790
29288,7312,66,4,21309
29289,7312,57,2,87341
29290,7312,84,1,78759
29291,7312,25,2,95530
29292,7313,89,2,99643
29293,7313,79,3,37051
29294,7313,41,4,16916
29295,7313,15,2,59265
29296,7314,89,3,99643
29297,7314,87,2,47322
29298,7314,18,3,49881
29299,7315,32,1,82134
29300,7315,3,2,92869
29301,7315,2,4,16956
29302,7315,51,5,22310
29303,7316,67,1,71990
29304,7316,6,2,23328
29305,7316,79,5,37051
29306,7316,4,4,72183
29307,7317,5,4,35124
29308,7317,35,2,27106
29309,7317,10,2,15030
29310,7317,96,4,93706
29311,7318,48,3,56186
29312,7318,7,3,51167
29313,7318,8,4,71394
29314,7318,39,4,30610
29315,7319,96,5,93706
29316,7319,88,3,82751
29317,7319,41,3,16916
29318,7319,64,4,18863
29319,7319,83,1,57341
29320,7320,5,2,35124
29321,7320,63,3,59829
29322,7320,47,2,38951
29323,7320,8,1,71394
29324,7321,12,2,31257
29325,7321,26,4,47395
29326,7321,72,4,53594
29327,7321,62,5,39951
29328,7321,39,5,30610
29329,7322,14,2,61112
29330,7322,10,1,15030
29331,7322,91,4,87573
29332,7322,78,1,21761
29333,7322,56,5,13545
29334,7323,50,4,53007
29335,7323,96,5,93706
29336,7323,70,4,16773
29337,7324,22,4,20870
29338,7324,2,5,16956
29339,7324,86,4,33028
29340,7324,74,3,60296
29341,7325,50,2,53007
29342,7325,24,1,96972
29343,7325,42,5,44615
29344,7326,2,4,16956
29345,7326,91,3,87573
29346,7326,8,2,71394
29347,7326,35,5,27106
29348,7327,27,1,85161
29349,7327,85,2,49747
29350,7327,92,5,43974
29351,7327,12,3,31257
29352,7328,19,1,24844
29353,7328,98,3,88669
29354,7328,58,4,66996
29355,7328,76,4,95956
29356,7328,3,2,92869
29357,7329,9,1,24385
29358,7329,65,3,95196
29359,7329,43,3,37544
29360,7329,14,1,61112
29361,7329,2,1,16956
29362,7330,6,3,23328
29363,7330,39,2,30610
29364,7330,30,4,22486
29365,7331,41,4,16916
29366,7331,95,4,10177
29367,7331,87,2,47322
29368,7331,76,3,95956
29369,7331,79,3,37051
29370,7332,96,3,93706
29371,7332,7,1,51167
29372,7332,54,1,55716
29373,7333,11,3,42580
29374,7333,85,5,49747
29375,7333,24,1,96972
29376,7333,7,5,51167
29377,7334,46,2,39246
29378,7334,32,2,82134
29379,7334,48,4,56186
29380,7334,52,5,47423
29381,7335,63,1,59829
29382,7335,95,5,10177
29383,7335,89,1,99643
29384,7336,72,2,53594
29385,7336,99,1,64203
29386,7336,23,3,13902
29387,7336,21,1,33591
29388,7337,91,5,87573
29389,7337,39,1,30610
29390,7337,19,1,24844
29391,7337,77,5,62543
29392,7338,81,4,69446
29393,7338,48,5,56186
29394,7338,20,3,13940
29395,7339,58,1,66996
29396,7339,9,2,24385
29397,7339,88,2,82751
29398,7340,17,2,32785
29399,7340,98,5,88669
29400,7340,10,4,15030
29401,7340,68,5,92995
29402,7340,79,5,37051
29403,7341,70,5,16773
29404,7341,25,1,95530
29405,7341,59,5,68303
29406,7341,29,2,27367
29407,7341,36,5,50269
29408,7342,71,3,62771
29409,7342,93,4,25266
29410,7342,39,2,30610
29411,7342,69,3,66333
29412,7342,41,4,16916
29413,7343,38,2,89599
29414,7343,23,1,13902
29415,7343,69,2,66333
29416,7343,96,3,93706
29417,7344,16,1,21730
29418,7344,77,4,62543
29419,7344,53,1,58950
29420,7344,60,4,91851
29421,7344,92,2,43974
29422,7345,1,1,77345
29423,7345,21,4,33591
29424,7345,40,4,63117
29425,7345,74,4,60296
29426,7345,38,3,89599
29427,7346,13,3,60825
29428,7346,17,5,32785
29429,7346,47,1,38951
29430,7347,42,3,44615
29431,7347,92,4,43974
29432,7347,2,5,16956
29433,7347,70,4,16773
29434,7348,100,4,55240
29435,7348,47,2,38951
29436,7348,85,2,49747
29437,7349,79,4,37051
29438,7349,77,1,62543
29439,7349,51,2,22310
29440,7350,82,3,40303
29441,7350,76,5,95956
29442,7350,12,2,31257
29443,7350,95,2,10177
29444,7351,97,5,24578
29445,7351,10,4,15030
29446,7351,81,2,69446
29447,7352,70,2,16773
29448,7352,7,2,51167
29449,7352,22,1,20870
29450,7352,5,1,35124
29451,7353,21,2,33591
29452,7353,93,4,25266
29453,7353,80,1,14416
29454,7353,30,2,22486
29455,7354,93,1,25266
29456,7354,78,1,21761
29457,7354,91,5,87573
29458,7355,93,5,25266
29459,7355,22,1,20870
29460,7355,24,2,96972
29461,7356,80,3,14416
29462,7356,30,2,22486
29463,7356,53,3,58950
29464,7357,41,4,16916
29465,7357,49,2,86790
29466,7357,30,1,22486
29467,7358,58,2,66996
29468,7358,85,4,49747
29469,7358,32,1,82134
29470,7358,71,3,62771
29471,7358,89,3,99643
29472,7359,69,5,66333
29473,7359,71,1,62771
29474,7359,53,2,58950
29475,7360,80,4,14416
29476,7360,73,2,58762
29477,7360,31,2,25080
29478,7360,70,5,16773
29479,7361,96,5,93706
29480,7361,36,1,50269
29481,7361,32,5,82134
29482,7362,36,1,50269
29483,7362,94,5,54643
29484,7362,75,5,31489
29485,7363,25,4,95530
29486,7363,63,5,59829
29487,7363,100,3,55240
29488,7363,90,1,99988
29489,7364,88,4,82751
29490,7364,51,5,22310
29491,7364,5,3,35124
29492,7364,79,3,37051
29493,7365,98,4,88669
29494,7365,9,3,24385
29495,7365,40,5,63117
29496,7365,27,5,85161
29497,7365,83,5,57341
29498,7366,11,1,42580
29499,7366,8,2,71394
29500,7366,83,1,57341
29501,7366,24,1,96972
29502,7367,85,1,49747
29503,7367,56,2,13545
29504,7367,30,5,22486
29505,7367,28,5,53426
29506,7367,87,1,47322
29507,7368,49,2,86790
29508,7368,78,1,21761
29509,7368,8,4,71394
29510,7368,53,5,58950
29511,7369,60,5,91851
29512,7369,28,5,53426
29513,7369,54,3,55716
29514,7370,68,3,92995
29515,7370,25,4,95530
29516,7370,44,5,55170
29517,7370,80,3,14416
29518,7370,33,3,67163
29519,7371,78,5,21761
29520,7371,58,4,66996
29521,7371,66,5,21309
29522,7371,95,1,10177
29523,7372,73,4,58762
29524,7372,63,1,59829
29525,7372,99,5,64203
29526,7373,48,4,56186
29527,7373,62,1,39951
29528,7373,87,4,47322
29529,7373,21,3,33591
29530,7374,64,5,18863
29531,7374,7,3,51167
29532,7374,51,2,22310
29533,7374,89,4,99643
29534,7375,94,3,54643
29535,7375,90,1,99988
29536,7375,63,5,59829
29537,7375,87,1,47322
29538,7376,16,3,21730
29539,7376,39,1,30610
29540,7376,63,3,59829
29541,7376,27,2,85161
29542,7377,49,5,86790
29543,7377,48,3,56186
29544,7377,83,2,57341
29545,7377,90,3,99988
29546,7377,45,3,89685
29547,7378,53,4,58950
29548,7378,77,1,62543
29549,7378,91,4,87573
29550,7379,15,3,59265
29551,7379,89,2,99643
29552,7379,100,5,55240
29553,7379,97,1,24578
29554,7379,46,2,39246
29555,7380,48,2,56186
29556,7380,94,5,54643
29557,7380,15,3,59265
29558,7381,32,4,82134
29559,7381,64,5,18863
29560,7381,95,1,10177
29561,7381,59,5,68303
29562,7382,8,4,71394
29563,7382,9,2,24385
29564,7382,61,5,83461
29565,7382,48,5,56186
29566,7382,28,3,53426
29567,7383,59,2,68303
29568,7383,74,4,60296
29569,7383,95,5,10177
29570,7383,51,3,22310
29571,7384,60,1,91851
29572,7384,46,4,39246
29573,7384,70,1,16773
29574,7384,95,5,10177
29575,7384,43,3,37544
29576,7385,97,3,24578
29577,7385,17,3,32785
29578,7385,48,3,56186
29579,7385,47,3,38951
29580,7386,87,1,47322
29581,7386,89,1,99643
29582,7386,14,1,61112
29583,7386,10,5,15030
29584,7386,60,1,91851
29585,7387,85,2,49747
29586,7387,88,1,82751
29587,7387,96,3,93706
29588,7387,30,1,22486
29589,7388,72,3,53594
29590,7388,16,4,21730
29591,7388,97,2,24578
29592,7388,79,4,37051
29593,7389,16,5,21730
29594,7389,93,4,25266
29595,7389,23,3,13902
29596,7390,62,1,39951
29597,7390,2,3,16956
29598,7390,99,4,64203
29599,7391,33,3,67163
29600,7391,39,2,30610
29601,7391,8,4,71394
29602,7392,45,2,89685
29603,7392,13,3,60825
29604,7392,100,2,55240
29605,7392,3,3,92869
29606,7392,67,1,71990
29607,7393,44,2,55170
29608,7393,58,2,66996
29609,7393,3,4,92869
29610,7393,100,3,55240
29611,7394,61,4,83461
29612,7394,26,4,47395
29613,7394,71,4,62771
29614,7395,40,5,63117
29615,7395,58,3,66996
29616,7395,85,2,49747
29617,7395,93,4,25266
29618,7396,79,1,37051
29619,7396,48,4,56186
29620,7396,99,2,64203
29621,7396,81,3,69446
29622,7397,59,3,68303
29623,7397,14,3,61112
29624,7397,53,4,58950
29625,7397,76,1,95956
29626,7398,53,5,58950
29627,7398,59,4,68303
29628,7398,43,3,37544
29629,7398,4,1,72183
29630,7398,45,2,89685
29631,7399,3,3,92869
29632,7399,24,5,96972
29633,7399,92,3,43974
29634,7399,31,4,25080
29635,7400,97,3,24578
29636,7400,8,5,71394
29637,7400,82,3,40303
29638,7400,36,2,50269
29639,7400,76,3,95956
29640,7401,40,5,63117
29641,7401,52,3,47423
29642,7401,77,5,62543
29643,7402,23,4,13902
29644,7402,74,3,60296
29645,7402,25,2,95530
29646,7402,52,2,47423
29647,7403,61,3,83461
29648,7403,13,2,60825
29649,7403,33,4,67163
29650,7403,77,5,62543
29651,7404,79,3,37051
29652,7404,100,2,55240
29653,7404,42,5,44615
29654,7404,34,2,71809
29655,7404,9,2,24385
29656,7405,46,1,39246
29657,7405,70,4,16773
29658,7405,53,4,58950
29659,7405,95,2,10177
29660,7406,68,3,92995
29661,7406,16,3,21730
29662,7406,49,3,86790
29663,7406,82,5,40303
29664,7406,6,3,23328
29665,7407,2,4,16956
29666,7407,54,1,55716
29667,7407,13,2,60825
29668,7407,71,3,62771
29669,7408,42,5,44615
29670,7408,48,4,56186
29671,7408,97,3,24578
29672,7409,66,1,21309
29673,7409,62,5,39951
29674,7409,32,4,82134
29675,7410,12,3,31257
29676,7410,53,5,58950
29677,7410,70,5,16773
29678,7410,81,4,69446
29679,7411,6,5,23328
29680,7411,97,5,24578
29681,7411,53,2,58950
29682,7411,99,3,64203
29683,7412,21,3,33591
29684,7412,16,2,21730
29685,7412,79,4,37051
29686,7413,32,3,82134
29687,7413,8,2,71394
29688,7413,41,4,16916
29689,7414,70,2,16773
29690,7414,25,1,95530
29691,7414,32,1,82134
29692,7414,8,1,71394
29693,7414,5,1,35124
29694,7415,46,3,39246
29695,7415,93,2,25266
29696,7415,77,5,62543
29697,7415,41,5,16916
29698,7415,1,3,77345
29699,7416,11,1,42580
29700,7416,97,2,24578
29701,7416,80,1,14416
29702,7416,86,5,33028
29703,7417,5,5,35124
29704,7417,69,2,66333
29705,7417,71,1,62771
29706,7417,14,2,61112
29707,7418,93,4,25266
29708,7418,85,1,49747
29709,7418,61,1,83461
29710,7419,6,4,23328
29711,7419,54,1,55716
29712,7419,28,4,53426
29713,7419,69,1,66333
29714,7420,50,2,53007
29715,7420,6,3,23328
29716,7420,95,2,10177
29717,7421,85,1,49747
29718,7421,71,2,62771
29719,7421,48,2,56186
29720,7421,33,1,67163
29721,7421,28,2,53426
29722,7422,98,2,88669
29723,7422,48,4,56186
29724,7422,32,2,82134
29725,7422,38,2,89599
29726,7423,61,4,83461
29727,7423,7,4,51167
29728,7423,11,1,42580
29729,7423,77,5,62543
29730,7424,8,2,71394
29731,7424,29,1,27367
29732,7424,56,3,13545
29733,7424,84,1,78759
29734,7425,93,2,25266
29735,7425,14,3,61112
29736,7425,44,3,55170
29737,7425,31,5,25080
29738,7426,18,1,49881
29739,7426,66,5,21309
29740,7426,56,4,13545
29741,7427,35,2,27106
29742,7427,37,2,31314
29743,7427,50,4,53007
29744,7428,46,4,39246
29745,7428,49,5,86790
29746,7428,16,1,21730
29747,7428,19,3,24844
29748,7428,65,3,95196
29749,7429,31,3,25080
29750,7429,88,5,82751
29751,7429,79,2,37051
29752,7429,66,1,21309
29753,7430,75,2,31489
29754,7430,63,1,59829
29755,7430,86,2,33028
29756,7430,83,2,57341
29757,7430,78,1,21761
29758,7431,84,4,78759
29759,7431,61,2,83461
29760,7431,72,3,53594
29761,7432,42,3,44615
29762,7432,75,2,31489
29763,7432,82,3,40303
29764,7432,27,4,85161
29765,7432,35,5,27106
29766,7433,5,3,35124
29767,7433,29,4,27367
29768,7433,96,4,93706
29769,7434,18,4,49881
29770,7434,92,3,43974
29771,7434,99,3,64203
29772,7434,22,3,20870
29773,7435,69,5,66333
29774,7435,44,3,55170
29775,7435,8,3,71394
29776,7435,52,3,47423
29777,7435,38,4,89599
29778,7436,34,2,71809
29779,7436,57,5,87341
29780,7436,44,5,55170
29781,7436,63,2,59829
29782,7436,15,1,59265
29783,7437,18,3,49881
29784,7437,82,1,40303
29785,7437,49,4,86790
29786,7437,94,5,54643
29787,7437,27,2,85161
29788,7438,83,5,57341
29789,7438,67,2,71990
29790,7438,52,3,47423
29791,7438,18,2,49881
29792,7439,90,5,99988
29793,7439,59,2,68303
29794,7439,82,5,40303
29795,7440,76,4,95956
29796,7440,15,1,59265
29797,7440,68,1,92995
29798,7440,17,2,32785
29799,7440,67,3,71990
29800,7441,73,2,58762
29801,7441,15,4,59265
29802,7441,38,3,89599
29803,7441,98,1,88669
29804,7441,58,2,66996
29805,7442,3,2,92869
29806,7442,67,4,71990
29807,7442,41,5,16916
29808,7442,88,4,82751
29809,7443,92,1,43974
29810,7443,26,2,47395
29811,7443,82,5,40303
29812,7444,3,1,92869
29813,7444,62,5,39951
29814,7444,15,5,59265
29815,7444,98,5,88669
29816,7444,33,1,67163
29817,7445,7,4,51167
29818,7445,69,3,66333
29819,7445,59,4,68303
29820,7446,27,2,85161
29821,7446,43,5,37544
29822,7446,68,3,92995
29823,7446,56,1,13545
29824,7446,87,4,47322
29825,7447,80,1,14416
29826,7447,1,3,77345
29827,7447,56,3,13545
29828,7448,8,3,71394
29829,7448,38,4,89599
29830,7448,2,1,16956
29831,7449,33,5,67163
29832,7449,78,2,21761
29833,7449,60,1,91851
29834,7449,76,1,95956
29835,7450,29,1,27367
29836,7450,24,3,96972
29837,7450,58,2,66996
29838,7451,16,1,21730
29839,7451,59,1,68303
29840,7451,28,1,53426
29841,7452,26,3,47395
29842,7452,34,3,71809
29843,7452,29,5,27367
29844,7453,22,4,20870
29845,7453,42,4,44615
29846,7453,98,3,88669
29847,7453,53,2,58950
29848,7453,51,3,22310
29849,7454,20,2,13940
29850,7454,73,5,58762
29851,7454,16,3,21730
29852,7455,36,3,50269
29853,7455,8,4,71394
29854,7455,39,3,30610
29855,7456,33,1,67163
29856,7456,13,1,60825
29857,7456,53,2,58950
29858,7456,37,1,31314
29859,7457,78,5,21761
29860,7457,13,2,60825
29861,7457,15,5,59265
29862,7458,6,5,23328
29863,7458,94,4,54643
29864,7458,65,2,95196
29865,7459,48,3,56186
29866,7459,94,3,54643
29867,7459,57,3,87341
29868,7459,17,1,32785
29869,7459,62,4,39951
29870,7460,2,5,16956
29871,7460,12,3,31257
29872,7460,92,2,43974
29873,7461,61,2,83461
29874,7461,88,2,82751
29875,7461,98,2,88669
29876,7461,24,2,96972
29877,7462,30,2,22486
29878,7462,10,5,15030
29879,7462,96,3,93706
29880,7462,24,1,96972
29881,7462,16,5,21730
29882,7463,1,2,77345
29883,7463,84,5,78759
29884,7463,23,5,13902
29885,7463,68,1,92995
29886,7463,48,3,56186
29887,7464,3,4,92869
29888,7464,27,5,85161
29889,7464,49,2,86790
29890,7464,38,1,89599
29891,7464,18,2,49881
29892,7465,99,3,64203
29893,7465,50,1,53007
29894,7465,86,4,33028
29895,7466,49,2,86790
29896,7466,88,5,82751
29897,7466,11,5,42580
29898,7466,71,4,62771
29899,7467,7,3,51167
29900,7467,98,3,88669
29901,7467,17,2,32785
29902,7468,34,1,71809
29903,7468,90,2,99988
29904,7468,98,5,88669
29905,7469,48,2,56186
29906,7469,57,1,87341
29907,7469,16,3,21730
29908,7469,64,2,18863
29909,7469,78,2,21761
29910,7470,64,1,18863
29911,7470,16,3,21730
29912,7470,31,3,25080
29913,7470,61,4,83461
29914,7471,61,1,83461
29915,7471,68,5,92995
29916,7471,63,5,59829
29917,7471,41,1,16916
29918,7472,43,2,37544
29919,7472,68,5,92995
29920,7472,14,3,61112
29921,7473,97,2,24578
29922,7473,77,3,62543
29923,7473,92,2,43974
29924,7473,80,5,14416
29925,7474,15,3,59265
29926,7474,51,5,22310
29927,7474,31,5,25080
29928,7474,73,2,58762
29929,7474,44,1,55170
29930,7475,97,1,24578
29931,7475,11,3,42580
29932,7475,95,5,10177
29933,7475,83,5,57341
29934,7475,44,4,55170
29935,7476,10,4,15030
29936,7476,36,3,50269
29937,7476,98,1,88669
29938,7476,85,1,49747
29939,7477,21,1,33591
29940,7477,79,5,37051
29941,7477,67,5,71990
29942,7477,17,4,32785
29943,7477,9,4,24385
29944,7478,20,4,13940
29945,7478,65,4,95196
29946,7478,94,1,54643
29947,7478,14,4,61112
29948,7478,84,5,78759
29949,7479,73,3,58762
29950,7479,13,4,60825
29951,7479,98,3,88669
29952,7479,96,3,93706
29953,7479,17,4,32785
29954,7480,8,4,71394
29955,7480,11,4,42580
29956,7480,42,2,44615
29957,7481,62,1,39951
29958,7481,13,5,60825
29959,7481,27,2,85161
29960,7481,69,3,66333
29961,7481,14,4,61112
29962,7482,99,2,64203
29963,7482,4,3,72183
29964,7482,22,4,20870
29965,7482,94,2,54643
29966,7483,27,1,85161
29967,7483,63,2,59829
29968,7483,45,3,89685
29969,7483,75,2,31489
29970,7484,1,5,77345
29971,7484,39,2,30610
29972,7484,79,5,37051
29973,7484,72,1,53594
29974,7485,7,2,51167
29975,7485,47,1,38951
29976,7485,85,3,49747
29977,7485,88,2,82751
29978,7485,12,2,31257
29979,7486,25,2,95530
29980,7486,58,3,66996
29981,7486,90,3,99988
29982,7486,92,4,43974
29983,7487,79,2,37051
29984,7487,51,1,22310
29985,7487,67,4,71990
29986,7487,75,4,31489
29987,7488,74,5,60296
29988,7488,94,3,54643
29989,7488,5,2,35124
29990,7489,95,4,10177
29991,7489,91,5,87573
29992,7489,54,4,55716
29993,7489,44,5,55170
29994,7490,14,2,61112
29995,7490,3,3,92869
29996,7490,56,4,13545
29997,7491,32,2,82134
29998,7491,84,2,78759
29999,7491,39,2,30610
30000,7491,9,5,24385
30001,7492,91,3,87573
30002,7492,14,2,61112
30003,7492,68,3,92995
30004,7492,78,5,21761
30005,7492,35,2,27106
30006,7493,49,1,86790
30007,7493,35,1,27106
30008,7493,39,4,30610
30009,7494,63,1,59829
30010,7494,60,4,91851
30011,7494,18,1,49881
30012,7494,74,5,60296
30013,7495,50,3,53007
30014,7495,1,1,77345
30015,7495,66,5,21309
30016,7495,18,2,49881
30017,7495,32,1,82134
30018,7496,3,3,92869
30019,7496,80,5,14416
30020,7496,69,2,66333
30021,7496,62,4,39951
30022,7497,11,3,42580
30023,7497,57,4,87341
30024,7497,88,1,82751
30025,7497,56,5,13545
30026,7498,86,4,33028
30027,7498,18,1,49881
30028,7498,27,3,85161
30029,7499,88,4,82751
30030,7499,91,5,87573
30031,7499,34,5,71809
30032,7499,83,5,57341
30033,7500,57,3,87341
30034,7500,52,5,47423
30035,7500,73,1,58762
30036,7500,17,5,32785
30037,7500,8,5,71394
30038,7501,40,2,63117
30039,7501,13,4,60825
30040,7501,61,3,83461
30041,7501,47,2,38951
30042,7502,20,2,13940
30043,7502,22,2,20870
30044,7502,58,5,66996
30045,7502,19,1,24844
30046,7503,48,3,56186
30047,7503,74,1,60296
30048,7503,29,5,27367
30049,7504,43,2,37544
30050,7504,28,3,53426
30051,7504,6,5,23328
30052,7504,98,2,88669
30053,7505,30,5,22486
30054,7505,93,3,25266
30055,7505,3,3,92869
30056,7505,100,1,55240
30057,7505,57,2,87341
30058,7506,59,1,68303
30059,7506,23,1,13902
30060,7506,46,4,39246
30061,7506,84,3,78759
30062,7506,99,3,64203
30063,7507,34,1,71809
30064,7507,68,3,92995
30065,7507,14,2,61112
30066,7508,78,1,21761
30067,7508,82,2,40303
30068,7508,5,1,35124
30069,7509,36,2,50269
30070,7509,62,1,39951
30071,7509,72,2,53594
30072,7510,52,3,47423
30073,7510,14,3,61112
30074,7510,24,5,96972
30075,7510,41,3,16916
30076,7510,85,1,49747
30077,7511,51,4,22310
30078,7511,59,1,68303
30079,7511,15,4,59265
30080,7512,50,5,53007
30081,7512,28,2,53426
30082,7512,19,4,24844
30083,7512,45,5,89685
30084,7512,37,2,31314
30085,7513,65,4,95196
30086,7513,34,2,71809
30087,7513,81,3,69446
30088,7514,57,5,87341
30089,7514,50,2,53007
30090,7514,68,3,92995
30091,7514,19,5,24844
30092,7515,40,3,63117
30093,7515,79,2,37051
30094,7515,25,5,95530
30095,7515,50,2,53007
30096,7516,10,2,15030
30097,7516,48,4,56186
30098,7516,5,1,35124
30099,7516,28,2,53426
30100,7517,7,1,51167
30101,7517,56,4,13545
30102,7517,24,2,96972
30103,7517,88,4,82751
30104,7518,28,1,53426
30105,7518,68,1,92995
30106,7518,9,1,24385
30107,7519,96,3,93706
30108,7519,58,1,66996
30109,7519,20,3,13940
30110,7519,42,5,44615
30111,7520,50,2,53007
30112,7520,21,1,33591
30113,7520,83,2,57341
30114,7520,58,2,66996
30115,7521,59,3,68303
30116,7521,2,4,16956
30117,7521,8,4,71394
30118,7521,71,3,62771
30119,7522,88,4,82751
30120,7522,40,3,63117
30121,7522,5,1,35124
30122,7522,95,3,10177
30123,7522,35,5,27106
30124,7523,42,3,44615
30125,7523,53,5,58950
30126,7523,30,4,22486
30127,7523,99,2,64203
30128,7523,15,5,59265
30129,7524,53,4,58950
30130,7524,82,3,40303
30131,7524,93,1,25266
30132,7525,20,4,13940
30133,7525,80,4,14416
30134,7525,49,1,86790
30135,7526,34,2,71809
30136,7526,6,3,23328
30137,7526,90,2,99988
30138,7527,25,1,95530
30139,7527,7,2,51167
30140,7527,83,2,57341
30141,7527,9,5,24385
30142,7528,33,1,67163
30143,7528,3,1,92869
30144,7528,16,2,21730
30145,7528,32,2,82134
30146,7528,62,5,39951
30147,7529,7,5,51167
30148,7529,36,1,50269
30149,7529,34,1,71809
30150,7530,11,2,42580
30151,7530,48,4,56186
30152,7530,67,3,71990
30153,7531,46,1,39246
30154,7531,49,5,86790
30155,7531,47,1,38951
30156,7531,82,4,40303
30157,7532,31,1,25080
30158,7532,79,1,37051
30159,7532,58,3,66996
30160,7532,10,2,15030
30161,7533,91,1,87573
30162,7533,20,4,13940
30163,7533,92,1,43974
30164,7533,14,5,61112
30165,7533,60,4,91851
30166,7534,63,5,59829
30167,7534,81,2,69446
30168,7534,28,5,53426
30169,7534,82,1,40303
30170,7534,26,3,47395
30171,7535,48,5,56186
30172,7535,7,4,51167
30173,7535,33,4,67163
30174,7536,31,1,25080
30175,7536,4,2,72183
30176,7536,53,4,58950
30177,7536,65,2,95196
30178,7537,36,5,50269
30179,7537,7,3,51167
30180,7537,61,2,83461
30181,7537,8,3,71394
30182,7538,12,3,31257
30183,7538,98,5,88669
30184,7538,90,1,99988
30185,7539,89,2,99643
30186,7539,14,4,61112
30187,7539,25,5,95530
30188,7539,51,4,22310
30189,7539,2,4,16956
30190,7540,73,1,58762
30191,7540,63,3,59829
30192,7540,1,2,77345
30193,7540,28,5,53426
30194,7541,38,5,89599
30195,7541,24,2,96972
30196,7541,12,3,31257
30197,7541,95,4,10177
30198,7541,34,5,71809
30199,7542,90,1,99988
30200,7542,31,1,25080
30201,7542,42,3,44615
30202,7542,75,5,31489
30203,7542,16,2,21730
30204,7543,12,1,31257
30205,7543,81,3,69446
30206,7543,61,3,83461
30207,7543,45,1,89685
30208,7543,47,1,38951
30209,7544,84,3,78759
30210,7544,46,2,39246
30211,7544,88,2,82751
30212,7544,40,5,63117
30213,7544,60,2,91851
30214,7545,86,4,33028
30215,7545,27,2,85161
30216,7545,92,2,43974
30217,7546,14,1,61112
30218,7546,12,2,31257
30219,7546,2,5,16956
30220,7547,11,2,42580
30221,7547,62,2,39951
30222,7547,15,2,59265
30223,7547,17,4,32785
30224,7548,83,3,57341
30225,7548,65,2,95196
30226,7548,100,4,55240
30227,7548,30,2,22486
30228,7549,96,2,93706
30229,7549,29,4,27367
30230,7549,36,2,50269
30231,7549,21,1,33591
30232,7549,33,2,67163
30233,7550,4,5,72183
30234,7550,28,2,53426
30235,7550,39,5,30610
30236,7550,41,3,16916
30237,7550,45,5,89685
30238,7551,75,5,31489
30239,7551,79,5,37051
30240,7551,95,5,10177
30241,7551,44,1,55170
30242,7552,43,3,37544
30243,7552,63,3,59829
30244,7552,75,4,31489
30245,7552,23,2,13902
30246,7552,84,3,78759
30247,7553,17,1,32785
30248,7553,72,3,53594
30249,7553,6,4,23328
30250,7553,84,1,78759
30251,7554,10,4,15030
30252,7554,91,3,87573
30253,7554,89,5,99643
30254,7555,39,4,30610
30255,7555,23,1,13902
30256,7555,22,1,20870
30257,7556,33,5,67163
30258,7556,89,2,99643
30259,7556,57,2,87341
30260,7556,25,5,95530
30261,7557,68,4,92995
30262,7557,35,4,27106
30263,7557,10,4,15030
30264,7557,73,5,58762
30265,7557,50,2,53007
30266,7558,38,2,89599
30267,7558,78,5,21761
30268,7558,97,5,24578
30269,7558,43,3,37544
30270,7558,47,3,38951
30271,7559,32,1,82134
30272,7559,99,5,64203
30273,7559,30,1,22486
30274,7559,86,5,33028
30275,7559,42,3,44615
30276,7560,55,5,50282
30277,7560,73,2,58762
30278,7560,17,1,32785
30279,7560,14,1,61112
30280,7560,98,3,88669
30281,7561,47,4,38951
30282,7561,80,2,14416
30283,7561,8,3,71394
30284,7562,95,3,10177
30285,7562,44,1,55170
30286,7562,90,2,99988
30287,7563,48,2,56186
30288,7563,80,5,14416
30289,7563,100,1,55240
30290,7564,88,1,82751
30291,7564,86,3,33028
30292,7564,50,1,53007
30293,7564,69,5,66333
30294,7565,58,4,66996
30295,7565,99,5,64203
30296,7565,36,4,50269
30297,7565,100,5,55240
30298,7566,56,2,13545
30299,7566,14,4,61112
30300,7566,65,1,95196
30301,7566,94,4,54643
30302,7566,35,2,27106
30303,7567,89,3,99643
30304,7567,55,3,50282
30305,7567,27,2,85161
30306,7567,50,5,53007
30307,7567,56,1,13545
30308,7568,36,2,50269
30309,7568,44,3,55170
30310,7568,96,5,93706
30311,7568,49,2,86790
30312,7569,76,4,95956
30313,7569,55,2,50282
30314,7569,69,3,66333
30315,7569,50,1,53007
30316,7569,48,2,56186
30317,7570,86,5,33028
30318,7570,57,1,87341
30319,7570,2,1,16956
30320,7570,53,1,58950
30321,7571,32,1,82134
30322,7571,86,4,33028
30323,7571,27,4,85161
30324,7572,8,3,71394
30325,7572,48,5,56186
30326,7572,30,5,22486
30327,7572,7,1,51167
30328,7572,22,5,20870
30329,7573,30,3,22486
30330,7573,79,1,37051
30331,7573,6,3,23328
30332,7573,3,1,92869
30333,7573,82,2,40303
30334,7574,81,5,69446
30335,7574,76,1,95956
30336,7574,63,4,59829
30337,7574,52,5,47423
30338,7574,87,3,47322
30339,7575,50,2,53007
30340,7575,75,4,31489
30341,7575,69,1,66333
30342,7575,79,2,37051
30343,7576,52,4,47423
30344,7576,49,5,86790
30345,7576,36,2,50269
30346,7577,22,5,20870
30347,7577,91,5,87573
30348,7577,95,1,10177
30349,7577,43,5,37544
30350,7578,11,3,42580
30351,7578,99,3,64203
30352,7578,92,3,43974
30353,7579,95,3,10177
30354,7579,26,3,47395
30355,7579,79,1,37051
30356,7579,72,3,53594
30357,7580,52,1,47423
30358,7580,54,5,55716
30359,7580,48,1,56186
30360,7580,22,4,20870
30361,7581,46,4,39246
30362,7581,71,3,62771
30363,7581,86,2,33028
30364,7581,25,5,95530
30365,7582,75,4,31489
30366,7582,76,3,95956
30367,7582,48,4,56186
30368,7582,96,1,93706
30369,7583,39,2,30610
30370,7583,28,5,53426
30371,7583,66,1,21309
30372,7583,74,3,60296
30373,7584,28,4,53426
30374,7584,69,2,66333
30375,7584,15,3,59265
30376,7585,6,3,23328
30377,7585,84,4,78759
30378,7585,72,2,53594
30379,7586,4,3,72183
30380,7586,69,1,66333
30381,7586,58,3,66996
30382,7586,21,5,33591
30383,7587,74,1,60296
30384,7587,4,2,72183
30385,7587,94,2,54643
30386,7588,3,5,92869
30387,7588,51,1,22310
30388,7588,67,2,71990
30389,7588,8,1,71394
30390,7588,61,1,83461
30391,7589,93,5,25266
30392,7589,15,5,59265
30393,7589,55,1,50282
30394,7589,66,3,21309
30395,7590,34,2,71809
30396,7590,79,3,37051
30397,7590,25,5,95530
30398,7590,81,1,69446
30399,7590,37,4,31314
30400,7591,74,3,60296
30401,7591,3,2,92869
30402,7591,22,2,20870
30403,7591,10,4,15030
30404,7592,76,2,95956
30405,7592,59,2,68303
30406,7592,48,4,56186
30407,7592,55,3,50282
30408,7593,67,1,71990
30409,7593,19,3,24844
30410,7593,26,5,47395
30411,7594,71,1,62771
30412,7594,52,1,47423
30413,7594,53,4,58950
30414,7594,45,1,89685
30415,7595,34,4,71809
30416,7595,23,3,13902
30417,7595,82,1,40303
30418,7595,72,2,53594
30419,7596,48,4,56186
30420,7596,61,2,83461
30421,7596,29,3,27367
30422,7597,60,2,91851
30423,7597,95,4,10177
30424,7597,24,5,96972
30425,7597,29,2,27367
30426,7597,50,1,53007
30427,7598,3,2,92869
30428,7598,78,1,21761
30429,7598,43,4,37544
30430,7598,98,5,88669
30431,7599,89,1,99643
30432,7599,19,3,24844
30433,7599,57,5,87341
30434,7599,31,3,25080
30435,7599,16,3,21730
30436,7600,88,4,82751
30437,7600,76,3,95956
30438,7600,79,5,37051
30439,7601,52,1,47423
30440,7601,61,5,83461
30441,7601,55,1,50282
30442,7601,89,1,99643
30443,7602,48,2,56186
30444,7602,66,4,21309
30445,7602,62,3,39951
30446,7602,7,3,51167
30447,7602,6,5,23328
30448,7603,33,5,67163
30449,7603,77,5,62543
30450,7603,3,2,92869
30451,7604,67,2,71990
30452,7604,41,4,16916
30453,7604,18,2,49881
30454,7604,89,1,99643
30455,7605,59,4,68303
30456,7605,75,3,31489
30457,7605,95,3,10177
30458,7605,28,5,53426
30459,7606,86,5,33028
30460,7606,39,3,30610
30461,7606,32,3,82134
30462,7606,58,2,66996
30463,7606,13,1,60825
30464,7607,48,3,56186
30465,7607,9,5,24385
30466,7607,49,4,86790
30467,7607,38,1,89599
30468,7607,33,5,67163
30469,7608,3,1,92869
30470,7608,69,1,66333
30471,7608,63,3,59829
30472,7608,57,2,87341
30473,7609,51,5,22310
30474,7609,13,5,60825
30475,7609,84,5,78759
30476,7609,34,5,71809
30477,7609,78,4,21761
30478,7610,63,5,59829
30479,7610,22,1,20870
30480,7610,89,2,99643
30481,7610,49,1,86790
30482,7611,49,2,86790
30483,7611,21,1,33591
30484,7611,77,4,62543
30485,7611,87,5,47322
30486,7611,98,1,88669
30487,7612,23,1,13902
30488,7612,88,1,82751
30489,7612,62,2,39951
30490,7613,17,1,32785
30491,7613,35,5,27106
30492,7613,83,1,57341
30493,7614,76,2,95956
30494,7614,43,4,37544
30495,7614,87,5,47322
30496,7615,79,4,37051
30497,7615,20,4,13940
30498,7615,51,3,22310
30499,7615,8,5,71394
30500,7615,42,3,44615
30501,7616,61,3,83461
30502,7616,6,5,23328
30503,7616,42,2,44615
30504,7616,9,4,24385
30505,7617,61,4,83461
30506,7617,38,5,89599
30507,7617,66,4,21309
30508,7617,40,5,63117
30509,7617,77,5,62543
30510,7618,36,5,50269
30511,7618,60,5,91851
30512,7618,77,3,62543
30513,7618,27,1,85161
30514,7619,84,5,78759
30515,7619,14,1,61112
30516,7619,74,4,60296
30517,7619,77,4,62543
30518,7620,39,3,30610
30519,7620,46,4,39246
30520,7620,32,2,82134
30521,7621,56,1,13545
30522,7621,58,3,66996
30523,7621,6,3,23328
30524,7621,96,1,93706
30525,7622,6,1,23328
30526,7622,60,1,91851
30527,7622,86,3,33028
30528,7622,80,2,14416
30529,7622,49,3,86790
30530,7623,77,3,62543
30531,7623,97,4,24578
30532,7623,38,1,89599
30533,7623,45,3,89685
30534,7623,50,3,53007
30535,7624,95,4,10177
30536,7624,12,1,31257
30537,7624,27,1,85161
30538,7624,22,1,20870
30539,7624,46,2,39246
30540,7625,72,4,53594
30541,7625,64,1,18863
30542,7625,53,5,58950
30543,7625,28,2,53426
30544,7625,13,3,60825
30545,7626,6,3,23328
30546,7626,4,1,72183
30547,7626,14,3,61112
30548,7627,30,3,22486
30549,7627,88,2,82751
30550,7627,63,1,59829
30551,7627,39,1,30610
30552,7628,34,5,71809
30553,7628,68,2,92995
30554,7628,77,3,62543
30555,7629,8,3,71394
30556,7629,86,1,33028
30557,7629,33,3,67163
30558,7629,22,3,20870
30559,7630,100,4,55240
30560,7630,15,4,59265
30561,7630,3,2,92869
30562,7630,8,5,71394
30563,7631,91,4,87573
30564,7631,58,1,66996
30565,7631,25,3,95530
30566,7631,75,3,31489
30567,7631,85,4,49747
30568,7632,41,2,16916
30569,7632,38,4,89599
30570,7632,85,4,49747
30571,7633,10,1,15030
30572,7633,67,4,71990
30573,7633,64,3,18863
30574,7633,83,1,57341
30575,7633,38,5,89599
30576,7634,75,3,31489
30577,7634,7,3,51167
30578,7634,71,5,62771
30579,7634,1,4,77345
30580,7635,95,3,10177
30581,7635,81,5,69446
30582,7635,45,3,89685
30583,7636,92,1,43974
30584,7636,25,1,95530
30585,7636,3,2,92869
30586,7636,10,4,15030
30587,7636,47,3,38951
30588,7637,59,5,68303
30589,7637,12,5,31257
30590,7637,1,1,77345
30591,7638,79,4,37051
30592,7638,35,2,27106
30593,7638,92,5,43974
30594,7638,84,1,78759
30595,7638,78,2,21761
30596,7639,59,1,68303
30597,7639,18,2,49881
30598,7639,83,4,57341
30599,7640,96,1,93706
30600,7640,95,4,10177
30601,7640,11,3,42580
30602,7640,90,5,99988
30603,7641,85,1,49747
30604,7641,37,2,31314
30605,7641,82,5,40303
30606,7641,99,4,64203
30607,7642,58,4,66996
30608,7642,81,5,69446
30609,7642,1,4,77345
30610,7643,9,3,24385
30611,7643,89,4,99643
30612,7643,35,1,27106
30613,7644,40,4,63117
30614,7644,91,2,87573
30615,7644,64,2,18863
30616,7644,56,2,13545
30617,7644,36,1,50269
30618,7645,99,1,64203
30619,7645,92,4,43974
30620,7645,38,5,89599
30621,7645,7,2,51167
30622,7646,75,3,31489
30623,7646,98,3,88669
30624,7646,50,1,53007
30625,7647,78,2,21761
30626,7647,6,3,23328
30627,7647,92,4,43974
30628,7647,62,3,39951
30629,7647,74,5,60296
30630,7648,52,4,47423
30631,7648,21,2,33591
30632,7648,35,2,27106
30633,7648,54,5,55716
30634,7648,80,2,14416
30635,7649,70,1,16773
30636,7649,41,5,16916
30637,7649,47,5,38951
30638,7650,61,2,83461
30639,7650,16,5,21730
30640,7650,63,2,59829
30641,7650,97,4,24578
30642,7651,92,2,43974
30643,7651,40,2,63117
30644,7651,35,1,27106
30645,7652,88,4,82751
30646,7652,67,3,71990
30647,7652,33,3,67163
30648,7652,70,4,16773
30649,7653,11,3,42580
30650,7653,58,5,66996
30651,7653,93,2,25266
30652,7654,71,4,62771
30653,7654,63,2,59829
30654,7654,7,4,51167
30655,7655,16,4,21730
30656,7655,86,1,33028
30657,7655,30,1,22486
30658,7656,67,4,71990
30659,7656,89,3,99643
30660,7656,86,5,33028
30661,7656,35,4,27106
30662,7656,65,3,95196
30663,7657,52,4,47423
30664,7657,95,3,10177
30665,7657,14,2,61112
30666,7658,79,4,37051
30667,7658,88,5,82751
30668,7658,29,3,27367
30669,7659,1,1,77345
30670,7659,46,2,39246
30671,7659,50,5,53007
30672,7660,8,4,71394
30673,7660,58,1,66996
30674,7660,49,4,86790
30675,7661,24,1,96972
30676,7661,47,2,38951
30677,7661,63,1,59829
30678,7661,97,3,24578
30679,7662,67,2,71990
30680,7662,14,4,61112
30681,7662,16,5,21730
30682,7662,70,4,16773
30683,7662,100,5,55240
30684,7663,56,4,13545
30685,7663,47,2,38951
30686,7663,10,5,15030
30687,7663,41,5,16916
30688,7664,100,4,55240
30689,7664,37,1,31314
30690,7664,17,1,32785
30691,7664,84,4,78759
30692,7665,50,5,53007
30693,7665,19,4,24844
30694,7665,37,4,31314
30695,7665,66,1,21309
30696,7665,45,2,89685
30697,7666,94,5,54643
30698,7666,11,4,42580
30699,7666,98,1,88669
30700,7666,33,1,67163
30701,7667,68,2,92995
30702,7667,25,4,95530
30703,7667,4,3,72183
30704,7667,69,4,66333
30705,7667,39,5,30610
30706,7668,11,2,42580
30707,7668,67,2,71990
30708,7668,19,1,24844
30709,7669,87,2,47322
30710,7669,48,5,56186
30711,7669,60,5,91851
30712,7669,75,5,31489
30713,7669,5,4,35124
30714,7670,52,2,47423
30715,7670,56,2,13545
30716,7670,4,3,72183
30717,7670,70,1,16773
30718,7670,23,4,13902
30719,7671,81,3,69446
30720,7671,11,1,42580
30721,7671,27,4,85161
30722,7671,22,3,20870
30723,7671,5,3,35124
30724,7672,78,2,21761
30725,7672,15,5,59265
30726,7672,49,1,86790
30727,7673,86,3,33028
30728,7673,33,5,67163
30729,7673,68,4,92995
30730,7674,68,1,92995
30731,7674,70,5,16773
30732,7674,3,3,92869
30733,7674,21,4,33591
30734,7674,15,1,59265
30735,7675,10,2,15030
30736,7675,72,1,53594
30737,7675,24,2,96972
30738,7675,31,3,25080
30739,7675,1,4,77345
30740,7676,19,5,24844
30741,7676,80,3,14416
30742,7676,13,5,60825
30743,7676,69,1,66333
30744,7677,43,1,37544
30745,7677,37,1,31314
30746,7677,36,2,50269
30747,7677,18,2,49881
30748,7678,20,3,13940
30749,7678,43,5,37544
30750,7678,62,2,39951
30751,7679,15,2,59265
30752,7679,74,2,60296
30753,7679,17,1,32785
30754,7680,97,1,24578
30755,7680,75,2,31489
30756,7680,73,3,58762
30757,7680,63,5,59829
30758,7680,57,1,87341
30759,7681,62,1,39951
30760,7681,61,5,83461
30761,7681,87,2,47322
30762,7682,36,2,50269
30763,7682,49,1,86790
30764,7682,29,2,27367
30765,7683,82,3,40303
30766,7683,4,2,72183
30767,7683,61,2,83461
30768,7683,27,2,85161
30769,7683,8,2,71394
30770,7684,82,4,40303
30771,7684,72,3,53594
30772,7684,21,4,33591
30773,7684,73,3,58762
30774,7684,83,5,57341
30775,7685,92,3,43974
30776,7685,81,1,69446
30777,7685,59,5,68303
30778,7685,48,5,56186
30779,7686,42,2,44615
30780,7686,97,5,24578
30781,7686,18,3,49881
30782,7686,15,3,59265
30783,7686,9,2,24385
30784,7687,12,2,31257
30785,7687,25,3,95530
30786,7687,64,3,18863
30787,7688,100,3,55240
30788,7688,49,5,86790
30789,7688,30,5,22486
30790,7689,58,3,66996
30791,7689,28,5,53426
30792,7689,97,3,24578
30793,7690,77,1,62543
30794,7690,3,2,92869
30795,7690,61,1,83461
30796,7690,57,4,87341
30797,7691,29,4,27367
30798,7691,56,1,13545
30799,7691,57,1,87341
30800,7691,99,1,64203
30801,7691,97,3,24578
30802,7692,44,3,55170
30803,7692,23,1,13902
30804,7692,49,3,86790
30805,7692,22,1,20870
30806,7692,95,1,10177
30807,7693,58,2,66996
30808,7693,39,1,30610
30809,7693,57,5,87341
30810,7693,67,1,71990
30811,7693,7,2,51167
30812,7694,84,5,78759
30813,7694,36,5,50269
30814,7694,51,3,22310
30815,7694,21,5,33591
30816,7694,49,3,86790
30817,7695,55,2,50282
30818,7695,75,4,31489
30819,7695,100,5,55240
30820,7695,69,5,66333
30821,7696,65,3,95196
30822,7696,70,4,16773
30823,7696,16,5,21730
30824,7696,63,3,59829
30825,7696,66,4,21309
30826,7697,66,4,21309
30827,7697,17,4,32785
30828,7697,63,3,59829
30829,7698,84,1,78759
30830,7698,32,4,82134
30831,7698,6,3,23328
30832,7698,50,2,53007
30833,7698,91,5,87573
30834,7699,14,3,61112
30835,7699,52,1,47423
30836,7699,9,5,24385
30837,7699,86,2,33028
30838,7700,37,5,31314
30839,7700,94,5,54643
30840,7700,15,4,59265
30841,7700,75,2,31489
30842,7700,24,1,96972
30843,7701,40,3,63117
30844,7701,97,1,24578
30845,7701,84,1,78759
30846,7702,96,3,93706
30847,7702,86,1,33028
30848,7702,54,2,55716
30849,7702,80,4,14416
30850,7703,58,3,66996
30851,7703,13,3,60825
30852,7703,73,2,58762
30853,7703,84,5,78759
30854,7704,23,3,13902
30855,7704,89,2,99643
30856,7704,77,1,62543
30857,7704,64,5,18863
30858,7704,21,2,33591
30859,7705,38,3,89599
30860,7705,39,3,30610
30861,7705,35,1,27106
30862,7705,8,2,71394
30863,7705,19,3,24844
30864,7706,48,2,56186
30865,7706,28,5,53426
30866,7706,7,1,51167
30867,7706,32,4,82134
30868,7706,62,4,39951
30869,7707,57,4,87341
30870,7707,70,2,16773
30871,7707,8,4,71394
30872,7708,70,1,16773
30873,7708,17,2,32785
30874,7708,91,1,87573
30875,7708,21,4,33591
30876,7708,28,1,53426
30877,7709,75,2,31489
30878,7709,71,4,62771
30879,7709,59,4,68303
30880,7709,25,1,95530
30881,7709,92,1,43974
30882,7710,78,4,21761
30883,7710,95,3,10177
30884,7710,66,4,21309
30885,7710,33,2,67163
30886,7710,11,5,42580
30887,7711,31,1,25080
30888,7711,30,2,22486
30889,7711,64,3,18863
30890,7712,47,2,38951
30891,7712,98,3,88669
30892,7712,82,1,40303
30893,7712,77,5,62543
30894,7712,61,5,83461
30895,7713,60,4,91851
30896,7713,97,5,24578
30897,7713,26,5,47395
30898,7714,34,3,71809
30899,7714,9,1,24385
30900,7714,10,5,15030
30901,7714,100,5,55240
30902,7715,99,4,64203
30903,7715,57,4,87341
30904,7715,62,1,39951
30905,7715,74,5,60296
30906,7716,71,1,62771
30907,7716,69,2,66333
30908,7716,85,4,49747
30909,7717,69,4,66333
30910,7717,81,2,69446
30911,7717,25,4,95530
30912,7718,25,1,95530
30913,7718,71,1,62771
30914,7718,44,3,55170
30915,7718,57,2,87341
30916,7718,83,2,57341
30917,7719,13,3,60825
30918,7719,63,3,59829
30919,7719,56,5,13545
30920,7719,95,4,10177
30921,7719,8,4,71394
30922,7720,44,4,55170
30923,7720,12,1,31257
30924,7720,9,1,24385
30925,7720,93,5,25266
30926,7720,5,5,35124
30927,7721,81,4,69446
30928,7721,66,5,21309
30929,7721,20,4,13940
30930,7721,88,4,82751
30931,7721,14,5,61112
30932,7722,34,2,71809
30933,7722,6,3,23328
30934,7722,47,3,38951
30935,7723,90,1,99988
30936,7723,47,1,38951
30937,7723,73,5,58762
30938,7723,55,3,50282
30939,7723,22,2,20870
30940,7724,9,5,24385
30941,7724,81,3,69446
30942,7724,13,5,60825
30943,7724,52,2,47423
30944,7725,15,3,59265
30945,7725,64,1,18863
30946,7725,3,4,92869
30947,7725,37,1,31314
30948,7725,99,4,64203
30949,7726,9,3,24385
30950,7726,32,1,82134
30951,7726,100,3,55240
30952,7726,87,4,47322
30953,7726,34,4,71809
30954,7727,32,3,82134
30955,7727,83,2,57341
30956,7727,76,5,95956
30957,7728,85,2,49747
30958,7728,44,1,55170
30959,7728,78,4,21761
30960,7728,10,2,15030
30961,7728,72,5,53594
30962,7729,33,5,67163
30963,7729,84,3,78759
30964,7729,57,5,87341
30965,7729,20,3,13940
30966,7729,37,4,31314
30967,7730,53,3,58950
30968,7730,43,1,37544
30969,7730,20,1,13940
30970,7731,39,3,30610
30971,7731,41,1,16916
30972,7731,31,1,25080
30973,7731,50,3,53007
30974,7732,67,5,71990
30975,7732,81,4,69446
30976,7732,11,3,42580
30977,7732,7,3,51167
30978,7733,45,2,89685
30979,7733,77,1,62543
30980,7733,5,2,35124
30981,7734,55,5,50282
30982,7734,26,4,47395
30983,7734,9,3,24385
30984,7735,95,2,10177
30985,7735,52,3,47423
30986,7735,4,2,72183
30987,7735,15,3,59265
30988,7736,10,4,15030
30989,7736,84,3,78759
30990,7736,9,5,24385
30991,7737,8,4,71394
30992,7737,30,2,22486
30993,7737,66,4,21309
30994,7737,33,1,67163
30995,7737,92,3,43974
30996,7738,80,1,14416
30997,7738,16,2,21730
30998,7738,67,1,71990
30999,7739,28,1,53426
31000,7739,62,5,39951
31001,7739,36,4,50269
31002,7739,46,5,39246
31003,7739,89,2,99643
31004,7740,39,5,30610
31005,7740,17,2,32785
31006,7740,52,4,47423
31007,7741,25,1,95530
31008,7741,30,4,22486
31009,7741,92,1,43974
31010,7741,69,1,66333
31011,7742,97,1,24578
31012,7742,82,4,40303
31013,7742,10,2,15030
31014,7742,16,4,21730
31015,7743,22,2,20870
31016,7743,92,1,43974
31017,7743,69,4,66333
31018,7744,14,2,61112
31019,7744,100,1,55240
31020,7744,70,1,16773
31021,7744,67,3,71990
31022,7745,27,1,85161
31023,7745,32,4,82134
31024,7745,70,4,16773
31025,7745,58,5,66996
31026,7745,100,1,55240
31027,7746,77,5,62543
31028,7746,99,4,64203
31029,7746,16,1,21730
31030,7746,46,3,39246
31031,7747,96,5,93706
31032,7747,95,3,10177
31033,7747,22,4,20870
31034,7747,33,2,67163
31035,7748,16,3,21730
31036,7748,93,5,25266
31037,7748,34,1,71809
31038,7748,12,2,31257
31039,7748,29,3,27367
31040,7749,92,4,43974
31041,7749,29,3,27367
31042,7749,71,4,62771
31043,7749,9,1,24385
31044,7749,34,5,71809
31045,7750,66,2,21309
31046,7750,100,5,55240
31047,7750,72,2,53594
31048,7750,77,1,62543
31049,7751,53,5,58950
31050,7751,97,4,24578
31051,7751,72,2,53594
31052,7752,39,5,30610
31053,7752,92,3,43974
31054,7752,61,4,83461
31055,7752,38,5,89599
31056,7752,36,3,50269
31057,7753,84,3,78759
31058,7753,69,5,66333
31059,7753,13,4,60825
31060,7753,91,2,87573
31061,7754,49,3,86790
31062,7754,55,4,50282
31063,7754,96,5,93706
31064,7755,4,4,72183
31065,7755,74,3,60296
31066,7755,20,5,13940
31067,7756,1,1,77345
31068,7756,8,1,71394
31069,7756,85,1,49747
31070,7756,77,2,62543
31071,7756,64,1,18863
31072,7757,71,2,62771
31073,7757,52,2,47423
31074,7757,91,4,87573
31075,7758,46,3,39246
31076,7758,49,4,86790
31077,7758,11,4,42580
31078,7758,42,5,44615
31079,7759,93,2,25266
31080,7759,68,4,92995
31081,7759,99,3,64203
31082,7759,79,5,37051
31083,7760,53,4,58950
31084,7760,87,1,47322
31085,7760,90,1,99988
31086,7761,45,4,89685
31087,7761,55,3,50282
31088,7761,86,5,33028
31089,7761,7,5,51167
31090,7761,76,3,95956
31091,7762,29,1,27367
31092,7762,68,2,92995
31093,7762,71,1,62771
31094,7762,93,4,25266
31095,7762,42,4,44615
31096,7763,65,5,95196
31097,7763,84,4,78759
31098,7763,21,1,33591
31099,7763,31,1,25080
31100,7764,94,5,54643
31101,7764,50,5,53007
31102,7764,96,2,93706
31103,7764,21,2,33591
31104,7764,45,3,89685
31105,7765,18,3,49881
31106,7765,10,3,15030
31107,7765,74,4,60296
31108,7766,63,2,59829
31109,7766,56,1,13545
31110,7766,1,1,77345
31111,7767,61,3,83461
31112,7767,38,4,89599
31113,7767,60,2,91851
31114,7767,97,5,24578
31115,7767,89,4,99643
31116,7768,19,4,24844
31117,7768,73,3,58762
31118,7768,58,2,66996
31119,7769,64,5,18863
31120,7769,94,5,54643
31121,7769,97,5,24578
31122,7769,47,1,38951
31123,7770,55,3,50282
31124,7770,1,5,77345
31125,7770,73,1,58762
31126,7770,74,1,60296
31127,7770,84,5,78759
31128,7771,44,3,55170
31129,7771,89,2,99643
31130,7771,5,3,35124
31131,7771,2,3,16956
31132,7771,27,2,85161
31133,7772,69,5,66333
31134,7772,82,1,40303
31135,7772,34,4,71809
31136,7772,58,5,66996
31137,7772,92,3,43974
31138,7773,84,3,78759
31139,7773,94,3,54643
31140,7773,18,5,49881
31141,7774,83,2,57341
31142,7774,40,2,63117
31143,7774,29,5,27367
31144,7774,90,3,99988
31145,7775,84,2,78759
31146,7775,89,2,99643
31147,7775,78,2,21761
31148,7776,3,1,92869
31149,7776,99,5,64203
31150,7776,86,3,33028
31151,7776,12,4,31257
31152,7777,34,1,71809
31153,7777,13,1,60825
31154,7777,22,3,20870
31155,7777,37,1,31314
31156,7777,68,3,92995
31157,7778,69,4,66333
31158,7778,32,3,82134
31159,7778,21,4,33591
31160,7778,2,5,16956
31161,7779,33,4,67163
31162,7779,92,1,43974
31163,7779,45,4,89685
31164,7779,90,4,99988
31165,7779,3,5,92869
31166,7780,90,2,99988
31167,7780,14,2,61112
31168,7780,97,5,24578
31169,7780,28,5,53426
31170,7781,36,3,50269
31171,7781,54,4,55716
31172,7781,81,5,69446
31173,7781,94,1,54643
31174,7782,28,2,53426
31175,7782,17,4,32785
31176,7782,6,1,23328
31177,7782,62,5,39951
31178,7783,58,5,66996
31179,7783,39,4,30610
31180,7783,50,5,53007
31181,7783,86,2,33028
31182,7783,55,2,50282
31183,7784,57,5,87341
31184,7784,81,5,69446
31185,7784,41,5,16916
31186,7784,12,3,31257
31187,7785,50,3,53007
31188,7785,86,4,33028
31189,7785,32,2,82134
31190,7785,68,5,92995
31191,7785,11,4,42580
31192,7786,80,3,14416
31193,7786,28,5,53426
31194,7786,9,5,24385
31195,7786,14,4,61112
31196,7787,2,4,16956
31197,7787,81,3,69446
31198,7787,57,3,87341
31199,7788,44,5,55170
31200,7788,12,3,31257
31201,7788,11,4,42580
31202,7788,24,4,96972
31203,7788,1,2,77345
31204,7789,80,3,14416
31205,7789,14,1,61112
31206,7789,77,5,62543
31207,7790,92,2,43974
31208,7790,41,4,16916
31209,7790,21,5,33591
31210,7790,32,3,82134
31211,7791,62,3,39951
31212,7791,42,5,44615
31213,7791,80,3,14416
31214,7791,88,2,82751
31215,7792,49,1,86790
31216,7792,20,4,13940
31217,7792,65,4,95196
31218,7793,63,3,59829
31219,7793,61,3,83461
31220,7793,77,2,62543
31221,7793,17,4,32785
31222,7794,65,3,95196
31223,7794,71,2,62771
31224,7794,29,1,27367
31225,7794,3,5,92869
31226,7795,40,5,63117
31227,7795,36,1,50269
31228,7795,59,2,68303
31229,7796,100,4,55240
31230,7796,33,3,67163
31231,7796,99,5,64203
31232,7796,73,4,58762
31233,7797,35,4,27106
31234,7797,20,4,13940
31235,7797,64,2,18863
31236,7798,61,2,83461
31237,7798,49,1,86790
31238,7798,16,5,21730
31239,7799,82,5,40303
31240,7799,22,1,20870
31241,7799,49,4,86790
31242,7800,20,4,13940
31243,7800,40,5,63117
31244,7800,32,1,82134
31245,7800,91,5,87573
31246,7800,75,2,31489
31247,7801,99,1,64203
31248,7801,26,5,47395
31249,7801,34,1,71809
31250,7801,19,2,24844
31251,7802,64,4,18863
31252,7802,37,4,31314
31253,7802,33,1,67163
31254,7802,9,1,24385
31255,7803,2,3,16956
31256,7803,88,5,82751
31257,7803,28,5,53426
31258,7803,43,3,37544
31259,7803,35,3,27106
31260,7804,3,1,92869
31261,7804,19,1,24844
31262,7804,92,3,43974
31263,7804,54,1,55716
31264,7804,73,3,58762
31265,7805,9,2,24385
31266,7805,87,5,47322
31267,7805,26,5,47395
31268,7805,33,4,67163
31269,7806,12,4,31257
31270,7806,25,2,95530
31271,7806,69,5,66333
31272,7806,50,5,53007
31273,7806,15,4,59265
31274,7807,11,3,42580
31275,7807,50,1,53007
31276,7807,64,4,18863
31277,7807,55,5,50282
31278,7808,2,4,16956
31279,7808,23,5,13902
31280,7808,32,2,82134
31281,7808,65,2,95196
31282,7808,91,3,87573
31283,7809,43,4,37544
31284,7809,42,3,44615
31285,7809,67,4,71990
31286,7809,15,5,59265
31287,7810,72,4,53594
31288,7810,21,2,33591
31289,7810,97,3,24578
31290,7811,72,2,53594
31291,7811,77,3,62543
31292,7811,52,5,47423
31293,7811,39,3,30610
31294,7811,17,2,32785
31295,7812,21,3,33591
31296,7812,35,5,27106
31297,7812,41,1,16916
31298,7812,46,5,39246
31299,7812,71,4,62771
31300,7813,51,3,22310
31301,7813,20,3,13940
31302,7813,25,5,95530
31303,7814,75,4,31489
31304,7814,5,1,35124
31305,7814,91,2,87573
31306,7814,18,5,49881
31307,7815,97,4,24578
31308,7815,22,4,20870
31309,7815,71,4,62771
31310,7815,26,4,47395
31311,7815,39,3,30610
31312,7816,85,4,49747
31313,7816,67,1,71990
31314,7816,9,5,24385
31315,7817,8,4,71394
31316,7817,54,3,55716
31317,7817,18,5,49881
31318,7817,36,4,50269
31319,7818,22,1,20870
31320,7818,21,4,33591
31321,7818,86,4,33028
31322,7818,27,1,85161
31323,7819,28,1,53426
31324,7819,15,5,59265
31325,7819,66,1,21309
31326,7819,49,5,86790
31327,7819,21,5,33591
31328,7820,27,4,85161
31329,7820,55,5,50282
31330,7820,14,4,61112
31331,7820,22,3,20870
31332,7821,48,2,56186
31333,7821,2,3,16956
31334,7821,75,5,31489
31335,7822,24,1,96972
31336,7822,13,1,60825
31337,7822,63,4,59829
31338,7823,86,3,33028
31339,7823,10,4,15030
31340,7823,55,2,50282
31341,7823,27,4,85161
31342,7824,17,5,32785
31343,7824,2,2,16956
31344,7824,9,2,24385
31345,7825,67,5,71990
31346,7825,61,2,83461
31347,7825,3,5,92869
31348,7825,50,4,53007
31349,7826,32,5,82134
31350,7826,37,2,31314
31351,7826,22,5,20870
31352,7826,4,3,72183
31353,7827,10,1,15030
31354,7827,40,5,63117
31355,7827,22,3,20870
31356,7827,77,1,62543
31357,7828,61,1,83461
31358,7828,5,2,35124
31359,7828,28,4,53426
31360,7829,19,4,24844
31361,7829,36,2,50269
31362,7829,43,3,37544
31363,7829,45,2,89685
31364,7829,29,4,27367
31365,7830,98,3,88669
31366,7830,41,3,16916
31367,7830,11,5,42580
31368,7831,31,2,25080
31369,7831,50,2,53007
31370,7831,2,1,16956
31371,7832,99,4,64203
31372,7832,83,1,57341
31373,7832,35,2,27106
31374,7832,68,4,92995
31375,7832,58,5,66996
31376,7833,96,3,93706
31377,7833,63,5,59829
31378,7833,76,5,95956
31379,7834,15,3,59265
31380,7834,25,3,95530
31381,7834,92,1,43974
31382,7834,64,2,18863
31383,7834,26,2,47395
31384,7835,53,2,58950
31385,7835,58,5,66996
31386,7835,28,5,53426
31387,7835,76,5,95956
31388,7835,8,5,71394
31389,7836,63,5,59829
31390,7836,97,3,24578
31391,7836,21,5,33591
31392,7836,55,1,50282
31393,7836,84,3,78759
31394,7837,45,1,89685
31395,7837,59,5,68303
31396,7837,75,1,31489
31397,7838,13,2,60825
31398,7838,54,2,55716
31399,7838,74,5,60296
31400,7839,22,5,20870
31401,7839,94,2,54643
31402,7839,88,4,82751
31403,7839,51,2,22310
31404,7840,33,5,67163
31405,7840,55,4,50282
31406,7840,71,2,62771
31407,7840,46,2,39246
31408,7840,54,3,55716
31409,7841,36,2,50269
31410,7841,6,2,23328
31411,7841,96,1,93706
31412,7841,68,5,92995
31413,7842,73,3,58762
31414,7842,61,4,83461
31415,7842,20,1,13940
31416,7842,62,4,39951
31417,7843,15,5,59265
31418,7843,60,1,91851
31419,7843,80,2,14416
31420,7843,58,3,66996
31421,7844,57,3,87341
31422,7844,40,4,63117
31423,7844,92,1,43974
31424,7844,54,5,55716
31425,7844,15,5,59265
31426,7845,38,1,89599
31427,7845,28,5,53426
31428,7845,31,5,25080
31429,7845,61,5,83461
31430,7846,18,4,49881
31431,7846,86,1,33028
31432,7846,38,4,89599
31433,7846,60,5,91851
31434,7847,71,5,62771
31435,7847,34,2,71809
31436,7847,13,2,60825
31437,7848,76,2,95956
31438,7848,88,4,82751
31439,7848,95,4,10177
31440,7849,47,1,38951
31441,7849,48,5,56186
31442,7849,18,4,49881
31443,7850,62,1,39951
31444,7850,6,4,23328
31445,7850,91,2,87573
31446,7850,63,2,59829
31447,7851,11,4,42580
31448,7851,61,3,83461
31449,7851,22,2,20870
31450,7851,5,2,35124
31451,7851,51,3,22310
31452,7852,76,5,95956
31453,7852,22,3,20870
31454,7852,2,3,16956
31455,7853,9,4,24385
31456,7853,80,2,14416
31457,7853,49,2,86790
31458,7854,53,1,58950
31459,7854,100,2,55240
31460,7854,24,2,96972
31461,7854,1,3,77345
31462,7855,64,4,18863
31463,7855,56,4,13545
31464,7855,88,3,82751
31465,7855,11,5,42580
31466,7855,46,4,39246
31467,7856,15,1,59265
31468,7856,84,2,78759
31469,7856,91,2,87573
31470,7856,12,3,31257
31471,7857,73,4,58762
31472,7857,52,5,47423
31473,7857,100,2,55240
31474,7858,41,1,16916
31475,7858,52,5,47423
31476,7858,51,1,22310
31477,7858,4,2,72183
31478,7859,88,5,82751
31479,7859,34,4,71809
31480,7859,55,2,50282
31481,7860,31,2,25080
31482,7860,53,3,58950
31483,7860,65,2,95196
31484,7860,20,2,13940
31485,7860,58,1,66996
31486,7861,83,5,57341
31487,7861,69,3,66333
31488,7861,61,5,83461
31489,7862,80,3,14416
31490,7862,35,1,27106
31491,7862,71,1,62771
31492,7862,81,2,69446
31493,7863,83,3,57341
31494,7863,61,4,83461
31495,7863,47,1,38951
31496,7864,18,3,49881
31497,7864,58,3,66996
31498,7864,2,1,16956
31499,7864,100,5,55240
31500,7864,73,5,58762
31501,7865,49,3,86790
31502,7865,24,2,96972
31503,7865,92,4,43974
31504,7865,53,3,58950
31505,7866,46,1,39246
31506,7866,21,1,33591
31507,7866,19,4,24844
31508,7867,29,4,27367
31509,7867,16,2,21730
31510,7867,67,1,71990
31511,7867,43,5,37544
31512,7867,22,3,20870
31513,7868,43,3,37544
31514,7868,18,1,49881
31515,7868,90,3,99988
31516,7868,69,5,66333
31517,7868,99,5,64203
31518,7869,41,5,16916
31519,7869,60,3,91851
31520,7869,92,3,43974
31521,7870,55,2,50282
31522,7870,89,3,99643
31523,7870,74,4,60296
31524,7870,30,1,22486
31525,7871,49,3,86790
31526,7871,19,2,24844
31527,7871,12,4,31257
31528,7871,34,2,71809
31529,7871,61,3,83461
31530,7872,65,1,95196
31531,7872,36,1,50269
31532,7872,58,1,66996
31533,7873,28,1,53426
31534,7873,78,3,21761
31535,7873,17,1,32785
31536,7873,46,5,39246
31537,7873,49,2,86790
31538,7874,51,5,22310
31539,7874,87,4,47322
31540,7874,53,4,58950
31541,7874,1,5,77345
31542,7875,20,5,13940
31543,7875,27,2,85161
31544,7875,99,5,64203
31545,7876,34,5,71809
31546,7876,22,1,20870
31547,7876,52,2,47423
31548,7877,41,4,16916
31549,7877,19,4,24844
31550,7877,78,3,21761
31551,7877,90,3,99988
31552,7877,65,5,95196
31553,7878,78,4,21761
31554,7878,48,1,56186
31555,7878,89,5,99643
31556,7878,30,3,22486
31557,7879,9,4,24385
31558,7879,85,5,49747
31559,7879,30,5,22486
31560,7879,83,3,57341
31561,7879,43,1,37544
31562,7880,52,1,47423
31563,7880,16,4,21730
31564,7880,86,2,33028
31565,7880,37,5,31314
31566,7880,93,1,25266
31567,7881,61,5,83461
31568,7881,46,2,39246
31569,7881,88,5,82751
31570,7881,83,5,57341
31571,7881,36,1,50269
31572,7882,7,2,51167
31573,7882,27,3,85161
31574,7882,94,5,54643
31575,7883,63,2,59829
31576,7883,8,5,71394
31577,7883,15,4,59265
31578,7883,50,4,53007
31579,7883,37,3,31314
31580,7884,26,2,47395
31581,7884,20,1,13940
31582,7884,13,5,60825
31583,7885,29,2,27367
31584,7885,67,5,71990
31585,7885,13,1,60825
31586,7886,64,3,18863
31587,7886,74,5,60296
31588,7886,86,2,33028
31589,7886,10,5,15030
31590,7887,37,2,31314
31591,7887,19,4,24844
31592,7887,58,4,66996
31593,7888,62,4,39951
31594,7888,81,2,69446
31595,7888,15,2,59265
31596,7889,44,4,55170
31597,7889,95,2,10177
31598,7889,47,3,38951
31599,7890,1,3,77345
31600,7890,6,1,23328
31601,7890,76,3,95956
31602,7890,98,2,88669
31603,7890,32,1,82134
31604,7891,44,4,55170
31605,7891,49,2,86790
31606,7891,73,5,58762
31607,7891,11,2,42580
31608,7892,51,4,22310
31609,7892,76,4,95956
31610,7892,57,5,87341
31611,7892,87,2,47322
31612,7892,40,1,63117
31613,7893,66,1,21309
31614,7893,36,3,50269
31615,7893,86,4,33028
31616,7893,1,5,77345
31617,7894,80,1,14416
31618,7894,96,2,93706
31619,7894,37,4,31314
31620,7894,46,5,39246
31621,7895,78,3,21761
31622,7895,37,3,31314
31623,7895,81,1,69446
31624,7895,12,5,31257
31625,7895,13,3,60825
31626,7896,72,1,53594
31627,7896,88,5,82751
31628,7896,33,3,67163
31629,7896,62,4,39951
31630,7896,3,3,92869
31631,7897,63,5,59829
31632,7897,94,1,54643
31633,7897,19,3,24844
31634,7898,46,2,39246
31635,7898,36,4,50269
31636,7898,70,4,16773
31637,7898,61,2,83461
31638,7898,16,5,21730
31639,7899,88,3,82751
31640,7899,84,1,78759
31641,7899,42,5,44615
31642,7899,30,1,22486
31643,7900,44,1,55170
31644,7900,34,4,71809
31645,7900,12,4,31257
31646,7900,82,2,40303
31647,7901,96,3,93706
31648,7901,76,5,95956
31649,7901,44,3,55170
31650,7901,58,2,66996
31651,7902,1,2,77345
31652,7902,67,1,71990
31653,7902,38,2,89599
31654,7902,9,4,24385
31655,7903,49,4,86790
31656,7903,42,5,44615
31657,7903,1,4,77345
31658,7903,75,1,31489
31659,7903,63,2,59829
31660,7904,33,4,67163
31661,7904,5,5,35124
31662,7904,40,2,63117
31663,7904,44,4,55170
31664,7905,84,5,78759
31665,7905,51,3,22310
31666,7905,79,3,37051
31667,7905,98,1,88669
31668,7906,16,4,21730
31669,7906,83,3,57341
31670,7906,14,1,61112
31671,7906,5,5,35124
31672,7906,53,2,58950
31673,7907,47,3,38951
31674,7907,55,3,50282
31675,7907,5,1,35124
31676,7908,73,3,58762
31677,7908,41,1,16916
31678,7908,55,5,50282
31679,7908,69,2,66333
31680,7909,46,3,39246
31681,7909,72,2,53594
31682,7909,48,1,56186
31683,7909,86,4,33028
31684,7909,56,3,13545
31685,7910,99,3,64203
31686,7910,91,3,87573
31687,7910,74,4,60296
31688,7910,71,2,62771
31689,7910,21,2,33591
31690,7911,98,2,88669
31691,7911,15,5,59265
31692,7911,33,3,67163
31693,7911,82,3,40303
31694,7911,44,4,55170
31695,7912,39,2,30610
31696,7912,86,4,33028
31697,7912,46,3,39246
31698,7913,8,1,71394
31699,7913,87,1,47322
31700,7913,1,3,77345
31701,7913,93,3,25266
31702,7913,10,4,15030
31703,7914,54,3,55716
31704,7914,4,4,72183
31705,7914,18,1,49881
31706,7914,70,5,16773
31707,7915,71,3,62771
31708,7915,61,2,83461
31709,7915,4,4,72183
31710,7915,6,1,23328
31711,7915,21,3,33591
31712,7916,3,3,92869
31713,7916,32,1,82134
31714,7916,52,1,47423
31715,7917,46,5,39246
31716,7917,77,2,62543
31717,7917,20,1,13940
31718,7917,5,3,35124
31719,7917,96,3,93706
31720,7918,59,2,68303
31721,7918,48,1,56186
31722,7918,61,3,83461
31723,7919,22,1,20870
31724,7919,25,5,95530
31725,7919,53,1,58950
31726,7919,66,2,21309
31727,7919,62,4,39951
31728,7920,57,4,87341
31729,7920,42,3,44615
31730,7920,59,4,68303
31731,7920,8,5,71394
31732,7921,46,1,39246
31733,7921,8,2,71394
31734,7921,18,4,49881
31735,7921,96,4,93706
31736,7921,35,4,27106
31737,7922,52,2,47423
31738,7922,95,3,10177
31739,7922,3,5,92869
31740,7923,72,4,53594
31741,7923,31,2,25080
31742,7923,29,5,27367
31743,7924,67,5,71990
31744,7924,44,3,55170
31745,7924,6,1,23328
31746,7924,20,4,13940
31747,7925,36,4,50269
31748,7925,93,3,25266
31749,7925,63,4,59829
31750,7926,58,3,66996
31751,7926,8,5,71394
31752,7926,50,2,53007
31753,7926,93,3,25266
31754,7926,79,1,37051
31755,7927,47,2,38951
31756,7927,1,1,77345
31757,7927,18,4,49881
31758,7927,17,5,32785
31759,7927,74,1,60296
31760,7928,98,5,88669
31761,7928,8,1,71394
31762,7928,31,4,25080
31763,7928,80,2,14416
31764,7929,20,2,13940
31765,7929,49,4,86790
31766,7929,40,4,63117
31767,7929,73,2,58762
31768,7930,43,5,37544
31769,7930,67,5,71990
31770,7930,31,4,25080
31771,7931,20,5,13940
31772,7931,93,5,25266
31773,7931,54,5,55716
31774,7932,75,1,31489
31775,7932,31,4,25080
31776,7932,13,4,60825
31777,7932,46,5,39246
31778,7933,49,2,86790
31779,7933,57,4,87341
31780,7933,2,2,16956
31781,7934,61,1,83461
31782,7934,53,2,58950
31783,7934,47,3,38951
31784,7934,54,4,55716
31785,7934,25,5,95530
31786,7935,28,2,53426
31787,7935,39,1,30610
31788,7935,29,4,27367
31789,7936,39,3,30610
31790,7936,55,5,50282
31791,7936,85,1,49747
31792,7936,20,4,13940
31793,7936,96,1,93706
31794,7937,72,2,53594
31795,7937,40,2,63117
31796,7937,36,3,50269
31797,7938,84,5,78759
31798,7938,22,2,20870
31799,7938,20,3,13940
31800,7939,29,3,27367
31801,7939,41,1,16916
31802,7939,11,2,42580
31803,7940,79,4,37051
31804,7940,41,5,16916
31805,7940,27,3,85161
31806,7940,96,3,93706
31807,7941,65,2,95196
31808,7941,9,3,24385
31809,7941,85,3,49747
31810,7942,94,2,54643
31811,7942,5,4,35124
31812,7942,19,2,24844
31813,7942,17,2,32785
31814,7942,73,1,58762
31815,7943,88,4,82751
31816,7943,80,1,14416
31817,7943,62,5,39951
31818,7943,81,1,69446
31819,7944,94,3,54643
31820,7944,32,2,82134
31821,7944,95,4,10177
31822,7944,80,2,14416
31823,7945,78,3,21761
31824,7945,52,1,47423
31825,7945,30,5,22486
31826,7945,11,4,42580
31827,7945,45,1,89685
31828,7946,6,5,23328
31829,7946,72,5,53594
31830,7946,9,5,24385
31831,7947,35,1,27106
31832,7947,43,2,37544
31833,7947,66,4,21309
31834,7948,12,1,31257
31835,7948,68,2,92995
31836,7948,61,3,83461
31837,7948,88,2,82751
31838,7949,21,3,33591
31839,7949,86,5,33028
31840,7949,83,1,57341
31841,7949,53,5,58950
31842,7949,76,1,95956
31843,7950,71,4,62771
31844,7950,89,4,99643
31845,7950,43,3,37544
31846,7951,71,5,62771
31847,7951,76,2,95956
31848,7951,24,4,96972
31849,7952,3,2,92869
31850,7952,47,2,38951
31851,7952,40,5,63117
31852,7952,20,2,13940
31853,7952,45,1,89685
31854,7953,85,1,49747
31855,7953,56,4,13545
31856,7953,28,2,53426
31857,7953,99,2,64203
31858,7953,91,5,87573
31859,7954,50,1,53007
31860,7954,38,3,89599
31861,7954,97,3,24578
31862,7954,23,4,13902
31863,7955,72,5,53594
31864,7955,1,1,77345
31865,7955,21,5,33591
31866,7955,30,1,22486
31867,7956,44,3,55170
31868,7956,54,5,55716
31869,7956,60,4,91851
31870,7956,88,2,82751
31871,7957,45,5,89685
31872,7957,22,1,20870
31873,7957,59,2,68303
31874,7957,52,4,47423
31875,7958,45,3,89685
31876,7958,100,3,55240
31877,7958,96,4,93706
31878,7958,83,5,57341
31879,7958,40,4,63117
31880,7959,29,2,27367
31881,7959,80,1,14416
31882,7959,32,2,82134
31883,7959,78,5,21761
31884,7959,89,1,99643
31885,7960,92,4,43974
31886,7960,21,3,33591
31887,7960,28,3,53426
31888,7960,79,1,37051
31889,7960,78,4,21761
31890,7961,77,1,62543
31891,7961,15,1,59265
31892,7961,35,3,27106
31893,7961,90,5,99988
31894,7962,46,2,39246
31895,7962,17,1,32785
31896,7962,1,1,77345
31897,7962,21,2,33591
31898,7963,15,2,59265
31899,7963,94,1,54643
31900,7963,14,1,61112
31901,7963,16,5,21730
31902,7964,15,1,59265
31903,7964,12,3,31257
31904,7964,25,5,95530
31905,7965,43,3,37544
31906,7965,30,1,22486
31907,7965,94,5,54643
31908,7965,64,5,18863
31909,7965,82,1,40303
31910,7966,26,2,47395
31911,7966,35,2,27106
31912,7966,18,2,49881
31913,7967,61,2,83461
31914,7967,72,5,53594
31915,7967,83,5,57341
31916,7967,19,1,24844
31917,7968,74,2,60296
31918,7968,24,5,96972
31919,7968,8,3,71394
31920,7969,94,4,54643
31921,7969,76,3,95956
31922,7969,60,3,91851
31923,7969,73,5,58762
31924,7970,88,5,82751
31925,7970,46,4,39246
31926,7970,51,4,22310
31927,7971,53,5,58950
31928,7971,72,1,53594
31929,7971,58,4,66996
31930,7972,58,2,66996
31931,7972,62,2,39951
31932,7972,84,4,78759
31933,7972,14,5,61112
31934,7972,86,4,33028
31935,7973,58,5,66996
31936,7973,52,1,47423
31937,7973,21,5,33591
31938,7973,100,1,55240
31939,7973,15,2,59265
31940,7974,50,5,53007
31941,7974,9,1,24385
31942,7974,93,4,25266
31943,7975,41,4,16916
31944,7975,84,4,78759
31945,7975,73,1,58762
31946,7976,44,1,55170
31947,7976,87,2,47322
31948,7976,4,2,72183
31949,7976,62,3,39951
31950,7977,19,3,24844
31951,7977,22,2,20870
31952,7977,21,4,33591
31953,7977,35,2,27106
31954,7977,31,4,25080
31955,7978,24,4,96972
31956,7978,55,1,50282
31957,7978,30,1,22486
31958,7979,36,2,50269
31959,7979,44,5,55170
31960,7979,28,1,53426
31961,7979,12,1,31257
31962,7980,57,4,87341
31963,7980,86,2,33028
31964,7980,96,2,93706
31965,7981,69,4,66333
31966,7981,88,1,82751
31967,7981,29,4,27367
31968,7981,56,4,13545
31969,7982,6,1,23328
31970,7982,1,2,77345
31971,7982,18,1,49881
31972,7982,83,1,57341
31973,7983,72,1,53594
31974,7983,68,4,92995
31975,7983,54,4,55716
31976,7983,39,3,30610
31977,7984,38,5,89599
31978,7984,63,3,59829
31979,7984,18,4,49881
31980,7984,81,5,69446
31981,7984,62,4,39951
31982,7985,19,2,24844
31983,7985,44,4,55170
31984,7985,98,4,88669
31985,7985,93,2,25266
31986,7985,52,3,47423
31987,7986,33,1,67163
31988,7986,47,5,38951
31989,7986,71,2,62771
31990,7986,17,2,32785
31991,7987,53,1,58950
31992,7987,35,2,27106
31993,7987,40,5,63117
31994,7988,7,1,51167
31995,7988,60,4,91851
31996,7988,5,4,35124
31997,7989,80,4,14416
31998,7989,61,1,83461
31999,7989,28,4,53426
32000,7990,82,5,40303
32001,7990,81,2,69446
32002,7990,43,4,37544
32003,7990,13,1,60825
32004,7991,14,3,61112
32005,7991,62,5,39951
32006,7991,6,4,23328
32007,7991,48,5,56186
32008,7992,95,2,10177
32009,7992,9,3,24385
32010,7992,61,1,83461
32011,7992,38,4,89599
32012,7993,46,1,39246
32013,7993,38,4,89599
32014,7993,17,5,32785
32015,7994,76,2,95956
32016,7994,98,1,88669
32017,7994,36,2,50269
32018,7995,29,1,27367
32019,7995,45,5,89685
32020,7995,81,4,69446
32021,7995,20,4,13940
32022,7995,80,3,14416
32023,7996,25,1,95530
32024,7996,80,1,14416
32025,7996,3,3,92869
32026,7997,3,2,92869
32027,7997,38,5,89599
32028,7997,52,1,47423
32029,7998,81,2,69446
32030,7998,36,2,50269
32031,7998,98,4,88669
32032,7999,30,3,22486
32033,7999,77,3,62543
32034,7999,18,1,49881
32035,7999,50,4,53007
32036,8000,55,1,50282
32037,8000,45,5,89685
32038,8000,12,1,31257
32039,8000,96,3,93706
32040,8001,35,5,27106
32041,8001,84,3,78759
32042,8001,10,2,15030
32043,8002,84,3,78759
32044,8002,85,2,49747
32045,8002,44,4,55170
32046,8002,61,2,83461
32047,8003,44,5,55170
32048,8003,6,2,23328
32049,8003,79,4,37051
32050,8004,6,5,23328
32051,8004,4,3,72183
32052,8004,21,1,33591
32053,8004,28,4,53426
32054,8004,8,1,71394
32055,8005,86,4,33028
32056,8005,64,2,18863
32057,8005,53,5,58950
32058,8005,13,2,60825
32059,8006,12,1,31257
32060,8006,69,4,66333
32061,8006,59,5,68303
32062,8006,73,5,58762
32063,8006,32,1,82134
32064,8007,22,3,20870
32065,8007,2,3,16956
32066,8007,80,4,14416
32067,8007,28,4,53426
32068,8008,94,5,54643
32069,8008,62,4,39951
32070,8008,2,3,16956
32071,8008,55,3,50282
32072,8008,99,4,64203
32073,8009,91,1,87573
32074,8009,83,2,57341
32075,8009,58,5,66996
32076,8009,52,3,47423
32077,8009,13,2,60825
32078,8010,12,4,31257
32079,8010,78,5,21761
32080,8010,70,3,16773
32081,8010,97,1,24578
32082,8011,11,5,42580
32083,8011,92,4,43974
32084,8011,16,3,21730
32085,8011,50,1,53007
32086,8011,80,1,14416
32087,8012,19,4,24844
32088,8012,11,2,42580
32089,8012,58,4,66996
32090,8013,39,1,30610
32091,8013,82,5,40303
32092,8013,28,2,53426
32093,8013,85,5,49747
32094,8014,79,1,37051
32095,8014,64,4,18863
32096,8014,38,3,89599
32097,8014,54,4,55716
32098,8015,28,4,53426
32099,8015,33,5,67163
32100,8015,25,1,95530
32101,8016,65,2,95196
32102,8016,84,4,78759
32103,8016,54,2,55716
32104,8017,82,5,40303
32105,8017,98,3,88669
32106,8017,9,1,24385
32107,8017,28,2,53426
32108,8018,100,4,55240
32109,8018,8,1,71394
32110,8018,24,3,96972
32111,8018,73,5,58762
32112,8019,74,2,60296
32113,8019,94,3,54643
32114,8019,86,3,33028
32115,8019,26,5,47395
32116,8019,5,1,35124
32117,8020,97,1,24578
32118,8020,5,1,35124
32119,8020,37,4,31314
32120,8020,34,1,71809
32121,8021,62,5,39951
32122,8021,99,5,64203
32123,8021,6,4,23328
32124,8022,3,3,92869
32125,8022,88,5,82751
32126,8022,92,5,43974
32127,8022,39,2,30610
32128,8022,87,1,47322
32129,8023,21,3,33591
32130,8023,92,5,43974
32131,8023,40,2,63117
32132,8023,58,3,66996
32133,8023,43,1,37544
32134,8024,2,1,16956
32135,8024,23,1,13902
32136,8024,3,2,92869
32137,8024,6,2,23328
32138,8024,8,5,71394
32139,8025,88,1,82751
32140,8025,30,3,22486
32141,8025,44,2,55170
32142,8026,31,2,25080
32143,8026,68,4,92995
32144,8026,13,5,60825
32145,8026,42,3,44615
32146,8027,84,2,78759
32147,8027,22,4,20870
32148,8027,57,4,87341
32149,8027,80,4,14416
32150,8027,2,5,16956
32151,8028,23,1,13902
32152,8028,26,2,47395
32153,8028,69,2,66333
32154,8028,49,2,86790
32155,8028,58,3,66996
32156,8029,29,1,27367
32157,8029,42,3,44615
32158,8029,61,3,83461
32159,8030,65,3,95196
32160,8030,70,1,16773
32161,8030,7,3,51167
32162,8031,55,4,50282
32163,8031,37,3,31314
32164,8031,47,2,38951
32165,8031,1,3,77345
32166,8032,76,1,95956
32167,8032,13,2,60825
32168,8032,77,3,62543
32169,8032,84,3,78759
32170,8032,85,5,49747
32171,8033,58,5,66996
32172,8033,31,3,25080
32173,8033,38,4,89599
32174,8034,25,3,95530
32175,8034,59,5,68303
32176,8034,99,2,64203
32177,8034,92,4,43974
32178,8035,54,1,55716
32179,8035,98,2,88669
32180,8035,42,3,44615
32181,8035,36,5,50269
32182,8035,80,2,14416
32183,8036,28,1,53426
32184,8036,61,4,83461
32185,8036,71,1,62771
32186,8036,60,2,91851
32187,8036,89,2,99643
32188,8037,40,3,63117
32189,8037,69,4,66333
32190,8037,55,5,50282
32191,8037,70,2,16773
32192,8038,3,1,92869
32193,8038,99,5,64203
32194,8038,34,4,71809
32195,8038,4,3,72183
32196,8039,42,5,44615
32197,8039,15,2,59265
32198,8039,78,4,21761
32199,8039,53,2,58950
32200,8039,97,3,24578
32201,8040,63,1,59829
32202,8040,49,2,86790
32203,8040,19,3,24844
32204,8041,21,4,33591
32205,8041,68,5,92995
32206,8041,32,1,82134
32207,8042,8,3,71394
32208,8042,7,2,51167
32209,8042,51,3,22310
32210,8042,57,5,87341
32211,8042,99,5,64203
32212,8043,26,4,47395
32213,8043,24,2,96972
32214,8043,60,4,91851
32215,8043,35,4,27106
32216,8044,32,4,82134
32217,8044,61,4,83461
32218,8044,71,3,62771
32219,8044,9,4,24385
32220,8044,23,3,13902
32221,8045,30,4,22486
32222,8045,90,2,99988
32223,8045,37,1,31314
32224,8046,72,2,53594
32225,8046,50,2,53007
32226,8046,24,5,96972
32227,8046,4,5,72183
32228,8046,92,1,43974
32229,8047,84,5,78759
32230,8047,6,3,23328
32231,8047,79,3,37051
32232,8047,38,1,89599
32233,8047,1,1,77345
32234,8048,6,2,23328
32235,8048,88,5,82751
32236,8048,98,2,88669
32237,8049,34,4,71809
32238,8049,7,4,51167
32239,8049,43,5,37544
32240,8049,73,5,58762
32241,8050,56,4,13545
32242,8050,35,1,27106
32243,8050,33,3,67163
32244,8050,92,2,43974
32245,8050,24,5,96972
32246,8051,50,3,53007
32247,8051,29,5,27367
32248,8051,88,2,82751
32249,8051,16,4,21730
32250,8052,97,2,24578
32251,8052,90,3,99988
32252,8052,14,3,61112
32253,8052,13,5,60825
32254,8053,36,2,50269
32255,8053,51,2,22310
32256,8053,8,5,71394
32257,8053,72,5,53594
32258,8053,59,4,68303
32259,8054,9,5,24385
32260,8054,57,3,87341
32261,8054,63,1,59829
32262,8054,33,1,67163
32263,8055,84,3,78759
32264,8055,65,4,95196
32265,8055,20,5,13940
32266,8055,23,5,13902
32267,8055,72,2,53594
32268,8056,73,1,58762
32269,8056,89,3,99643
32270,8056,4,1,72183
32271,8056,78,4,21761
32272,8056,94,4,54643
32273,8057,92,3,43974
32274,8057,37,3,31314
32275,8057,10,2,15030
32276,8057,100,3,55240
32277,8058,93,5,25266
32278,8058,96,5,93706
32279,8058,14,5,61112
32280,8059,90,5,99988
32281,8059,75,1,31489
32282,8059,85,1,49747
32283,8060,92,2,43974
32284,8060,80,3,14416
32285,8060,78,3,21761
32286,8060,26,3,47395
32287,8060,39,5,30610
32288,8061,68,2,92995
32289,8061,44,1,55170
32290,8061,27,2,85161
32291,8061,43,5,37544
32292,8062,7,2,51167
32293,8062,17,2,32785
32294,8062,47,1,38951
32295,8062,54,2,55716
32296,8062,70,2,16773
32297,8063,71,2,62771
32298,8063,70,4,16773
32299,8063,26,5,47395
32300,8063,87,4,47322
32301,8063,21,1,33591
32302,8064,74,4,60296
32303,8064,4,1,72183
32304,8064,19,3,24844
32305,8065,21,1,33591
32306,8065,32,2,82134
32307,8065,16,3,21730
32308,8065,23,3,13902
32309,8065,40,3,63117
32310,8066,80,2,14416
32311,8066,4,2,72183
32312,8066,2,3,16956
32313,8066,12,5,31257
32314,8066,89,4,99643
32315,8067,94,4,54643
32316,8067,72,2,53594
32317,8067,5,1,35124
32318,8067,61,3,83461
32319,8067,49,2,86790
32320,8068,1,1,77345
32321,8068,40,4,63117
32322,8068,89,1,99643
32323,8069,1,1,77345
32324,8069,23,1,13902
32325,8069,58,3,66996
32326,8069,10,1,15030
32327,8070,10,4,15030
32328,8070,85,1,49747
32329,8070,34,5,71809
32330,8070,11,2,42580
32331,8071,56,1,13545
32332,8071,82,2,40303
32333,8071,3,4,92869
32334,8071,52,1,47423
32335,8071,66,5,21309
32336,8072,92,2,43974
32337,8072,89,2,99643
32338,8072,87,3,47322
32339,8073,30,5,22486
32340,8073,68,3,92995
32341,8073,72,3,53594
32342,8073,97,3,24578
32343,8073,20,2,13940
32344,8074,25,2,95530
32345,8074,95,2,10177
32346,8074,3,3,92869
32347,8074,51,2,22310
32348,8074,40,5,63117
32349,8075,58,1,66996
32350,8075,61,2,83461
32351,8075,47,3,38951
32352,8075,99,5,64203
32353,8076,71,5,62771
32354,8076,74,2,60296
32355,8076,61,1,83461
32356,8076,31,1,25080
32357,8077,25,2,95530
32358,8077,98,5,88669
32359,8077,30,3,22486
32360,8077,16,2,21730
32361,8078,65,3,95196
32362,8078,11,1,42580
32363,8078,66,1,21309
32364,8079,55,1,50282
32365,8079,72,4,53594
32366,8079,86,1,33028
32367,8080,22,3,20870
32368,8080,19,2,24844
32369,8080,13,3,60825
32370,8080,99,2,64203
32371,8081,97,2,24578
32372,8081,66,1,21309
32373,8081,26,2,47395
32374,8081,62,4,39951
32375,8082,95,4,10177
32376,8082,9,5,24385
32377,8082,29,3,27367
32378,8083,22,4,20870
32379,8083,96,2,93706
32380,8083,93,3,25266
32381,8084,53,4,58950
32382,8084,11,1,42580
32383,8084,26,2,47395
32384,8085,67,2,71990
32385,8085,52,2,47423
32386,8085,25,1,95530
32387,8085,96,2,93706
32388,8086,52,2,47423
32389,8086,25,3,95530
32390,8086,94,2,54643
32391,8087,58,3,66996
32392,8087,2,4,16956
32393,8087,49,2,86790
32394,8087,99,1,64203
32395,8088,50,3,53007
32396,8088,78,4,21761
32397,8088,70,3,16773
32398,8088,18,4,49881
32399,8089,45,1,89685
32400,8089,78,1,21761
32401,8089,77,5,62543
32402,8090,59,1,68303
32403,8090,19,1,24844
32404,8090,54,2,55716
32405,8090,21,5,33591
32406,8090,38,4,89599
32407,8091,53,5,58950
32408,8091,89,1,99643
32409,8091,32,3,82134
32410,8091,100,1,55240
32411,8091,27,5,85161
32412,8092,90,5,99988
32413,8092,65,3,95196
32414,8092,75,2,31489
32415,8092,71,2,62771
32416,8093,63,1,59829
32417,8093,31,4,25080
32418,8093,48,2,56186
32419,8094,62,2,39951
32420,8094,71,1,62771
32421,8094,89,3,99643
32422,8095,16,5,21730
32423,8095,24,3,96972
32424,8095,58,3,66996
32425,8095,17,1,32785
32426,8096,56,4,13545
32427,8096,12,2,31257
32428,8096,31,5,25080
32429,8096,75,2,31489
32430,8097,86,1,33028
32431,8097,36,4,50269
32432,8097,52,1,47423
32433,8098,55,3,50282
32434,8098,67,4,71990
32435,8098,4,2,72183
32436,8099,89,4,99643
32437,8099,50,2,53007
32438,8099,67,5,71990
32439,8100,96,2,93706
32440,8100,76,2,95956
32441,8100,14,4,61112
32442,8101,43,3,37544
32443,8101,51,3,22310
32444,8101,77,3,62543
32445,8101,76,3,95956
32446,8101,71,4,62771
32447,8102,33,5,67163
32448,8102,11,1,42580
32449,8102,62,4,39951
32450,8102,13,4,60825
32451,8103,97,3,24578
32452,8103,100,1,55240
32453,8103,99,3,64203
32454,8103,65,4,95196
32455,8104,58,4,66996
32456,8104,62,2,39951
32457,8104,26,1,47395
32458,8105,64,1,18863
32459,8105,16,4,21730
32460,8105,68,4,92995
32461,8105,84,2,78759
32462,8105,78,3,21761
32463,8106,68,4,92995
32464,8106,27,4,85161
32465,8106,22,3,20870
32466,8106,82,2,40303
32467,8106,94,5,54643
32468,8107,86,5,33028
32469,8107,5,4,35124
32470,8107,71,1,62771
32471,8107,84,4,78759
32472,8108,14,1,61112
32473,8108,83,3,57341
32474,8108,65,1,95196
32475,8108,15,2,59265
32476,8109,74,1,60296
32477,8109,84,5,78759
32478,8109,44,4,55170
32479,8110,73,2,58762
32480,8110,54,4,55716
32481,8110,82,1,40303
32482,8110,15,3,59265
32483,8110,99,2,64203
32484,8111,75,5,31489
32485,8111,83,1,57341
32486,8111,72,3,53594
32487,8111,91,3,87573
32488,8111,41,1,16916
32489,8112,9,2,24385
32490,8112,34,2,71809
32491,8112,36,3,50269
32492,8112,2,2,16956
32493,8113,10,2,15030
32494,8113,68,3,92995
32495,8113,22,4,20870
32496,8113,67,1,71990
32497,8113,7,4,51167
32498,8114,1,1,77345
32499,8114,76,5,95956
32500,8114,79,1,37051
32501,8114,88,3,82751
32502,8114,37,2,31314
32503,8115,46,3,39246
32504,8115,74,5,60296
32505,8115,21,4,33591
32506,8115,57,3,87341
32507,8115,97,3,24578
32508,8116,30,5,22486
32509,8116,58,2,66996
32510,8116,78,2,21761
32511,8116,34,3,71809
32512,8116,20,4,13940
32513,8117,52,4,47423
32514,8117,38,3,89599
32515,8117,37,5,31314
32516,8117,25,5,95530
32517,8117,46,2,39246
32518,8118,28,2,53426
32519,8118,6,3,23328
32520,8118,83,3,57341
32521,8118,94,3,54643
32522,8118,69,4,66333
32523,8119,35,2,27106
32524,8119,60,2,91851
32525,8119,72,1,53594
32526,8119,16,4,21730
32527,8119,9,3,24385
32528,8120,6,1,23328
32529,8120,69,5,66333
32530,8120,84,2,78759
32531,8120,96,5,93706
32532,8121,1,1,77345
32533,8121,70,3,16773
32534,8121,65,2,95196
32535,8122,31,2,25080
32536,8122,39,2,30610
32537,8122,43,4,37544
32538,8122,23,2,13902
32539,8122,81,4,69446
32540,8123,91,1,87573
32541,8123,26,4,47395
32542,8123,6,2,23328
32543,8124,39,5,30610
32544,8124,23,3,13902
32545,8124,37,2,31314
32546,8125,44,5,55170
32547,8125,2,2,16956
32548,8125,85,3,49747
32549,8126,34,1,71809
32550,8126,9,4,24385
32551,8126,86,2,33028
32552,8127,5,1,35124
32553,8127,24,5,96972
32554,8127,8,4,71394
32555,8127,1,4,77345
32556,8128,29,3,27367
32557,8128,61,1,83461
32558,8128,62,5,39951
32559,8128,12,1,31257
32560,8128,23,3,13902
32561,8129,53,2,58950
32562,8129,44,3,55170
32563,8129,9,2,24385
32564,8129,28,1,53426
32565,8130,88,5,82751
32566,8130,35,2,27106
32567,8130,25,1,95530
32568,8131,76,2,95956
32569,8131,6,2,23328
32570,8131,44,2,55170
32571,8131,25,4,95530
32572,8132,64,5,18863
32573,8132,26,2,47395
32574,8132,41,3,16916
32575,8133,5,1,35124
32576,8133,96,2,93706
32577,8133,24,3,96972
32578,8133,71,5,62771
32579,8133,7,4,51167
32580,8134,77,2,62543
32581,8134,13,4,60825
32582,8134,6,4,23328
32583,8135,66,3,21309
32584,8135,8,5,71394
32585,8135,55,3,50282
32586,8136,58,1,66996
32587,8136,90,5,99988
32588,8136,51,2,22310
32589,8137,51,3,22310
32590,8137,28,4,53426
32591,8137,37,3,31314
32592,8138,68,3,92995
32593,8138,16,5,21730
32594,8138,44,2,55170
32595,8138,87,1,47322
32596,8139,64,4,18863
32597,8139,76,1,95956
32598,8139,92,4,43974
32599,8139,81,5,69446
32600,8139,83,5,57341
32601,8140,47,5,38951
32602,8140,82,3,40303
32603,8140,74,5,60296
32604,8140,90,3,99988
32605,8140,60,2,91851
32606,8141,37,3,31314
32607,8141,70,1,16773
32608,8141,3,1,92869
32609,8142,30,5,22486
32610,8142,36,2,50269
32611,8142,79,3,37051
32612,8142,22,4,20870
32613,8143,69,3,66333
32614,8143,16,4,21730
32615,8143,54,2,55716
32616,8143,40,4,63117
32617,8143,50,5,53007
32618,8144,77,1,62543
32619,8144,80,4,14416
32620,8144,57,3,87341
32621,8144,68,2,92995
32622,8145,74,3,60296
32623,8145,18,5,49881
32624,8145,3,1,92869
32625,8145,51,3,22310
32626,8145,47,3,38951
32627,8146,67,4,71990
32628,8146,21,2,33591
32629,8146,97,5,24578
32630,8147,49,2,86790
32631,8147,73,1,58762
32632,8147,82,2,40303
32633,8148,76,5,95956
32634,8148,78,1,21761
32635,8148,70,1,16773
32636,8148,95,1,10177
32637,8149,44,1,55170
32638,8149,87,3,47322
32639,8149,15,1,59265
32640,8149,17,1,32785
32641,8150,33,1,67163
32642,8150,96,4,93706
32643,8150,3,4,92869
32644,8150,68,1,92995
32645,8151,16,1,21730
32646,8151,31,1,25080
32647,8151,26,3,47395
32648,8151,89,4,99643
32649,8151,2,1,16956
32650,8152,51,5,22310
32651,8152,76,2,95956
32652,8152,45,3,89685
32653,8152,27,3,85161
32654,8152,71,5,62771
32655,8153,47,5,38951
32656,8153,86,1,33028
32657,8153,61,4,83461
32658,8153,18,5,49881
32659,8153,50,5,53007
32660,8154,66,3,21309
32661,8154,52,3,47423
32662,8154,10,4,15030
32663,8154,75,2,31489
32664,8154,67,5,71990
32665,8155,13,5,60825
32666,8155,36,5,50269
32667,8155,26,5,47395
32668,8155,7,3,51167
32669,8155,91,1,87573
32670,8156,31,2,25080
32671,8156,48,1,56186
32672,8156,29,1,27367
32673,8156,55,2,50282
32674,8157,85,3,49747
32675,8157,24,4,96972
32676,8157,55,1,50282
32677,8157,6,3,23328
32678,8157,80,1,14416
32679,8158,81,3,69446
32680,8158,86,4,33028
32681,8158,28,5,53426
32682,8158,66,5,21309
32683,8158,45,1,89685
32684,8159,34,3,71809
32685,8159,96,5,93706
32686,8159,91,3,87573
32687,8159,17,4,32785
32688,8159,84,1,78759
32689,8160,5,2,35124
32690,8160,38,4,89599
32691,8160,67,4,71990
32692,8161,41,2,16916
32693,8161,94,2,54643
32694,8161,52,4,47423
32695,8162,40,5,63117
32696,8162,21,1,33591
32697,8162,41,4,16916
32698,8162,50,5,53007
32699,8163,44,1,55170
32700,8163,37,4,31314
32701,8163,63,4,59829
32702,8164,32,5,82134
32703,8164,78,2,21761
32704,8164,48,2,56186
32705,8165,37,5,31314
32706,8165,66,2,21309
32707,8165,22,2,20870
32708,8166,97,3,24578
32709,8166,92,2,43974
32710,8166,11,4,42580
32711,8166,9,4,24385
32712,8167,37,5,31314
32713,8167,9,2,24385
32714,8167,75,4,31489
32715,8167,29,1,27367
32716,8168,1,4,77345
32717,8168,83,2,57341
32718,8168,97,3,24578
32719,8169,100,1,55240
32720,8169,35,4,27106
32721,8169,13,3,60825
32722,8169,46,2,39246
32723,8170,77,2,62543
32724,8170,92,2,43974
32725,8170,74,4,60296
32726,8171,65,2,95196
32727,8171,66,2,21309
32728,8171,99,1,64203
32729,8171,64,3,18863
32730,8171,1,3,77345
32731,8172,54,3,55716
32732,8172,76,5,95956
32733,8172,96,5,93706
32734,8172,4,3,72183
32735,8172,55,2,50282
32736,8173,11,1,42580
32737,8173,3,2,92869
32738,8173,24,3,96972
32739,8174,66,2,21309
32740,8174,72,2,53594
32741,8174,15,3,59265
32742,8174,33,2,67163
32743,8175,9,3,24385
32744,8175,28,2,53426
32745,8175,6,3,23328
32746,8176,94,5,54643
32747,8176,64,4,18863
32748,8176,9,1,24385
32749,8176,67,5,71990
32750,8177,94,4,54643
32751,8177,78,1,21761
32752,8177,15,2,59265
32753,8177,25,1,95530
32754,8177,9,5,24385
32755,8178,2,2,16956
32756,8178,32,3,82134
32757,8178,30,4,22486
32758,8179,27,3,85161
32759,8179,60,5,91851
32760,8179,29,5,27367
32761,8179,64,4,18863
32762,8180,7,5,51167
32763,8180,77,2,62543
32764,8180,65,2,95196
32765,8180,46,3,39246
32766,8180,41,4,16916
32767,8181,63,3,59829
32768,8181,23,2,13902
32769,8181,12,2,31257
32770,8181,50,5,53007
32771,8182,9,4,24385
32772,8182,43,1,37544
32773,8182,40,1,63117
32774,8183,49,2,86790
32775,8183,50,4,53007
32776,8183,80,3,14416
32777,8184,82,1,40303
32778,8184,100,2,55240
32779,8184,31,2,25080
32780,8184,35,1,27106
32781,8185,91,1,87573
32782,8185,37,4,31314
32783,8185,9,2,24385
32784,8185,87,2,47322
32785,8186,39,4,30610
32786,8186,16,1,21730
32787,8186,5,3,35124
32788,8186,6,2,23328
32789,8186,47,3,38951
32790,8187,80,3,14416
32791,8187,21,2,33591
32792,8187,13,2,60825
32793,8187,62,2,39951
32794,8188,45,2,89685
32795,8188,57,4,87341
32796,8188,56,3,13545
32797,8188,18,1,49881
32798,8189,6,1,23328
32799,8189,42,4,44615
32800,8189,4,1,72183
32801,8189,73,1,58762
32802,8189,85,4,49747
32803,8190,39,5,30610
32804,8190,44,2,55170
32805,8190,3,1,92869
32806,8191,76,3,95956
32807,8191,82,2,40303
32808,8191,85,3,49747
32809,8191,94,4,54643
32810,8191,77,4,62543
32811,8192,92,5,43974
32812,8192,97,3,24578
32813,8192,51,5,22310
32814,8192,24,2,96972
32815,8193,38,5,89599
32816,8193,64,2,18863
32817,8193,47,2,38951
32818,8193,36,2,50269
32819,8193,55,2,50282
32820,8194,57,5,87341
32821,8194,21,4,33591
32822,8194,46,1,39246
32823,8194,40,2,63117
32824,8195,5,1,35124
32825,8195,18,2,49881
32826,8195,38,4,89599
32827,8195,17,1,32785
32828,8195,98,5,88669
32829,8196,14,5,61112
32830,8196,9,2,24385
32831,8196,36,3,50269
32832,8196,87,4,47322
32833,8197,71,4,62771
32834,8197,76,3,95956
32835,8197,61,4,83461
32836,8197,25,1,95530
32837,8197,97,5,24578
32838,8198,74,2,60296
32839,8198,64,2,18863
32840,8198,57,3,87341
32841,8198,54,2,55716
32842,8198,26,3,47395
32843,8199,6,5,23328
32844,8199,55,2,50282
32845,8199,57,3,87341
32846,8199,33,2,67163
32847,8200,43,3,37544
32848,8200,98,3,88669
32849,8200,25,3,95530
32850,8200,44,4,55170
32851,8201,73,4,58762
32852,8201,25,3,95530
32853,8201,15,5,59265
32854,8202,49,1,86790
32855,8202,35,1,27106
32856,8202,97,2,24578
32857,8202,1,2,77345
32858,8202,44,2,55170
32859,8203,1,1,77345
32860,8203,98,5,88669
32861,8203,82,5,40303
32862,8203,90,2,99988
32863,8204,45,5,89685
32864,8204,21,2,33591
32865,8204,23,4,13902
32866,8205,42,1,44615
32867,8205,99,2,64203
32868,8205,78,3,21761
32869,8205,35,2,27106
32870,8205,86,4,33028
32871,8206,41,5,16916
32872,8206,10,4,15030
32873,8206,54,5,55716
32874,8207,87,1,47322
32875,8207,91,4,87573
32876,8207,59,3,68303
32877,8207,66,2,21309
32878,8208,61,1,83461
32879,8208,94,4,54643
32880,8208,40,4,63117
32881,8208,59,1,68303
32882,8209,67,3,71990
32883,8209,22,2,20870
32884,8209,82,4,40303
32885,8210,31,3,25080
32886,8210,73,1,58762
32887,8210,13,4,60825
32888,8210,46,1,39246
32889,8210,32,2,82134
32890,8211,63,1,59829
32891,8211,91,5,87573
32892,8211,1,4,77345
32893,8211,94,5,54643
32894,8211,18,5,49881
32895,8212,96,1,93706
32896,8212,19,3,24844
32897,8212,11,3,42580
32898,8213,82,5,40303
32899,8213,78,5,21761
32900,8213,6,4,23328
32901,8213,67,2,71990
32902,8214,55,4,50282
32903,8214,15,3,59265
32904,8214,78,2,21761
32905,8215,92,1,43974
32906,8215,84,5,78759
32907,8215,79,3,37051
32908,8216,79,4,37051
32909,8216,81,5,69446
32910,8216,58,3,66996
32911,8217,32,1,82134
32912,8217,17,5,32785
32913,8217,14,4,61112
32914,8218,80,1,14416
32915,8218,31,3,25080
32916,8218,57,3,87341
32917,8219,88,3,82751
32918,8219,42,3,44615
32919,8219,61,4,83461
32920,8219,76,3,95956
32921,8220,87,4,47322
32922,8220,55,5,50282
32923,8220,59,5,68303
32924,8220,24,2,96972
32925,8220,15,2,59265
32926,8221,16,4,21730
32927,8221,57,3,87341
32928,8221,85,5,49747
32929,8221,88,5,82751
32930,8222,27,1,85161
32931,8222,100,2,55240
32932,8222,38,2,89599
32933,8222,19,4,24844
32934,8223,45,3,89685
32935,8223,80,3,14416
32936,8223,6,3,23328
32937,8223,50,2,53007
32938,8224,82,1,40303
32939,8224,17,5,32785
32940,8224,81,2,69446
32941,8225,96,5,93706
32942,8225,30,4,22486
32943,8225,37,1,31314
32944,8225,42,5,44615
32945,8226,64,4,18863
32946,8226,94,5,54643
32947,8226,67,4,71990
32948,8227,56,2,13545
32949,8227,38,3,89599
32950,8227,12,2,31257
32951,8227,71,5,62771
32952,8227,75,4,31489
32953,8228,8,3,71394
32954,8228,89,1,99643
32955,8228,84,3,78759
32956,8228,59,1,68303
32957,8228,71,2,62771
32958,8229,48,4,56186
32959,8229,87,1,47322
32960,8229,9,3,24385
32961,8229,52,4,47423
32962,8229,5,2,35124
32963,8230,5,1,35124
32964,8230,54,4,55716
32965,8230,98,2,88669
32966,8230,78,3,21761
32967,8231,15,2,59265
32968,8231,23,3,13902
32969,8231,82,2,40303
32970,8232,75,5,31489
32971,8232,91,1,87573
32972,8232,51,5,22310
32973,8232,30,2,22486
32974,8233,7,1,51167
32975,8233,70,1,16773
32976,8233,51,3,22310
32977,8233,12,4,31257
32978,8233,76,3,95956
32979,8234,35,1,27106
32980,8234,10,5,15030
32981,8234,1,2,77345
32982,8235,58,2,66996
32983,8235,79,5,37051
32984,8235,29,1,27367
32985,8235,41,1,16916
32986,8235,53,5,58950
32987,8236,27,2,85161
32988,8236,31,3,25080
32989,8236,55,3,50282
32990,8236,37,5,31314
32991,8236,98,4,88669
32992,8237,82,2,40303
32993,8237,1,1,77345
32994,8237,3,1,92869
32995,8238,50,1,53007
32996,8238,41,2,16916
32997,8238,15,5,59265
32998,8238,17,5,32785
32999,8239,88,5,82751
33000,8239,98,3,88669
33001,8239,93,5,25266
33002,8239,18,5,49881
33003,8240,63,2,59829
33004,8240,66,2,21309
33005,8240,19,2,24844
33006,8240,90,4,99988
33007,8240,65,5,95196
33008,8241,79,3,37051
33009,8241,27,5,85161
33010,8241,66,1,21309
33011,8242,6,5,23328
33012,8242,71,1,62771
33013,8242,14,2,61112
33014,8242,39,5,30610
33015,8242,21,2,33591
33016,8243,26,5,47395
33017,8243,92,4,43974
33018,8243,62,1,39951
33019,8243,40,5,63117
33020,8244,33,2,67163
33021,8244,57,4,87341
33022,8244,16,1,21730
33023,8245,78,5,21761
33024,8245,94,2,54643
33025,8245,57,3,87341
33026,8245,100,3,55240
33027,8245,69,4,66333
33028,8246,62,5,39951
33029,8246,4,2,72183
33030,8246,33,1,67163
33031,8246,92,1,43974
33032,8246,45,1,89685
33033,8247,62,5,39951
33034,8247,84,1,78759
33035,8247,30,3,22486
33036,8247,56,3,13545
33037,8248,76,3,95956
33038,8248,35,1,27106
33039,8248,57,1,87341
33040,8248,24,3,96972
33041,8248,45,1,89685
33042,8249,100,2,55240
33043,8249,74,4,60296
33044,8249,18,3,49881
33045,8249,49,4,86790
33046,8249,5,1,35124
33047,8250,95,5,10177
33048,8250,27,2,85161
33049,8250,94,3,54643
33050,8250,10,3,15030
33051,8251,79,2,37051
33052,8251,73,5,58762
33053,8251,26,1,47395
33054,8251,85,4,49747
33055,8252,6,1,23328
33056,8252,71,1,62771
33057,8252,40,1,63117
33058,8252,31,1,25080
33059,8252,29,4,27367
33060,8253,6,5,23328
33061,8253,41,1,16916
33062,8253,43,5,37544
33063,8254,79,4,37051
33064,8254,19,4,24844
33065,8254,78,3,21761
33066,8254,21,5,33591
33067,8254,38,1,89599
33068,8255,19,4,24844
33069,8255,35,2,27106
33070,8255,45,2,89685
33071,8255,93,4,25266
33072,8256,36,1,50269
33073,8256,14,1,61112
33074,8256,25,2,95530
33075,8256,15,2,59265
33076,8256,60,3,91851
33077,8257,1,5,77345
33078,8257,61,5,83461
33079,8257,64,4,18863
33080,8257,9,2,24385
33081,8258,27,2,85161
33082,8258,95,3,10177
33083,8258,68,5,92995
33084,8259,39,4,30610
33085,8259,75,2,31489
33086,8259,60,4,91851
33087,8260,59,2,68303
33088,8260,87,4,47322
33089,8260,81,1,69446
33090,8260,77,1,62543
33091,8261,92,4,43974
33092,8261,87,4,47322
33093,8261,89,3,99643
33094,8261,99,2,64203
33095,8262,58,3,66996
33096,8262,70,4,16773
33097,8262,1,3,77345
33098,8262,93,4,25266
33099,8263,84,2,78759
33100,8263,20,1,13940
33101,8263,73,1,58762
33102,8264,8,1,71394
33103,8264,49,5,86790
33104,8264,12,2,31257
33105,8264,32,5,82134
33106,8264,79,3,37051
33107,8265,35,1,27106
33108,8265,100,5,55240
33109,8265,97,4,24578
33110,8266,52,1,47423
33111,8266,61,4,83461
33112,8266,74,3,60296
33113,8267,3,5,92869
33114,8267,45,3,89685
33115,8267,41,1,16916
33116,8267,38,1,89599
33117,8268,10,4,15030
33118,8268,64,3,18863
33119,8268,27,1,85161
33120,8268,48,2,56186
33121,8269,67,3,71990
33122,8269,63,2,59829
33123,8269,44,1,55170
33124,8269,41,2,16916
33125,8270,3,3,92869
33126,8270,93,4,25266
33127,8270,38,5,89599
33128,8270,36,4,50269
33129,8271,39,3,30610
33130,8271,20,4,13940
33131,8271,12,1,31257
33132,8271,37,4,31314
33133,8272,2,1,16956
33134,8272,19,3,24844
33135,8272,23,3,13902
33136,8272,52,4,47423
33137,8273,50,4,53007
33138,8273,43,4,37544
33139,8273,72,2,53594
33140,8273,89,3,99643
33141,8274,73,1,58762
33142,8274,89,1,99643
33143,8274,91,1,87573
33144,8274,44,4,55170
33145,8274,84,3,78759
33146,8275,98,2,88669
33147,8275,52,5,47423
33148,8275,7,3,51167
33149,8276,60,2,91851
33150,8276,85,1,49747
33151,8276,19,1,24844
33152,8277,14,1,61112
33153,8277,44,3,55170
33154,8277,39,5,30610
33155,8278,80,1,14416
33156,8278,93,5,25266
33157,8278,82,4,40303
33158,8278,67,3,71990
33159,8279,26,4,47395
33160,8279,17,2,32785
33161,8279,2,5,16956
33162,8279,15,1,59265
33163,8280,34,5,71809
33164,8280,96,4,93706
33165,8280,23,3,13902
33166,8280,20,1,13940
33167,8281,94,2,54643
33168,8281,77,3,62543
33169,8281,11,5,42580
33170,8282,81,5,69446
33171,8282,80,2,14416
33172,8282,84,5,78759
33173,8282,93,1,25266
33174,8282,18,1,49881
33175,8283,70,4,16773
33176,8283,19,1,24844
33177,8283,60,4,91851
33178,8283,30,3,22486
33179,8283,67,5,71990
33180,8284,2,5,16956
33181,8284,55,3,50282
33182,8284,38,1,89599
33183,8284,96,1,93706
33184,8284,65,2,95196
33185,8285,23,5,13902
33186,8285,59,4,68303
33187,8285,74,3,60296
33188,8285,47,2,38951
33189,8286,91,3,87573
33190,8286,56,4,13545
33191,8286,4,1,72183
33192,8287,79,5,37051
33193,8287,63,5,59829
33194,8287,3,2,92869
33195,8288,42,4,44615
33196,8288,80,3,14416
33197,8288,48,2,56186
33198,8289,97,5,24578
33199,8289,66,2,21309
33200,8289,92,5,43974
33201,8289,85,3,49747
33202,8289,1,2,77345
33203,8290,30,3,22486
33204,8290,76,2,95956
33205,8290,72,1,53594
33206,8290,31,3,25080
33207,8290,99,4,64203
33208,8291,83,1,57341
33209,8291,18,2,49881
33210,8291,40,3,63117
33211,8292,94,5,54643
33212,8292,89,1,99643
33213,8292,58,3,66996
33214,8292,36,1,50269
33215,8293,15,4,59265
33216,8293,5,1,35124
33217,8293,49,5,86790
33218,8294,63,3,59829
33219,8294,89,4,99643
33220,8294,31,1,25080
33221,8294,88,3,82751
33222,8294,95,5,10177
33223,8295,91,1,87573
33224,8295,21,4,33591
33225,8295,44,2,55170
33226,8295,85,5,49747
33227,8295,26,2,47395
33228,8296,39,3,30610
33229,8296,40,2,63117
33230,8296,28,5,53426
33231,8297,22,1,20870
33232,8297,4,1,72183
33233,8297,24,3,96972
33234,8297,15,4,59265
33235,8297,71,1,62771
33236,8298,60,4,91851
33237,8298,2,3,16956
33238,8298,16,4,21730
33239,8299,76,5,95956
33240,8299,35,5,27106
33241,8299,71,4,62771
33242,8300,56,3,13545
33243,8300,64,3,18863
33244,8300,61,4,83461
33245,8301,62,1,39951
33246,8301,31,4,25080
33247,8301,78,5,21761
33248,8301,17,4,32785
33249,8302,9,5,24385
33250,8302,55,2,50282
33251,8302,10,3,15030
33252,8303,95,3,10177
33253,8303,2,3,16956
33254,8303,99,4,64203
33255,8303,59,3,68303
33256,8304,74,5,60296
33257,8304,75,4,31489
33258,8304,30,4,22486
33259,8304,34,5,71809
33260,8305,49,2,86790
33261,8305,1,3,77345
33262,8305,40,3,63117
33263,8305,43,4,37544
33264,8305,53,1,58950
33265,8306,75,1,31489
33266,8306,5,3,35124
33267,8306,80,2,14416
33268,8307,32,4,82134
33269,8307,64,2,18863
33270,8307,38,1,89599
33271,8307,2,5,16956
33272,8308,73,4,58762
33273,8308,17,3,32785
33274,8308,51,2,22310
33275,8308,86,3,33028
33276,8309,37,5,31314
33277,8309,26,1,47395
33278,8309,96,4,93706
33279,8309,41,3,16916
33280,8310,50,2,53007
33281,8310,68,4,92995
33282,8310,35,4,27106
33283,8310,32,3,82134
33284,8310,88,1,82751
33285,8311,22,2,20870
33286,8311,50,3,53007
33287,8311,77,3,62543
33288,8312,19,1,24844
33289,8312,73,1,58762
33290,8312,32,2,82134
33291,8312,59,5,68303
33292,8313,67,3,71990
33293,8313,32,2,82134
33294,8313,94,2,54643
33295,8313,21,2,33591
33296,8314,30,2,22486
33297,8314,59,5,68303
33298,8314,46,4,39246
33299,8314,24,3,96972
33300,8315,47,5,38951
33301,8315,69,1,66333
33302,8315,78,1,21761
33303,8315,67,4,71990
33304,8315,26,1,47395
33305,8316,10,2,15030
33306,8316,41,4,16916
33307,8316,13,4,60825
33308,8317,48,4,56186
33309,8317,83,5,57341
33310,8317,42,3,44615
33311,8317,55,4,50282
33312,8318,76,3,95956
33313,8318,18,1,49881
33314,8318,69,4,66333
33315,8318,40,5,63117
33316,8319,49,2,86790
33317,8319,35,1,27106
33318,8319,70,3,16773
33319,8319,91,4,87573
33320,8320,44,4,55170
33321,8320,10,3,15030
33322,8320,36,4,50269
33323,8320,37,1,31314
33324,8320,61,2,83461
33325,8321,95,3,10177
33326,8321,97,5,24578
33327,8321,81,1,69446
33328,8321,26,2,47395
33329,8322,47,5,38951
33330,8322,92,5,43974
33331,8322,67,2,71990
33332,8322,80,2,14416
33333,8322,59,5,68303
33334,8323,73,1,58762
33335,8323,61,4,83461
33336,8323,53,4,58950
33337,8323,38,1,89599
33338,8324,97,3,24578
33339,8324,21,3,33591
33340,8324,25,2,95530
33341,8325,2,4,16956
33342,8325,55,5,50282
33343,8325,8,2,71394
33344,8325,98,5,88669
33345,8326,46,3,39246
33346,8326,1,5,77345
33347,8326,9,5,24385
33348,8327,72,5,53594
33349,8327,18,5,49881
33350,8327,80,2,14416
33351,8327,30,4,22486
33352,8327,82,5,40303
33353,8328,13,1,60825
33354,8328,88,3,82751
33355,8328,89,2,99643
33356,8328,4,5,72183
33357,8329,70,1,16773
33358,8329,10,5,15030
33359,8329,36,1,50269
33360,8329,57,4,87341
33361,8330,32,5,82134
33362,8330,58,5,66996
33363,8330,66,4,21309
33364,8331,99,3,64203
33365,8331,35,5,27106
33366,8331,25,4,95530
33367,8332,17,4,32785
33368,8332,71,1,62771
33369,8332,97,1,24578
33370,8332,66,4,21309
33371,8333,87,5,47322
33372,8333,94,3,54643
33373,8333,84,3,78759
33374,8333,17,2,32785
33375,8334,4,5,72183
33376,8334,23,2,13902
33377,8334,35,5,27106
33378,8334,10,1,15030
33379,8335,12,5,31257
33380,8335,23,3,13902
33381,8335,93,4,25266
33382,8335,67,1,71990
33383,8335,6,1,23328
33384,8336,10,2,15030
33385,8336,90,5,99988
33386,8336,87,1,47322
33387,8337,32,1,82134
33388,8337,1,3,77345
33389,8337,19,4,24844
33390,8337,37,5,31314
33391,8338,20,5,13940
33392,8338,65,1,95196
33393,8338,95,3,10177
33394,8338,48,4,56186
33395,8338,73,5,58762
33396,8339,56,5,13545
33397,8339,9,5,24385
33398,8339,70,3,16773
33399,8339,15,2,59265
33400,8340,1,1,77345
33401,8340,15,5,59265
33402,8340,76,2,95956
33403,8340,42,4,44615
33404,8340,100,2,55240
33405,8341,72,1,53594
33406,8341,65,4,95196
33407,8341,64,3,18863
33408,8342,55,3,50282
33409,8342,99,4,64203
33410,8342,87,5,47322
33411,8342,64,4,18863
33412,8343,38,1,89599
33413,8343,65,2,95196
33414,8343,29,2,27367
33415,8343,15,5,59265
33416,8343,70,4,16773
33417,8344,93,5,25266
33418,8344,15,2,59265
33419,8344,88,4,82751
33420,8345,12,4,31257
33421,8345,84,5,78759
33422,8345,99,1,64203
33423,8346,29,4,27367
33424,8346,20,1,13940
33425,8346,42,4,44615
33426,8346,78,1,21761
33427,8346,7,5,51167
33428,8347,54,4,55716
33429,8347,73,2,58762
33430,8347,14,2,61112
33431,8347,99,3,64203
33432,8347,75,3,31489
33433,8348,7,3,51167
33434,8348,20,3,13940
33435,8348,33,1,67163
33436,8348,70,3,16773
33437,8349,71,3,62771
33438,8349,69,4,66333
33439,8349,4,1,72183
33440,8349,83,1,57341
33441,8350,59,2,68303
33442,8350,79,5,37051
33443,8350,9,2,24385
33444,8351,15,2,59265
33445,8351,65,2,95196
33446,8351,14,5,61112
33447,8351,97,2,24578
33448,8352,38,4,89599
33449,8352,94,5,54643
33450,8352,83,5,57341
33451,8352,100,5,55240
33452,8353,95,2,10177
33453,8353,52,1,47423
33454,8353,1,1,77345
33455,8354,86,4,33028
33456,8354,50,1,53007
33457,8354,57,1,87341
33458,8354,48,4,56186
33459,8355,42,5,44615
33460,8355,49,4,86790
33461,8355,72,4,53594
33462,8355,86,5,33028
33463,8355,58,4,66996
33464,8356,45,2,89685
33465,8356,13,1,60825
33466,8356,94,5,54643
33467,8356,5,3,35124
33468,8357,73,3,58762
33469,8357,84,1,78759
33470,8357,70,5,16773
33471,8358,98,2,88669
33472,8358,60,1,91851
33473,8358,8,4,71394
33474,8358,42,4,44615
33475,8359,78,5,21761
33476,8359,92,4,43974
33477,8359,89,5,99643
33478,8359,59,2,68303
33479,8359,8,2,71394
33480,8360,59,2,68303
33481,8360,85,4,49747
33482,8360,67,1,71990
33483,8360,61,5,83461
33484,8360,23,3,13902
33485,8361,23,1,13902
33486,8361,38,1,89599
33487,8361,79,2,37051
33488,8362,54,3,55716
33489,8362,52,1,47423
33490,8362,9,2,24385
33491,8362,32,3,82134
33492,8362,92,5,43974
33493,8363,89,1,99643
33494,8363,14,4,61112
33495,8363,26,5,47395
33496,8364,61,4,83461
33497,8364,12,2,31257
33498,8364,30,5,22486
33499,8365,87,3,47322
33500,8365,100,2,55240
33501,8365,73,4,58762
33502,8365,8,5,71394
33503,8365,53,5,58950
33504,8366,84,4,78759
33505,8366,6,4,23328
33506,8366,44,5,55170
33507,8366,70,4,16773
33508,8367,46,1,39246
33509,8367,92,5,43974
33510,8367,34,4,71809
33511,8367,80,5,14416
33512,8367,67,2,71990
33513,8368,23,2,13902
33514,8368,51,5,22310
33515,8368,63,5,59829
33516,8368,39,2,30610
33517,8368,84,3,78759
33518,8369,76,1,95956
33519,8369,5,5,35124
33520,8369,65,2,95196
33521,8369,39,3,30610
33522,8370,67,1,71990
33523,8370,29,2,27367
33524,8370,50,4,53007
33525,8371,56,1,13545
33526,8371,90,5,99988
33527,8371,42,1,44615
33528,8372,9,2,24385
33529,8372,32,4,82134
33530,8372,82,5,40303
33531,8372,44,1,55170
33532,8373,13,1,60825
33533,8373,19,5,24844
33534,8373,55,1,50282
33535,8374,54,5,55716
33536,8374,22,5,20870
33537,8374,64,4,18863
33538,8374,14,4,61112
33539,8375,60,2,91851
33540,8375,6,3,23328
33541,8375,98,4,88669
33542,8375,21,1,33591
33543,8376,98,2,88669
33544,8376,11,5,42580
33545,8376,1,3,77345
33546,8377,85,1,49747
33547,8377,47,5,38951
33548,8377,81,3,69446
33549,8378,26,1,47395
33550,8378,62,2,39951
33551,8378,20,4,13940
33552,8378,8,4,71394
33553,8379,10,5,15030
33554,8379,49,1,86790
33555,8379,72,2,53594
33556,8379,89,4,99643
33557,8380,48,2,56186
33558,8380,84,5,78759
33559,8380,86,1,33028
33560,8380,71,1,62771
33561,8381,2,4,16956
33562,8381,36,3,50269
33563,8381,7,4,51167
33564,8381,64,1,18863
33565,8381,50,1,53007
33566,8382,57,1,87341
33567,8382,73,5,58762
33568,8382,58,3,66996
33569,8383,18,1,49881
33570,8383,80,1,14416
33571,8383,88,1,82751
33572,8383,53,1,58950
33573,8384,99,4,64203
33574,8384,86,1,33028
33575,8384,82,1,40303
33576,8384,15,1,59265
33577,8384,29,1,27367
33578,8385,23,4,13902
33579,8385,53,2,58950
33580,8385,97,1,24578
33581,8385,36,5,50269
33582,8385,83,1,57341
33583,8386,26,5,47395
33584,8386,30,5,22486
33585,8386,37,1,31314
33586,8387,59,5,68303
33587,8387,50,4,53007
33588,8387,99,3,64203
33589,8387,9,4,24385
33590,8387,24,3,96972
33591,8388,46,2,39246
33592,8388,53,3,58950
33593,8388,16,1,21730
33594,8388,87,3,47322
33595,8389,1,5,77345
33596,8389,67,5,71990
33597,8389,36,1,50269
33598,8389,88,4,82751
33599,8390,54,1,55716
33600,8390,7,5,51167
33601,8390,61,1,83461
33602,8390,20,3,13940
33603,8391,28,4,53426
33604,8391,96,5,93706
33605,8391,9,5,24385
33606,8391,94,1,54643
33607,8391,60,3,91851
33608,8392,22,2,20870
33609,8392,7,5,51167
33610,8392,63,5,59829
33611,8393,47,2,38951
33612,8393,55,2,50282
33613,8393,53,3,58950
33614,8393,75,3,31489
33615,8393,46,3,39246
33616,8394,19,4,24844
33617,8394,76,4,95956
33618,8394,44,5,55170
33619,8395,1,2,77345
33620,8395,71,5,62771
33621,8395,10,3,15030
33622,8396,39,3,30610
33623,8396,25,3,95530
33624,8396,69,1,66333
33625,8396,18,3,49881
33626,8397,97,3,24578
33627,8397,56,4,13545
33628,8397,53,5,58950
33629,8397,9,5,24385
33630,8398,44,5,55170
33631,8398,87,3,47322
33632,8398,41,3,16916
33633,8399,9,4,24385
33634,8399,87,1,47322
33635,8399,35,5,27106
33636,8400,63,5,59829
33637,8400,24,5,96972
33638,8400,1,1,77345
33639,8400,83,5,57341
33640,8400,54,5,55716
33641,8401,94,3,54643
33642,8401,90,2,99988
33643,8401,53,4,58950
33644,8402,93,3,25266
33645,8402,94,1,54643
33646,8402,2,1,16956
33647,8402,48,5,56186
33648,8402,23,5,13902
33649,8403,22,4,20870
33650,8403,13,5,60825
33651,8403,62,4,39951
33652,8403,2,2,16956
33653,8404,42,5,44615
33654,8404,92,2,43974
33655,8404,78,3,21761
33656,8404,6,5,23328
33657,8405,47,5,38951
33658,8405,26,2,47395
33659,8405,85,5,49747
33660,8406,76,1,95956
33661,8406,84,4,78759
33662,8406,75,1,31489
33663,8407,28,1,53426
33664,8407,29,5,27367
33665,8407,23,1,13902
33666,8408,36,1,50269
33667,8408,47,2,38951
33668,8408,29,2,27367
33669,8409,24,3,96972
33670,8409,34,2,71809
33671,8409,99,1,64203
33672,8409,6,1,23328
33673,8410,26,2,47395
33674,8410,33,1,67163
33675,8410,70,2,16773
33676,8411,25,4,95530
33677,8411,17,2,32785
33678,8411,10,5,15030
33679,8412,48,5,56186
33680,8412,89,4,99643
33681,8412,63,3,59829
33682,8412,49,3,86790
33683,8413,52,1,47423
33684,8413,3,5,92869
33685,8413,72,3,53594
33686,8414,49,5,86790
33687,8414,72,5,53594
33688,8414,33,4,67163
33689,8414,67,2,71990
33690,8415,22,4,20870
33691,8415,39,4,30610
33692,8415,45,5,89685
33693,8415,90,1,99988
33694,8415,74,1,60296
33695,8416,82,2,40303
33696,8416,92,3,43974
33697,8416,12,1,31257
33698,8416,38,5,89599
33699,8417,43,5,37544
33700,8417,79,4,37051
33701,8417,97,2,24578
33702,8418,24,4,96972
33703,8418,67,3,71990
33704,8418,96,4,93706
33705,8418,98,1,88669
33706,8419,53,2,58950
33707,8419,30,2,22486
33708,8419,35,1,27106
33709,8419,19,1,24844
33710,8419,78,5,21761
33711,8420,63,2,59829
33712,8420,75,4,31489
33713,8420,47,1,38951
33714,8420,4,2,72183
33715,8420,70,3,16773
33716,8421,61,3,83461
33717,8421,29,2,27367
33718,8421,43,2,37544
33719,8422,48,3,56186
33720,8422,100,3,55240
33721,8422,22,2,20870
33722,8423,78,1,21761
33723,8423,11,5,42580
33724,8423,65,2,95196
33725,8423,14,4,61112
33726,8424,89,1,99643
33727,8424,64,3,18863
33728,8424,60,2,91851
33729,8425,90,5,99988
33730,8425,80,1,14416
33731,8425,95,1,10177
33732,8425,52,4,47423
33733,8425,43,5,37544
33734,8426,80,1,14416
33735,8426,100,5,55240
33736,8426,7,2,51167
33737,8426,3,4,92869
33738,8427,92,1,43974
33739,8427,87,3,47322
33740,8427,21,4,33591
33741,8427,24,1,96972
33742,8428,26,5,47395
33743,8428,23,3,13902
33744,8428,39,1,30610
33745,8428,63,3,59829
33746,8429,87,5,47322
33747,8429,63,3,59829
33748,8429,57,2,87341
33749,8429,17,4,32785
33750,8430,48,2,56186
33751,8430,38,4,89599
33752,8430,60,2,91851
33753,8430,78,3,21761
33754,8430,9,4,24385
33755,8431,29,5,27367
33756,8431,61,4,83461
33757,8431,31,1,25080
33758,8432,60,2,91851
33759,8432,83,4,57341
33760,8432,100,2,55240
33761,8433,43,4,37544
33762,8433,49,5,86790
33763,8433,47,4,38951
33764,8434,23,5,13902
33765,8434,1,5,77345
33766,8434,12,1,31257
33767,8434,43,5,37544
33768,8434,53,3,58950
33769,8435,78,3,21761
33770,8435,38,2,89599
33771,8435,35,4,27106
33772,8436,43,5,37544
33773,8436,96,5,93706
33774,8436,77,2,62543
33775,8436,39,4,30610
33776,8437,70,4,16773
33777,8437,69,5,66333
33778,8437,33,4,67163
33779,8437,29,4,27367
33780,8437,31,1,25080
33781,8438,88,1,82751
33782,8438,13,4,60825
33783,8438,59,1,68303
33784,8438,61,5,83461
33785,8438,40,4,63117
33786,8439,54,1,55716
33787,8439,83,1,57341
33788,8439,13,1,60825
33789,8439,34,1,71809
33790,8440,38,5,89599
33791,8440,41,5,16916
33792,8440,51,4,22310
33793,8441,74,3,60296
33794,8441,5,5,35124
33795,8441,95,1,10177
33796,8441,99,5,64203
33797,8442,29,1,27367
33798,8442,11,4,42580
33799,8442,66,1,21309
33800,8442,89,1,99643
33801,8443,13,3,60825
33802,8443,71,5,62771
33803,8443,17,5,32785
33804,8444,77,3,62543
33805,8444,54,3,55716
33806,8444,92,2,43974
33807,8444,76,2,95956
33808,8444,64,1,18863
33809,8445,30,1,22486
33810,8445,58,5,66996
33811,8445,35,2,27106
33812,8445,11,3,42580
33813,8445,75,5,31489
33814,8446,47,3,38951
33815,8446,20,2,13940
33816,8446,19,2,24844
33817,8446,28,4,53426
33818,8447,2,1,16956
33819,8447,80,4,14416
33820,8447,42,3,44615
33821,8447,11,4,42580
33822,8447,98,5,88669
33823,8448,93,5,25266
33824,8448,58,1,66996
33825,8448,72,3,53594
33826,8449,72,2,53594
33827,8449,30,2,22486
33828,8449,93,2,25266
33829,8449,73,2,58762
33830,8450,69,2,66333
33831,8450,37,3,31314
33832,8450,15,1,59265
33833,8451,17,4,32785
33834,8451,30,4,22486
33835,8451,38,1,89599
33836,8451,84,1,78759
33837,8452,100,4,55240
33838,8452,92,3,43974
33839,8452,5,1,35124
33840,8452,42,3,44615
33841,8452,64,3,18863
33842,8453,70,3,16773
33843,8453,60,1,91851
33844,8453,72,4,53594
33845,8453,64,4,18863
33846,8453,10,4,15030
33847,8454,79,2,37051
33848,8454,31,5,25080
33849,8454,32,5,82134
33850,8454,94,1,54643
33851,8455,41,4,16916
33852,8455,18,2,49881
33853,8455,68,2,92995
33854,8456,25,2,95530
33855,8456,1,1,77345
33856,8456,82,2,40303
33857,8457,28,5,53426
33858,8457,89,3,99643
33859,8457,67,2,71990
33860,8457,34,4,71809
33861,8457,47,3,38951
33862,8458,66,1,21309
33863,8458,50,4,53007
33864,8458,77,4,62543
33865,8459,11,5,42580
33866,8459,22,4,20870
33867,8459,87,1,47322
33868,8459,57,1,87341
33869,8459,46,2,39246
33870,8460,71,4,62771
33871,8460,48,3,56186
33872,8460,49,2,86790
33873,8460,93,5,25266
33874,8461,7,3,51167
33875,8461,27,5,85161
33876,8461,89,1,99643
33877,8461,3,2,92869
33878,8462,73,5,58762
33879,8462,31,4,25080
33880,8462,43,1,37544
33881,8463,39,1,30610
33882,8463,28,2,53426
33883,8463,23,5,13902
33884,8463,67,5,71990
33885,8463,88,3,82751
33886,8464,34,2,71809
33887,8464,95,5,10177
33888,8464,7,5,51167
33889,8464,15,1,59265
33890,8464,82,3,40303
33891,8465,20,1,13940
33892,8465,66,1,21309
33893,8465,12,5,31257
33894,8466,60,4,91851
33895,8466,63,3,59829
33896,8466,22,5,20870
33897,8466,72,1,53594
33898,8466,34,2,71809
33899,8467,61,1,83461
33900,8467,69,2,66333
33901,8467,6,2,23328
33902,8468,29,4,27367
33903,8468,35,2,27106
33904,8468,1,5,77345
33905,8469,79,3,37051
33906,8469,77,1,62543
33907,8469,1,5,77345
33908,8469,46,5,39246
33909,8469,34,1,71809
33910,8470,41,3,16916
33911,8470,60,5,91851
33912,8470,100,1,55240
33913,8471,14,3,61112
33914,8471,61,3,83461
33915,8471,2,5,16956
33916,8471,86,3,33028
33917,8471,75,5,31489
33918,8472,84,4,78759
33919,8472,99,5,64203
33920,8472,71,4,62771
33921,8472,15,2,59265
33922,8473,90,5,99988
33923,8473,36,2,50269
33924,8473,93,5,25266
33925,8474,100,1,55240
33926,8474,76,3,95956
33927,8474,49,5,86790
33928,8475,93,2,25266
33929,8475,94,1,54643
33930,8475,67,1,71990
33931,8475,76,1,95956
33932,8475,60,5,91851
33933,8476,46,4,39246
33934,8476,86,1,33028
33935,8476,73,5,58762
33936,8477,28,3,53426
33937,8477,11,5,42580
33938,8477,55,1,50282
33939,8477,85,1,49747
33940,8478,6,4,23328
33941,8478,34,3,71809
33942,8478,39,4,30610
33943,8478,61,1,83461
33944,8478,62,1,39951
33945,8479,27,2,85161
33946,8479,31,3,25080
33947,8479,60,4,91851
33948,8479,38,5,89599
33949,8479,19,4,24844
33950,8480,32,5,82134
33951,8480,12,1,31257
33952,8480,38,5,89599
33953,8480,21,1,33591
33954,8480,24,1,96972
33955,8481,26,1,47395
33956,8481,43,5,37544
33957,8481,20,1,13940
33958,8482,1,1,77345
33959,8482,74,4,60296
33960,8482,80,3,14416
33961,8482,7,4,51167
33962,8483,60,5,91851
33963,8483,99,2,64203
33964,8483,48,5,56186
33965,8484,44,3,55170
33966,8484,30,1,22486
33967,8484,66,3,21309
33968,8484,92,3,43974
33969,8485,33,5,67163
33970,8485,52,5,47423
33971,8485,72,5,53594
33972,8486,24,2,96972
33973,8486,89,4,99643
33974,8486,25,3,95530
33975,8486,35,1,27106
33976,8486,38,5,89599
33977,8487,49,5,86790
33978,8487,82,1,40303
33979,8487,80,5,14416
33980,8487,94,1,54643
33981,8487,32,4,82134
33982,8488,48,3,56186
33983,8488,26,2,47395
33984,8488,45,2,89685
33985,8488,89,5,99643
33986,8488,14,3,61112
33987,8489,55,2,50282
33988,8489,45,3,89685
33989,8489,24,1,96972
33990,8490,3,3,92869
33991,8490,31,3,25080
33992,8490,27,3,85161
33993,8491,70,5,16773
33994,8491,9,4,24385
33995,8491,26,3,47395
33996,8492,45,5,89685
33997,8492,89,3,99643
33998,8492,27,2,85161
33999,8492,74,2,60296
34000,8492,54,4,55716
34001,8493,16,2,21730
34002,8493,11,4,42580
34003,8493,8,2,71394
34004,8493,79,5,37051
34005,8494,46,4,39246
34006,8494,2,2,16956
34007,8494,71,4,62771
34008,8495,35,5,27106
34009,8495,50,5,53007
34010,8495,18,3,49881
34011,8496,33,4,67163
34012,8496,97,1,24578
34013,8496,71,5,62771
34014,8497,93,3,25266
34015,8497,51,2,22310
34016,8497,61,4,83461
34017,8497,65,5,95196
34018,8498,73,5,58762
34019,8498,11,2,42580
34020,8498,16,2,21730
34021,8499,94,1,54643
34022,8499,47,3,38951
34023,8499,58,3,66996
34024,8499,34,3,71809
34025,8500,49,2,86790
34026,8500,60,2,91851
34027,8500,11,3,42580
34028,8500,98,5,88669
34029,8501,16,3,21730
34030,8501,3,5,92869
34031,8501,11,5,42580
34032,8501,10,2,15030
34033,8501,99,2,64203
34034,8502,34,5,71809
34035,8502,1,1,77345
34036,8502,43,1,37544
34037,8502,44,4,55170
34038,8503,65,2,95196
34039,8503,10,2,15030
34040,8503,96,5,93706
34041,8503,35,5,27106
34042,8504,85,4,49747
34043,8504,32,2,82134
34044,8504,26,4,47395
34045,8504,73,2,58762
34046,8504,51,2,22310
34047,8505,49,4,86790
34048,8505,20,2,13940
34049,8505,76,3,95956
34050,8505,9,1,24385
34051,8505,58,5,66996
34052,8506,36,1,50269
34053,8506,89,2,99643
34054,8506,57,5,87341
34055,8507,96,4,93706
34056,8507,5,3,35124
34057,8507,99,5,64203
34058,8507,28,5,53426
34059,8508,48,5,56186
34060,8508,98,4,88669
34061,8508,45,3,89685
34062,8509,37,5,31314
34063,8509,85,5,49747
34064,8509,50,5,53007
34065,8510,71,5,62771
34066,8510,4,1,72183
34067,8510,96,5,93706
34068,8510,52,5,47423
34069,8510,64,3,18863
34070,8511,49,4,86790
34071,8511,16,5,21730
34072,8511,60,1,91851
34073,8511,4,5,72183
34074,8511,23,2,13902
34075,8512,78,1,21761
34076,8512,31,3,25080
34077,8512,68,1,92995
34078,8513,65,3,95196
34079,8513,99,3,64203
34080,8513,88,1,82751
34081,8513,81,3,69446
34082,8514,84,5,78759
34083,8514,89,2,99643
34084,8514,80,4,14416
34085,8514,78,4,21761
34086,8514,37,2,31314
34087,8515,68,4,92995
34088,8515,87,2,47322
34089,8515,37,2,31314
34090,8515,17,2,32785
34091,8516,64,4,18863
34092,8516,62,1,39951
34093,8516,90,3,99988
34094,8516,91,1,87573
34095,8516,95,3,10177
34096,8517,35,1,27106
34097,8517,64,2,18863
34098,8517,38,5,89599
34099,8517,68,5,92995
34100,8518,72,4,53594
34101,8518,78,3,21761
34102,8518,62,3,39951
34103,8519,98,3,88669
34104,8519,61,3,83461
34105,8519,52,3,47423
34106,8520,90,5,99988
34107,8520,62,3,39951
34108,8520,44,3,55170
34109,8520,68,2,92995
34110,8521,7,4,51167
34111,8521,61,2,83461
34112,8521,91,4,87573
34113,8522,47,4,38951
34114,8522,83,1,57341
34115,8522,85,2,49747
34116,8522,46,4,39246
34117,8522,11,1,42580
34118,8523,13,5,60825
34119,8523,12,3,31257
34120,8523,87,1,47322
34121,8523,42,5,44615
34122,8523,5,1,35124
34123,8524,52,4,47423
34124,8524,2,5,16956
34125,8524,30,4,22486
34126,8524,85,4,49747
34127,8524,46,4,39246
34128,8525,8,1,71394
34129,8525,18,4,49881
34130,8525,45,1,89685
34131,8525,46,5,39246
34132,8525,74,1,60296
34133,8526,19,4,24844
34134,8526,6,2,23328
34135,8526,46,4,39246
34136,8526,66,2,21309
34137,8527,61,3,83461
34138,8527,7,4,51167
34139,8527,37,1,31314
34140,8528,21,1,33591
34141,8528,47,4,38951
34142,8528,99,5,64203
34143,8529,10,3,15030
34144,8529,19,2,24844
34145,8529,81,5,69446
34146,8530,87,1,47322
34147,8530,24,2,96972
34148,8530,59,4,68303
34149,8530,90,3,99988
34150,8531,67,5,71990
34151,8531,100,3,55240
34152,8531,39,3,30610
34153,8531,14,5,61112
34154,8532,7,4,51167
34155,8532,87,5,47322
34156,8532,60,4,91851
34157,8532,11,1,42580
34158,8533,49,2,86790
34159,8533,96,3,93706
34160,8533,97,5,24578
34161,8533,92,4,43974
34162,8534,98,3,88669
34163,8534,35,3,27106
34164,8534,96,1,93706
34165,8534,89,2,99643
34166,8534,99,2,64203
34167,8535,13,3,60825
34168,8535,45,4,89685
34169,8535,9,3,24385
34170,8535,46,3,39246
34171,8535,79,4,37051
34172,8536,21,3,33591
34173,8536,57,1,87341
34174,8536,89,1,99643
34175,8536,67,3,71990
34176,8537,1,4,77345
34177,8537,15,1,59265
34178,8537,35,3,27106
34179,8538,19,5,24844
34180,8538,79,4,37051
34181,8538,56,3,13545
34182,8538,99,2,64203
34183,8538,26,1,47395
34184,8539,21,1,33591
34185,8539,5,4,35124
34186,8539,72,3,53594
34187,8539,88,3,82751
34188,8540,65,2,95196
34189,8540,89,3,99643
34190,8540,99,5,64203
34191,8541,5,2,35124
34192,8541,9,3,24385
34193,8541,27,4,85161
34194,8541,75,3,31489
34195,8542,100,5,55240
34196,8542,91,3,87573
34197,8542,10,1,15030
34198,8542,80,2,14416
34199,8542,66,1,21309
34200,8543,61,4,83461
34201,8543,66,1,21309
34202,8543,32,4,82134
34203,8543,100,5,55240
34204,8543,13,2,60825
34205,8544,73,1,58762
34206,8544,18,4,49881
34207,8544,9,2,24385
34208,8545,10,4,15030
34209,8545,89,1,99643
34210,8545,35,4,27106
34211,8546,48,1,56186
34212,8546,91,1,87573
34213,8546,10,1,15030
34214,8546,39,1,30610
34215,8546,43,2,37544
34216,8547,39,1,30610
34217,8547,77,4,62543
34218,8547,4,2,72183
34219,8548,61,5,83461
34220,8548,84,1,78759
34221,8548,29,2,27367
34222,8548,89,5,99643
34223,8548,93,2,25266
34224,8549,6,4,23328
34225,8549,42,2,44615
34226,8549,30,4,22486
34227,8549,81,1,69446
34228,8550,69,2,66333
34229,8550,100,1,55240
34230,8550,31,3,25080
34231,8550,96,2,93706
34232,8551,32,1,82134
34233,8551,93,3,25266
34234,8551,30,5,22486
34235,8551,80,3,14416
34236,8552,24,2,96972
34237,8552,10,5,15030
34238,8552,75,1,31489
34239,8552,15,2,59265
34240,8552,45,3,89685
34241,8553,25,2,95530
34242,8553,60,3,91851
34243,8553,41,3,16916
34244,8553,88,1,82751
34245,8554,94,5,54643
34246,8554,70,5,16773
34247,8554,72,2,53594
34248,8555,86,1,33028
34249,8555,26,4,47395
34250,8555,8,1,71394
34251,8556,94,4,54643
34252,8556,9,2,24385
34253,8556,50,3,53007
34254,8557,5,5,35124
34255,8557,31,3,25080
34256,8557,44,4,55170
34257,8557,53,4,58950
34258,8558,54,5,55716
34259,8558,76,3,95956
34260,8558,21,5,33591
34261,8559,3,3,92869
34262,8559,98,3,88669
34263,8559,53,2,58950
34264,8560,20,1,13940
34265,8560,45,2,89685
34266,8560,93,3,25266
34267,8561,50,2,53007
34268,8561,14,2,61112
34269,8561,100,3,55240
34270,8561,39,3,30610
34271,8561,8,1,71394
34272,8562,47,1,38951
34273,8562,19,4,24844
34274,8562,21,5,33591
34275,8562,24,5,96972
34276,8562,20,3,13940
34277,8563,61,1,83461
34278,8563,82,2,40303
34279,8563,35,4,27106
34280,8563,74,5,60296
34281,8564,99,2,64203
34282,8564,53,1,58950
34283,8564,4,4,72183
34284,8565,45,5,89685
34285,8565,35,5,27106
34286,8565,65,3,95196
34287,8565,27,3,85161
34288,8566,47,1,38951
34289,8566,23,2,13902
34290,8566,2,5,16956
34291,8566,13,1,60825
34292,8567,66,4,21309
34293,8567,1,4,77345
34294,8567,14,5,61112
34295,8568,43,2,37544
34296,8568,10,2,15030
34297,8568,57,2,87341
34298,8568,3,3,92869
34299,8569,47,4,38951
34300,8569,51,2,22310
34301,8569,39,2,30610
34302,8569,65,1,95196
34303,8569,85,5,49747
34304,8570,13,2,60825
34305,8570,46,3,39246
34306,8570,77,4,62543
34307,8570,62,1,39951
34308,8571,24,5,96972
34309,8571,6,1,23328
34310,8571,27,5,85161
34311,8571,25,3,95530
34312,8571,59,5,68303
34313,8572,74,2,60296
34314,8572,22,2,20870
34315,8572,28,2,53426
34316,8572,31,1,25080
34317,8572,80,1,14416
34318,8573,8,5,71394
34319,8573,59,5,68303
34320,8573,13,3,60825
34321,8573,65,5,95196
34322,8574,35,5,27106
34323,8574,59,2,68303
34324,8574,20,1,13940
34325,8574,37,5,31314
34326,8574,63,1,59829
34327,8575,73,1,58762
34328,8575,66,3,21309
34329,8575,100,3,55240
34330,8575,18,5,49881
34331,8575,76,1,95956
34332,8576,90,4,99988
34333,8576,60,2,91851
34334,8576,9,5,24385
34335,8576,79,5,37051
34336,8576,42,4,44615
34337,8577,15,4,59265
34338,8577,24,3,96972
34339,8577,14,5,61112
34340,8577,75,3,31489
34341,8578,67,4,71990
34342,8578,78,3,21761
34343,8578,16,3,21730
34344,8578,91,4,87573
34345,8578,30,4,22486
34346,8579,23,4,13902
34347,8579,1,5,77345
34348,8579,12,2,31257
34349,8579,52,1,47423
34350,8580,10,3,15030
34351,8580,21,3,33591
34352,8580,94,2,54643
34353,8581,7,4,51167
34354,8581,21,2,33591
34355,8581,93,2,25266
34356,8581,62,1,39951
34357,8582,20,1,13940
34358,8582,56,2,13545
34359,8582,57,5,87341
34360,8582,37,3,31314
34361,8583,72,1,53594
34362,8583,33,4,67163
34363,8583,53,4,58950
34364,8584,25,3,95530
34365,8584,42,5,44615
34366,8584,44,1,55170
34367,8585,44,4,55170
34368,8585,55,2,50282
34369,8585,10,3,15030
34370,8585,5,4,35124
34371,8585,97,4,24578
34372,8586,1,5,77345
34373,8586,69,5,66333
34374,8586,19,1,24844
34375,8586,82,4,40303
34376,8586,17,3,32785
34377,8587,9,2,24385
34378,8587,5,2,35124
34379,8587,65,4,95196
34380,8587,61,2,83461
34381,8587,13,3,60825
34382,8588,41,2,16916
34383,8588,65,5,95196
34384,8588,17,4,32785
34385,8589,74,2,60296
34386,8589,18,5,49881
34387,8589,61,1,83461
34388,8590,31,4,25080
34389,8590,21,3,33591
34390,8590,33,3,67163
34391,8590,25,5,95530
34392,8590,20,3,13940
34393,8591,67,5,71990
34394,8591,72,4,53594
34395,8591,29,1,27367
34396,8591,70,1,16773
34397,8592,58,5,66996
34398,8592,73,2,58762
34399,8592,87,3,47322
34400,8593,58,5,66996
34401,8593,59,3,68303
34402,8593,57,3,87341
34403,8594,79,5,37051
34404,8594,35,1,27106
34405,8594,18,4,49881
34406,8595,47,5,38951
34407,8595,95,4,10177
34408,8595,91,1,87573
34409,8595,44,1,55170
34410,8596,60,3,91851
34411,8596,63,1,59829
34412,8596,81,2,69446
34413,8596,15,5,59265
34414,8597,97,5,24578
34415,8597,5,3,35124
34416,8597,77,5,62543
34417,8597,93,5,25266
34418,8597,39,2,30610
34419,8598,20,3,13940
34420,8598,95,4,10177
34421,8598,16,5,21730
34422,8599,58,2,66996
34423,8599,39,2,30610
34424,8599,92,2,43974
34425,8599,94,2,54643
34426,8599,47,2,38951
34427,8600,13,4,60825
34428,8600,98,5,88669
34429,8600,67,3,71990
34430,8600,41,5,16916
34431,8601,69,3,66333
34432,8601,51,1,22310
34433,8601,37,3,31314
34434,8601,44,2,55170
34435,8601,97,5,24578
34436,8602,84,1,78759
34437,8602,61,3,83461
34438,8602,83,3,57341
34439,8602,42,4,44615
34440,8602,72,3,53594
34441,8603,7,3,51167
34442,8603,30,4,22486
34443,8603,15,5,59265
34444,8603,46,3,39246
34445,8604,80,5,14416
34446,8604,9,2,24385
34447,8604,46,3,39246
34448,8604,40,5,63117
34449,8604,52,2,47423
34450,8605,64,2,18863
34451,8605,35,4,27106
34452,8605,10,1,15030
34453,8606,74,2,60296
34454,8606,55,1,50282
34455,8606,63,3,59829
34456,8607,20,1,13940
34457,8607,16,4,21730
34458,8607,6,4,23328
34459,8607,95,3,10177
34460,8607,79,2,37051
34461,8608,11,2,42580
34462,8608,96,1,93706
34463,8608,98,3,88669
34464,8608,25,1,95530
34465,8609,84,1,78759
34466,8609,22,4,20870
34467,8609,92,4,43974
34468,8609,76,3,95956
34469,8610,93,1,25266
34470,8610,2,1,16956
34471,8610,90,2,99988
34472,8611,69,3,66333
34473,8611,94,1,54643
34474,8611,9,5,24385
34475,8611,32,4,82134
34476,8611,54,2,55716
34477,8612,70,2,16773
34478,8612,97,3,24578
34479,8612,4,1,72183
34480,8612,64,3,18863
34481,8613,48,5,56186
34482,8613,9,1,24385
34483,8613,26,1,47395
34484,8614,96,5,93706
34485,8614,36,3,50269
34486,8614,56,1,13545
34487,8614,7,4,51167
34488,8614,89,4,99643
34489,8615,68,4,92995
34490,8615,57,5,87341
34491,8615,39,5,30610
34492,8615,47,3,38951
34493,8616,70,3,16773
34494,8616,53,1,58950
34495,8616,36,3,50269
34496,8616,41,5,16916
34497,8617,78,4,21761
34498,8617,96,1,93706
34499,8617,93,3,25266
34500,8617,30,4,22486
34501,8618,90,3,99988
34502,8618,25,5,95530
34503,8618,8,2,71394
34504,8618,27,1,85161
34505,8618,41,4,16916
34506,8619,52,2,47423
34507,8619,71,4,62771
34508,8619,41,5,16916
34509,8619,2,3,16956
34510,8620,9,4,24385
34511,8620,67,3,71990
34512,8620,28,3,53426
34513,8620,46,5,39246
34514,8620,40,1,63117
34515,8621,36,3,50269
34516,8621,39,2,30610
34517,8621,90,1,99988
34518,8621,95,2,10177
34519,8621,37,2,31314
34520,8622,9,2,24385
34521,8622,69,5,66333
34522,8622,55,5,50282
34523,8622,17,4,32785
34524,8623,26,3,47395
34525,8623,56,3,13545
34526,8623,35,4,27106
34527,8624,88,4,82751
34528,8624,59,2,68303
34529,8624,7,3,51167
34530,8624,63,3,59829
34531,8625,62,1,39951
34532,8625,33,3,67163
34533,8625,19,5,24844
34534,8625,75,4,31489
34535,8625,23,1,13902
34536,8626,81,1,69446
34537,8626,67,4,71990
34538,8626,72,3,53594
34539,8626,7,4,51167
34540,8626,43,4,37544
34541,8627,12,5,31257
34542,8627,27,3,85161
34543,8627,94,4,54643
34544,8627,98,3,88669
34545,8628,96,2,93706
34546,8628,40,1,63117
34547,8628,36,5,50269
34548,8628,86,1,33028
34549,8628,20,3,13940
34550,8629,57,5,87341
34551,8629,69,1,66333
34552,8629,76,2,95956
34553,8629,11,3,42580
34554,8630,16,4,21730
34555,8630,63,3,59829
34556,8630,15,1,59265
34557,8630,2,2,16956
34558,8630,42,2,44615
34559,8631,32,1,82134
34560,8631,74,1,60296
34561,8631,17,3,32785
34562,8631,58,1,66996
34563,8631,65,5,95196
34564,8632,72,4,53594
34565,8632,36,2,50269
34566,8632,37,4,31314
34567,8632,32,2,82134
34568,8632,66,4,21309
34569,8633,51,4,22310
34570,8633,86,1,33028
34571,8633,85,2,49747
34572,8634,45,1,89685
34573,8634,24,5,96972
34574,8634,30,3,22486
34575,8635,4,3,72183
34576,8635,92,5,43974
34577,8635,6,5,23328
34578,8636,48,2,56186
34579,8636,73,4,58762
34580,8636,34,3,71809
34581,8637,47,3,38951
34582,8637,21,1,33591
34583,8637,4,1,72183
34584,8637,89,1,99643
34585,8638,15,1,59265
34586,8638,18,2,49881
34587,8638,87,5,47322
34588,8639,45,1,89685
34589,8639,32,2,82134
34590,8639,15,1,59265
34591,8639,90,1,99988
34592,8639,47,2,38951
34593,8640,72,2,53594
34594,8640,33,3,67163
34595,8640,31,5,25080
34596,8640,95,1,10177
34597,8640,77,5,62543
34598,8641,74,5,60296
34599,8641,43,5,37544
34600,8641,99,4,64203
34601,8642,68,4,92995
34602,8642,38,5,89599
34603,8642,24,4,96972
34604,8642,55,1,50282
34605,8643,25,2,95530
34606,8643,62,2,39951
34607,8643,4,1,72183
34608,8644,59,5,68303
34609,8644,88,3,82751
34610,8644,20,5,13940
34611,8644,18,2,49881
34612,8644,52,3,47423
34613,8645,67,4,71990
34614,8645,2,1,16956
34615,8645,24,1,96972
34616,8645,71,4,62771
34617,8646,35,4,27106
34618,8646,39,5,30610
34619,8646,19,3,24844
34620,8647,41,3,16916
34621,8647,9,1,24385
34622,8647,35,4,27106
34623,8647,47,4,38951
34624,8648,71,5,62771
34625,8648,75,4,31489
34626,8648,100,3,55240
34627,8648,99,4,64203
34628,8649,41,4,16916
34629,8649,53,2,58950
34630,8649,77,2,62543
34631,8649,7,4,51167
34632,8649,39,3,30610
34633,8650,87,2,47322
34634,8650,92,3,43974
34635,8650,14,5,61112
34636,8650,78,2,21761
34637,8650,58,2,66996
34638,8651,49,1,86790
34639,8651,66,2,21309
34640,8651,42,4,44615
34641,8651,94,1,54643
34642,8651,93,1,25266
34643,8652,47,2,38951
34644,8652,96,1,93706
34645,8652,81,4,69446
34646,8653,97,3,24578
34647,8653,43,3,37544
34648,8653,34,2,71809
34649,8653,48,5,56186
34650,8654,54,3,55716
34651,8654,90,5,99988
34652,8654,42,2,44615
34653,8654,84,1,78759
34654,8655,57,3,87341
34655,8655,7,5,51167
34656,8655,56,2,13545
34657,8655,66,1,21309
34658,8655,18,4,49881
34659,8656,41,3,16916
34660,8656,46,2,39246
34661,8656,42,3,44615
34662,8657,70,3,16773
34663,8657,50,3,53007
34664,8657,92,4,43974
34665,8657,99,4,64203
34666,8657,47,4,38951
34667,8658,73,1,58762
34668,8658,10,5,15030
34669,8658,37,3,31314
34670,8658,46,2,39246
34671,8658,59,4,68303
34672,8659,41,5,16916
34673,8659,53,1,58950
34674,8659,2,4,16956
34675,8660,71,2,62771
34676,8660,65,2,95196
34677,8660,37,5,31314
34678,8661,59,5,68303
34679,8661,31,1,25080
34680,8661,14,5,61112
34681,8661,2,4,16956
34682,8661,83,5,57341
34683,8662,57,5,87341
34684,8662,94,1,54643
34685,8662,69,4,66333
34686,8662,58,4,66996
34687,8663,99,4,64203
34688,8663,84,5,78759
34689,8663,23,2,13902
34690,8663,67,5,71990
34691,8664,68,2,92995
34692,8664,81,5,69446
34693,8664,80,5,14416
34694,8665,75,5,31489
34695,8665,49,5,86790
34696,8665,3,3,92869
34697,8665,5,2,35124
34698,8666,5,4,35124
34699,8666,47,5,38951
34700,8666,46,4,39246
34701,8666,57,4,87341
34702,8666,43,4,37544
34703,8667,32,5,82134
34704,8667,94,3,54643
34705,8667,30,3,22486
34706,8667,16,1,21730
34707,8667,85,2,49747
34708,8668,11,2,42580
34709,8668,66,1,21309
34710,8668,50,5,53007
34711,8668,69,1,66333
34712,8668,83,3,57341
34713,8669,14,5,61112
34714,8669,28,3,53426
34715,8669,90,2,99988
34716,8670,89,3,99643
34717,8670,59,4,68303
34718,8670,48,5,56186
34719,8670,39,5,30610
34720,8671,41,1,16916
34721,8671,44,2,55170
34722,8671,4,2,72183
34723,8671,89,1,99643
34724,8671,8,1,71394
34725,8672,10,2,15030
34726,8672,68,4,92995
34727,8672,72,2,53594
34728,8672,88,2,82751
34729,8673,49,5,86790
34730,8673,54,5,55716
34731,8673,18,1,49881
34732,8674,21,4,33591
34733,8674,42,4,44615
34734,8674,99,3,64203
34735,8674,7,4,51167
34736,8675,96,1,93706
34737,8675,80,3,14416
34738,8675,54,5,55716
34739,8676,74,5,60296
34740,8676,70,3,16773
34741,8676,90,5,99988
34742,8677,2,1,16956
34743,8677,21,2,33591
34744,8677,67,5,71990
34745,8677,19,1,24844
34746,8678,93,5,25266
34747,8678,32,3,82134
34748,8678,48,2,56186
34749,8678,57,4,87341
34750,8679,14,3,61112
34751,8679,58,3,66996
34752,8679,61,2,83461
34753,8679,18,5,49881
34754,8680,63,1,59829
34755,8680,77,2,62543
34756,8680,31,2,25080
34757,8680,88,2,82751
34758,8681,91,4,87573
34759,8681,12,5,31257
34760,8681,64,4,18863
34761,8681,39,3,30610
34762,8681,17,4,32785
34763,8682,33,2,67163
34764,8682,60,2,91851
34765,8682,54,5,55716
34766,8682,72,4,53594
34767,8682,55,4,50282
34768,8683,66,5,21309
34769,8683,61,1,83461
34770,8683,94,4,54643
34771,8683,75,3,31489
34772,8683,49,5,86790
34773,8684,39,4,30610
34774,8684,98,1,88669
34775,8684,12,3,31257
34776,8684,52,5,47423
34777,8684,45,3,89685
34778,8685,94,4,54643
34779,8685,19,1,24844
34780,8685,6,4,23328
34781,8685,93,1,25266
34782,8686,23,4,13902
34783,8686,85,1,49747
34784,8686,8,3,71394
34785,8687,80,4,14416
34786,8687,98,4,88669
34787,8687,74,5,60296
34788,8687,50,1,53007
34789,8687,9,2,24385
34790,8688,7,5,51167
34791,8688,1,5,77345
34792,8688,9,5,24385
34793,8689,86,2,33028
34794,8689,50,3,53007
34795,8689,96,5,93706
34796,8690,63,1,59829
34797,8690,59,5,68303
34798,8690,24,5,96972
34799,8690,66,2,21309
34800,8690,99,5,64203
34801,8691,35,5,27106
34802,8691,46,3,39246
34803,8691,99,4,64203
34804,8692,15,1,59265
34805,8692,84,2,78759
34806,8692,58,2,66996
34807,8692,50,2,53007
34808,8693,91,1,87573
34809,8693,32,5,82134
34810,8693,94,5,54643
34811,8693,36,1,50269
34812,8694,82,3,40303
34813,8694,31,5,25080
34814,8694,77,3,62543
34815,8695,73,3,58762
34816,8695,57,1,87341
34817,8695,78,5,21761
34818,8695,46,3,39246
34819,8696,16,2,21730
34820,8696,97,4,24578
34821,8696,3,1,92869
34822,8696,54,4,55716
34823,8696,9,4,24385
34824,8697,100,3,55240
34825,8697,69,3,66333
34826,8697,39,1,30610
34827,8697,46,2,39246
34828,8697,59,3,68303
34829,8698,57,4,87341
34830,8698,40,5,63117
34831,8698,47,2,38951
34832,8698,54,3,55716
34833,8698,2,5,16956
34834,8699,82,1,40303
34835,8699,87,5,47322
34836,8699,37,4,31314
34837,8700,47,4,38951
34838,8700,12,4,31257
34839,8700,1,2,77345
34840,8700,16,2,21730
34841,8701,66,1,21309
34842,8701,6,3,23328
34843,8701,89,2,99643
34844,8702,57,4,87341
34845,8702,49,1,86790
34846,8702,54,1,55716
34847,8703,90,3,99988
34848,8703,48,5,56186
34849,8703,2,2,16956
34850,8704,14,1,61112
34851,8704,54,1,55716
34852,8704,81,4,69446
34853,8704,64,4,18863
34854,8704,42,1,44615
34855,8705,88,4,82751
34856,8705,94,1,54643
34857,8705,24,3,96972
34858,8705,99,3,64203
34859,8705,14,4,61112
34860,8706,24,1,96972
34861,8706,65,2,95196
34862,8706,75,3,31489
34863,8706,51,3,22310
34864,8706,21,4,33591
34865,8707,29,2,27367
34866,8707,77,5,62543
34867,8707,48,5,56186
34868,8707,47,3,38951
34869,8707,6,2,23328
34870,8708,14,4,61112
34871,8708,57,3,87341
34872,8708,46,1,39246
34873,8708,26,2,47395
34874,8709,52,5,47423
34875,8709,33,5,67163
34876,8709,55,3,50282
34877,8710,51,2,22310
34878,8710,76,1,95956
34879,8710,42,2,44615
34880,8710,29,4,27367
34881,8710,60,4,91851
34882,8711,9,5,24385
34883,8711,52,5,47423
34884,8711,18,2,49881
34885,8712,50,2,53007
34886,8712,18,4,49881
34887,8712,32,4,82134
34888,8712,25,4,95530
34889,8713,28,5,53426
34890,8713,7,1,51167
34891,8713,71,3,62771
34892,8713,46,1,39246
34893,8713,96,4,93706
34894,8714,54,1,55716
34895,8714,19,1,24844
34896,8714,1,5,77345
34897,8714,96,4,93706
34898,8714,84,2,78759
34899,8715,28,4,53426
34900,8715,58,2,66996
34901,8715,80,1,14416
34902,8715,45,3,89685
34903,8716,99,3,64203
34904,8716,12,3,31257
34905,8716,49,1,86790
34906,8716,75,1,31489
34907,8716,93,2,25266
34908,8717,12,5,31257
34909,8717,53,1,58950
34910,8717,47,5,38951
34911,8718,84,5,78759
34912,8718,74,1,60296
34913,8718,1,2,77345
34914,8718,66,4,21309
34915,8719,81,3,69446
34916,8719,14,4,61112
34917,8719,32,3,82134
34918,8719,70,4,16773
34919,8719,27,1,85161
34920,8720,4,3,72183
34921,8720,49,4,86790
34922,8720,73,5,58762
34923,8720,58,2,66996
34924,8720,68,3,92995
34925,8721,55,1,50282
34926,8721,63,3,59829
34927,8721,5,1,35124
34928,8722,27,4,85161
34929,8722,65,1,95196
34930,8722,97,4,24578
34931,8722,3,4,92869
34932,8723,63,2,59829
34933,8723,22,2,20870
34934,8723,93,2,25266
34935,8723,13,1,60825
34936,8723,7,2,51167
34937,8724,12,3,31257
34938,8724,28,1,53426
34939,8724,57,1,87341
34940,8724,8,3,71394
34941,8725,78,4,21761
34942,8725,100,4,55240
34943,8725,98,1,88669
34944,8725,43,4,37544
34945,8725,66,1,21309
34946,8726,38,1,89599
34947,8726,22,5,20870
34948,8726,51,5,22310
34949,8726,59,2,68303
34950,8727,5,1,35124
34951,8727,37,3,31314
34952,8727,36,2,50269
34953,8728,69,3,66333
34954,8728,92,5,43974
34955,8728,49,4,86790
34956,8728,13,4,60825
34957,8729,48,2,56186
34958,8729,19,2,24844
34959,8729,42,4,44615
34960,8729,40,2,63117
34961,8729,93,3,25266
34962,8730,41,2,16916
34963,8730,53,2,58950
34964,8730,96,2,93706
34965,8731,18,2,49881
34966,8731,35,2,27106
34967,8731,28,1,53426
34968,8732,51,5,22310
34969,8732,20,4,13940
34970,8732,21,1,33591
34971,8733,50,1,53007
34972,8733,36,1,50269
34973,8733,9,3,24385
34974,8733,43,2,37544
34975,8733,93,1,25266
34976,8734,88,5,82751
34977,8734,42,4,44615
34978,8734,84,1,78759
34979,8734,29,1,27367
34980,8734,27,1,85161
34981,8735,71,5,62771
34982,8735,75,5,31489
34983,8735,47,3,38951
34984,8735,99,5,64203
34985,8736,2,2,16956
34986,8736,94,5,54643
34987,8736,92,1,43974
34988,8736,65,4,95196
34989,8736,22,1,20870
34990,8737,28,3,53426
34991,8737,4,5,72183
34992,8737,54,3,55716
34993,8737,79,4,37051
34994,8737,29,3,27367
34995,8738,77,1,62543
34996,8738,22,5,20870
34997,8738,6,3,23328
34998,8738,66,1,21309
34999,8739,90,5,99988
35000,8739,91,2,87573
35001,8739,51,4,22310
35002,8739,7,2,51167
35003,8739,36,5,50269
35004,8740,91,4,87573
35005,8740,15,3,59265
35006,8740,4,5,72183
35007,8740,62,1,39951
35008,8741,80,4,14416
35009,8741,60,4,91851
35010,8741,89,4,99643
35011,8741,3,2,92869
35012,8742,4,4,72183
35013,8742,3,5,92869
35014,8742,55,4,50282
35015,8742,14,1,61112
35016,8743,18,3,49881
35017,8743,66,4,21309
35018,8743,68,1,92995
35019,8743,59,5,68303
35020,8744,3,3,92869
35021,8744,8,4,71394
35022,8744,40,3,63117
35023,8745,25,3,95530
35024,8745,10,3,15030
35025,8745,68,4,92995
35026,8746,52,5,47423
35027,8746,86,2,33028
35028,8746,97,1,24578
35029,8746,94,5,54643
35030,8746,6,4,23328
35031,8747,59,3,68303
35032,8747,100,2,55240
35033,8747,27,1,85161
35034,8747,55,5,50282
35035,8748,8,2,71394
35036,8748,64,5,18863
35037,8748,4,3,72183
35038,8748,10,4,15030
35039,8748,23,2,13902
35040,8749,13,3,60825
35041,8749,82,5,40303
35042,8749,73,5,58762
35043,8749,18,2,49881
35044,8749,78,4,21761
35045,8750,11,4,42580
35046,8750,54,3,55716
35047,8750,42,5,44615
35048,8751,88,3,82751
35049,8751,49,4,86790
35050,8751,60,2,91851
35051,8751,18,1,49881
35052,8752,51,3,22310
35053,8752,78,5,21761
35054,8752,39,5,30610
35055,8752,84,2,78759
35056,8753,56,5,13545
35057,8753,92,1,43974
35058,8753,61,3,83461
35059,8753,22,3,20870
35060,8754,6,3,23328
35061,8754,91,1,87573
35062,8754,56,5,13545
35063,8754,82,2,40303
35064,8755,12,3,31257
35065,8755,60,1,91851
35066,8755,73,4,58762
35067,8755,39,1,30610
35068,8755,45,1,89685
35069,8756,20,4,13940
35070,8756,9,4,24385
35071,8756,19,5,24844
35072,8756,37,2,31314
35073,8756,90,3,99988
35074,8757,69,2,66333
35075,8757,83,5,57341
35076,8757,49,2,86790
35077,8757,80,1,14416
35078,8758,2,3,16956
35079,8758,67,3,71990
35080,8758,34,3,71809
35081,8758,93,2,25266
35082,8758,22,4,20870
35083,8759,44,1,55170
35084,8759,69,5,66333
35085,8759,59,3,68303
35086,8759,65,5,95196
35087,8760,87,2,47322
35088,8760,89,2,99643
35089,8760,29,4,27367
35090,8760,10,4,15030
35091,8761,87,3,47322
35092,8761,28,5,53426
35093,8761,50,4,53007
35094,8761,49,1,86790
35095,8761,37,5,31314
35096,8762,67,2,71990
35097,8762,40,1,63117
35098,8762,36,2,50269
35099,8762,14,2,61112
35100,8763,91,4,87573
35101,8763,43,3,37544
35102,8763,74,4,60296
35103,8764,93,4,25266
35104,8764,65,5,95196
35105,8764,28,2,53426
35106,8764,61,3,83461
35107,8765,86,2,33028
35108,8765,9,4,24385
35109,8765,87,2,47322
35110,8765,88,5,82751
35111,8765,98,5,88669
35112,8766,66,1,21309
35113,8766,94,3,54643
35114,8766,29,5,27367
35115,8767,33,4,67163
35116,8767,52,4,47423
35117,8767,9,5,24385
35118,8767,26,5,47395
35119,8767,5,3,35124
35120,8768,74,3,60296
35121,8768,64,2,18863
35122,8768,59,1,68303
35123,8769,64,3,18863
35124,8769,6,5,23328
35125,8769,97,2,24578
35126,8769,87,4,47322
35127,8770,48,1,56186
35128,8770,52,5,47423
35129,8770,50,2,53007
35130,8771,77,1,62543
35131,8771,92,2,43974
35132,8771,44,5,55170
35133,8771,35,4,27106
35134,8771,37,2,31314
35135,8772,18,2,49881
35136,8772,75,1,31489
35137,8772,88,3,82751
35138,8773,46,3,39246
35139,8773,28,2,53426
35140,8773,3,1,92869
35141,8774,49,3,86790
35142,8774,17,4,32785
35143,8774,55,1,50282
35144,8774,46,3,39246
35145,8775,80,4,14416
35146,8775,95,3,10177
35147,8775,16,3,21730
35148,8775,11,5,42580
35149,8775,26,5,47395
35150,8776,38,1,89599
35151,8776,51,3,22310
35152,8776,3,5,92869
35153,8776,1,2,77345
35154,8776,34,3,71809
35155,8777,10,1,15030
35156,8777,25,5,95530
35157,8777,74,2,60296
35158,8778,25,1,95530
35159,8778,82,1,40303
35160,8778,56,1,13545
35161,8778,12,4,31257
35162,8778,99,3,64203
35163,8779,37,1,31314
35164,8779,92,3,43974
35165,8779,90,3,99988
35166,8780,59,5,68303
35167,8780,2,2,16956
35168,8780,27,1,85161
35169,8780,58,1,66996
35170,8780,32,2,82134
35171,8781,68,5,92995
35172,8781,52,1,47423
35173,8781,29,1,27367
35174,8782,25,4,95530
35175,8782,29,4,27367
35176,8782,94,2,54643
35177,8783,100,3,55240
35178,8783,36,5,50269
35179,8783,99,1,64203
35180,8783,81,1,69446
35181,8783,68,5,92995
35182,8784,5,5,35124
35183,8784,28,2,53426
35184,8784,92,3,43974
35185,8784,70,1,16773
35186,8785,41,3,16916
35187,8785,93,4,25266
35188,8785,75,2,31489
35189,8785,84,5,78759
35190,8786,27,1,85161
35191,8786,49,3,86790
35192,8786,61,3,83461
35193,8787,52,5,47423
35194,8787,92,3,43974
35195,8787,46,3,39246
35196,8787,54,1,55716
35197,8788,100,2,55240
35198,8788,8,1,71394
35199,8788,18,3,49881
35200,8788,16,1,21730
35201,8788,99,5,64203
35202,8789,25,5,95530
35203,8789,7,2,51167
35204,8789,72,4,53594
35205,8790,9,4,24385
35206,8790,39,3,30610
35207,8790,93,5,25266
35208,8790,100,2,55240
35209,8791,19,1,24844
35210,8791,63,2,59829
35211,8791,75,5,31489
35212,8791,100,5,55240
35213,8792,13,2,60825
35214,8792,29,5,27367
35215,8792,52,2,47423
35216,8792,33,4,67163
35217,8792,68,5,92995
35218,8793,7,3,51167
35219,8793,9,2,24385
35220,8793,92,1,43974
35221,8794,22,3,20870
35222,8794,71,2,62771
35223,8794,20,1,13940
35224,8795,51,5,22310
35225,8795,25,1,95530
35226,8795,36,3,50269
35227,8796,30,1,22486
35228,8796,13,2,60825
35229,8796,2,5,16956
35230,8796,40,5,63117
35231,8796,33,1,67163
35232,8797,40,1,63117
35233,8797,72,5,53594
35234,8797,69,2,66333
35235,8797,24,5,96972
35236,8797,93,1,25266
35237,8798,49,2,86790
35238,8798,60,4,91851
35239,8798,89,1,99643
35240,8798,76,2,95956
35241,8798,54,1,55716
35242,8799,69,3,66333
35243,8799,36,1,50269
35244,8799,49,1,86790
35245,8799,97,4,24578
35246,8799,93,3,25266
35247,8800,88,2,82751
35248,8800,69,1,66333
35249,8800,24,2,96972
35250,8800,56,1,13545
35251,8801,14,3,61112
35252,8801,13,2,60825
35253,8801,85,2,49747
35254,8801,30,2,22486
35255,8802,90,2,99988
35256,8802,36,2,50269
35257,8802,31,1,25080
35258,8802,68,4,92995
35259,8803,39,5,30610
35260,8803,68,3,92995
35261,8803,21,3,33591
35262,8803,53,4,58950
35263,8804,90,5,99988
35264,8804,59,2,68303
35265,8804,11,4,42580
35266,8805,99,2,64203
35267,8805,46,4,39246
35268,8805,61,1,83461
35269,8805,67,4,71990
35270,8805,62,2,39951
35271,8806,36,3,50269
35272,8806,2,5,16956
35273,8806,72,2,53594
35274,8807,88,1,82751
35275,8807,5,2,35124
35276,8807,30,3,22486
35277,8807,96,4,93706
35278,8807,53,5,58950
35279,8808,72,5,53594
35280,8808,29,5,27367
35281,8808,66,2,21309
35282,8809,1,3,77345
35283,8809,93,4,25266
35284,8809,84,5,78759
35285,8809,59,1,68303
35286,8809,39,2,30610
35287,8810,96,3,93706
35288,8810,17,4,32785
35289,8810,90,5,99988
35290,8810,11,5,42580
35291,8811,71,1,62771
35292,8811,41,3,16916
35293,8811,84,2,78759
35294,8812,61,3,83461
35295,8812,70,5,16773
35296,8812,93,1,25266
35297,8812,15,4,59265
35298,8813,91,1,87573
35299,8813,62,3,39951
35300,8813,42,2,44615
35301,8814,88,5,82751
35302,8814,93,1,25266
35303,8814,87,2,47322
35304,8814,85,2,49747
35305,8815,3,1,92869
35306,8815,55,3,50282
35307,8815,67,3,71990
35308,8815,91,2,87573
35309,8815,71,4,62771
35310,8816,93,4,25266
35311,8816,24,3,96972
35312,8816,15,1,59265
35313,8816,33,1,67163
35314,8816,99,1,64203
35315,8817,27,2,85161
35316,8817,67,4,71990
35317,8817,97,2,24578
35318,8818,53,4,58950
35319,8818,7,4,51167
35320,8818,46,2,39246
35321,8818,60,3,91851
35322,8818,36,1,50269
35323,8819,10,5,15030
35324,8819,58,5,66996
35325,8819,66,3,21309
35326,8820,36,5,50269
35327,8820,83,1,57341
35328,8820,96,3,93706
35329,8820,10,3,15030
35330,8820,43,2,37544
35331,8821,28,4,53426
35332,8821,34,2,71809
35333,8821,97,5,24578
35334,8821,71,1,62771
35335,8822,86,2,33028
35336,8822,95,3,10177
35337,8822,37,1,31314
35338,8822,59,3,68303
35339,8823,14,1,61112
35340,8823,21,5,33591
35341,8823,64,1,18863
35342,8823,99,5,64203
35343,8824,36,1,50269
35344,8824,54,4,55716
35345,8824,38,3,89599
35346,8824,9,4,24385
35347,8825,72,1,53594
35348,8825,65,4,95196
35349,8825,11,2,42580
35350,8826,39,4,30610
35351,8826,94,2,54643
35352,8826,56,3,13545
35353,8826,13,4,60825
35354,8826,73,3,58762
35355,8827,86,3,33028
35356,8827,20,4,13940
35357,8827,13,1,60825
35358,8828,92,5,43974
35359,8828,21,4,33591
35360,8828,23,5,13902
35361,8828,60,2,91851
35362,8829,39,1,30610
35363,8829,90,5,99988
35364,8829,74,4,60296
35365,8829,58,2,66996
35366,8829,36,3,50269
35367,8830,12,2,31257
35368,8830,19,5,24844
35369,8830,30,1,22486
35370,8830,94,5,54643
35371,8830,9,1,24385
35372,8831,91,3,87573
35373,8831,5,4,35124
35374,8831,73,5,58762
35375,8831,39,1,30610
35376,8831,1,5,77345
35377,8832,99,2,64203
35378,8832,37,4,31314
35379,8832,42,5,44615
35380,8832,59,2,68303
35381,8833,6,1,23328
35382,8833,68,4,92995
35383,8833,77,2,62543
35384,8834,19,3,24844
35385,8834,69,3,66333
35386,8834,22,5,20870
35387,8834,30,2,22486
35388,8834,49,5,86790
35389,8835,3,3,92869
35390,8835,20,5,13940
35391,8835,100,1,55240
35392,8835,23,2,13902
35393,8835,21,2,33591
35394,8836,33,3,67163
35395,8836,37,5,31314
35396,8836,45,5,89685
35397,8837,37,2,31314
35398,8837,83,5,57341
35399,8837,53,4,58950
35400,8838,64,1,18863
35401,8838,51,4,22310
35402,8838,78,1,21761
35403,8839,65,1,95196
35404,8839,7,4,51167
35405,8839,15,3,59265
35406,8840,12,5,31257
35407,8840,9,5,24385
35408,8840,58,2,66996
35409,8840,53,4,58950
35410,8840,41,4,16916
35411,8841,53,5,58950
35412,8841,10,3,15030
35413,8841,5,3,35124
35414,8841,77,5,62543
35415,8842,38,1,89599
35416,8842,29,5,27367
35417,8842,25,2,95530
35418,8842,22,2,20870
35419,8843,32,1,82134
35420,8843,94,3,54643
35421,8843,36,2,50269
35422,8843,92,3,43974
35423,8844,93,5,25266
35424,8844,43,5,37544
35425,8844,80,5,14416
35426,8845,55,3,50282
35427,8845,85,2,49747
35428,8845,43,2,37544
35429,8846,14,4,61112
35430,8846,24,2,96972
35431,8846,36,2,50269
35432,8846,78,5,21761
35433,8847,9,4,24385
35434,8847,25,5,95530
35435,8847,83,4,57341
35436,8848,45,3,89685
35437,8848,68,4,92995
35438,8848,99,1,64203
35439,8848,21,2,33591
35440,8848,64,1,18863
35441,8849,93,3,25266
35442,8849,1,4,77345
35443,8849,23,3,13902
35444,8850,34,3,71809
35445,8850,2,2,16956
35446,8850,8,5,71394
35447,8850,18,5,49881
35448,8850,15,5,59265
35449,8851,87,4,47322
35450,8851,31,2,25080
35451,8851,27,3,85161
35452,8851,54,5,55716
35453,8851,38,2,89599
35454,8852,41,1,16916
35455,8852,90,2,99988
35456,8852,59,2,68303
35457,8852,100,5,55240
35458,8852,25,3,95530
35459,8853,66,2,21309
35460,8853,82,5,40303
35461,8853,3,5,92869
35462,8853,46,5,39246
35463,8854,66,5,21309
35464,8854,15,3,59265
35465,8854,47,2,38951
35466,8854,9,2,24385
35467,8855,78,5,21761
35468,8855,76,5,95956
35469,8855,59,5,68303
35470,8855,88,3,82751
35471,8856,87,5,47322
35472,8856,43,5,37544
35473,8856,61,1,83461
35474,8857,24,2,96972
35475,8857,42,4,44615
35476,8857,12,3,31257
35477,8858,6,4,23328
35478,8858,26,3,47395
35479,8858,36,4,50269
35480,8858,15,3,59265
35481,8859,53,2,58950
35482,8859,18,3,49881
35483,8859,55,5,50282
35484,8859,83,4,57341
35485,8859,66,2,21309
35486,8860,80,5,14416
35487,8860,17,5,32785
35488,8860,25,3,95530
35489,8861,78,2,21761
35490,8861,88,4,82751
35491,8861,74,3,60296
35492,8861,28,2,53426
35493,8861,94,4,54643
35494,8862,81,2,69446
35495,8862,66,1,21309
35496,8862,9,2,24385
35497,8863,40,4,63117
35498,8863,31,2,25080
35499,8863,23,2,13902
35500,8863,12,3,31257
35501,8863,53,5,58950
35502,8864,56,3,13545
35503,8864,84,1,78759
35504,8864,1,1,77345
35505,8864,75,5,31489
35506,8864,74,5,60296
35507,8865,5,1,35124
35508,8865,71,1,62771
35509,8865,4,3,72183
35510,8865,80,5,14416
35511,8865,51,1,22310
35512,8866,25,4,95530
35513,8866,7,3,51167
35514,8866,90,4,99988
35515,8866,100,1,55240
35516,8867,16,3,21730
35517,8867,54,5,55716
35518,8867,8,2,71394
35519,8868,26,3,47395
35520,8868,58,4,66996
35521,8868,73,3,58762
35522,8868,46,3,39246
35523,8869,75,1,31489
35524,8869,59,5,68303
35525,8869,24,2,96972
35526,8870,39,5,30610
35527,8870,14,4,61112
35528,8870,17,3,32785
35529,8870,90,3,99988
35530,8871,64,2,18863
35531,8871,78,2,21761
35532,8871,83,4,57341
35533,8872,5,2,35124
35534,8872,31,3,25080
35535,8872,29,5,27367
35536,8873,53,2,58950
35537,8873,76,5,95956
35538,8873,2,5,16956
35539,8873,41,2,16916
35540,8874,14,1,61112
35541,8874,41,4,16916
35542,8874,13,5,60825
35543,8874,51,4,22310
35544,8875,81,1,69446
35545,8875,67,5,71990
35546,8875,90,3,99988
35547,8875,76,3,95956
35548,8876,22,3,20870
35549,8876,84,3,78759
35550,8876,82,1,40303
35551,8877,75,5,31489
35552,8877,65,3,95196
35553,8877,74,1,60296
35554,8878,82,4,40303
35555,8878,75,3,31489
35556,8878,35,3,27106
35557,8878,60,4,91851
35558,8878,11,4,42580
35559,8879,92,1,43974
35560,8879,97,2,24578
35561,8879,71,4,62771
35562,8879,3,4,92869
35563,8880,96,5,93706
35564,8880,29,2,27367
35565,8880,64,5,18863
35566,8881,48,3,56186
35567,8881,51,2,22310
35568,8881,82,3,40303
35569,8882,64,2,18863
35570,8882,56,3,13545
35571,8882,72,1,53594
35572,8883,25,5,95530
35573,8883,39,3,30610
35574,8883,41,2,16916
35575,8884,8,5,71394
35576,8884,72,3,53594
35577,8884,71,2,62771
35578,8884,40,4,63117
35579,8884,93,5,25266
35580,8885,28,4,53426
35581,8885,17,2,32785
35582,8885,95,1,10177
35583,8885,16,4,21730
35584,8885,88,5,82751
35585,8886,35,2,27106
35586,8886,87,5,47322
35587,8886,91,4,87573
35588,8886,63,5,59829
35589,8887,63,4,59829
35590,8887,8,4,71394
35591,8887,69,4,66333
35592,8888,81,1,69446
35593,8888,28,3,53426
35594,8888,53,4,58950
35595,8889,50,1,53007
35596,8889,66,3,21309
35597,8889,18,2,49881
35598,8889,92,4,43974
35599,8890,84,5,78759
35600,8890,6,4,23328
35601,8890,2,5,16956
35602,8891,86,3,33028
35603,8891,9,5,24385
35604,8891,95,5,10177
35605,8891,73,4,58762
35606,8891,70,2,16773
35607,8892,2,1,16956
35608,8892,24,2,96972
35609,8892,50,5,53007
35610,8892,78,4,21761
35611,8893,40,3,63117
35612,8893,51,2,22310
35613,8893,65,2,95196
35614,8894,66,2,21309
35615,8894,97,2,24578
35616,8894,64,1,18863
35617,8895,32,5,82134
35618,8895,96,1,93706
35619,8895,98,2,88669
35620,8895,51,4,22310
35621,8896,62,3,39951
35622,8896,22,4,20870
35623,8896,72,3,53594
35624,8896,84,2,78759
35625,8897,32,3,82134
35626,8897,87,1,47322
35627,8897,90,1,99988
35628,8898,29,4,27367
35629,8898,59,5,68303
35630,8898,13,1,60825
35631,8899,28,5,53426
35632,8899,31,4,25080
35633,8899,27,4,85161
35634,8899,46,5,39246
35635,8900,14,2,61112
35636,8900,85,4,49747
35637,8900,45,1,89685
35638,8901,3,2,92869
35639,8901,57,2,87341
35640,8901,100,3,55240
35641,8901,56,2,13545
35642,8902,99,5,64203
35643,8902,15,2,59265
35644,8902,93,3,25266
35645,8902,52,5,47423
35646,8902,51,1,22310
35647,8903,71,3,62771
35648,8903,83,4,57341
35649,8903,10,5,15030
35650,8903,29,5,27367
35651,8904,66,4,21309
35652,8904,100,1,55240
35653,8904,58,2,66996
35654,8905,66,4,21309
35655,8905,16,3,21730
35656,8905,1,1,77345
35657,8905,23,3,13902
35658,8906,56,1,13545
35659,8906,62,1,39951
35660,8906,16,5,21730
35661,8907,64,5,18863
35662,8907,36,1,50269
35663,8907,1,3,77345
35664,8907,95,3,10177
35665,8907,74,2,60296
35666,8908,12,1,31257
35667,8908,79,2,37051
35668,8908,20,2,13940
35669,8908,43,5,37544
35670,8909,44,2,55170
35671,8909,60,1,91851
35672,8909,65,4,95196
35673,8909,74,1,60296
35674,8910,85,5,49747
35675,8910,99,2,64203
35676,8910,87,5,47322
35677,8910,27,1,85161
35678,8911,1,2,77345
35679,8911,19,3,24844
35680,8911,74,4,60296
35681,8911,43,2,37544
35682,8911,33,2,67163
35683,8912,16,3,21730
35684,8912,76,5,95956
35685,8912,72,5,53594
35686,8912,41,2,16916
35687,8912,53,2,58950
35688,8913,25,3,95530
35689,8913,36,3,50269
35690,8913,31,3,25080
35691,8914,24,5,96972
35692,8914,80,4,14416
35693,8914,81,2,69446
35694,8915,8,2,71394
35695,8915,64,3,18863
35696,8915,63,1,59829
35697,8915,100,5,55240
35698,8916,71,4,62771
35699,8916,54,2,55716
35700,8916,64,5,18863
35701,8917,53,2,58950
35702,8917,51,4,22310
35703,8917,95,3,10177
35704,8918,94,5,54643
35705,8918,99,2,64203
35706,8918,31,1,25080
35707,8918,81,1,69446
35708,8918,78,2,21761
35709,8919,78,5,21761
35710,8919,65,3,95196
35711,8919,89,2,99643
35712,8919,72,5,53594
35713,8919,38,5,89599
35714,8920,35,5,27106
35715,8920,14,3,61112
35716,8920,47,2,38951
35717,8921,39,5,30610
35718,8921,19,4,24844
35719,8921,66,2,21309
35720,8921,1,3,77345
35721,8922,83,5,57341
35722,8922,88,5,82751
35723,8922,32,5,82134
35724,8922,34,5,71809
35725,8923,73,5,58762
35726,8923,79,3,37051
35727,8923,32,1,82134
35728,8924,88,4,82751
35729,8924,53,1,58950
35730,8924,21,2,33591
35731,8925,36,4,50269
35732,8925,100,4,55240
35733,8925,81,5,69446
35734,8925,45,1,89685
35735,8925,46,1,39246
35736,8926,52,4,47423
35737,8926,48,2,56186
35738,8926,64,5,18863
35739,8926,89,1,99643
35740,8927,78,1,21761
35741,8927,19,1,24844
35742,8927,22,3,20870
35743,8928,94,3,54643
35744,8928,10,3,15030
35745,8928,6,2,23328
35746,8928,76,5,95956
35747,8928,34,2,71809
35748,8929,81,2,69446
35749,8929,70,2,16773
35750,8929,91,3,87573
35751,8929,56,2,13545
35752,8929,67,4,71990
35753,8930,16,2,21730
35754,8930,87,2,47322
35755,8930,74,2,60296
35756,8930,14,5,61112
35757,8931,49,1,86790
35758,8931,30,2,22486
35759,8931,100,1,55240
35760,8931,73,2,58762
35761,8931,94,3,54643
35762,8932,83,5,57341
35763,8932,73,1,58762
35764,8932,42,1,44615
35765,8933,96,1,93706
35766,8933,13,2,60825
35767,8933,54,1,55716
35768,8934,99,2,64203
35769,8934,61,2,83461
35770,8934,81,3,69446
35771,8935,64,2,18863
35772,8935,50,2,53007
35773,8935,4,2,72183
35774,8936,2,1,16956
35775,8936,96,4,93706
35776,8936,53,2,58950
35777,8936,25,2,95530
35778,8937,5,4,35124
35779,8937,97,2,24578
35780,8937,76,3,95956
35781,8938,75,2,31489
35782,8938,82,5,40303
35783,8938,59,5,68303
35784,8939,82,3,40303
35785,8939,60,2,91851
35786,8939,46,1,39246
35787,8939,11,4,42580
35788,8939,57,3,87341
35789,8940,5,2,35124
35790,8940,61,1,83461
35791,8940,97,5,24578
35792,8941,66,1,21309
35793,8941,41,1,16916
35794,8941,21,2,33591
35795,8942,35,5,27106
35796,8942,27,1,85161
35797,8942,38,1,89599
35798,8942,89,2,99643
35799,8942,72,4,53594
35800,8943,18,3,49881
35801,8943,60,2,91851
35802,8943,20,4,13940
35803,8943,49,3,86790
35804,8943,23,1,13902
35805,8944,47,3,38951
35806,8944,55,2,50282
35807,8944,6,1,23328
35808,8945,42,4,44615
35809,8945,51,1,22310
35810,8945,20,3,13940
35811,8945,57,3,87341
35812,8945,58,4,66996
35813,8946,97,5,24578
35814,8946,66,1,21309
35815,8946,30,5,22486
35816,8946,57,4,87341
35817,8947,8,1,71394
35818,8947,30,3,22486
35819,8947,68,1,92995
35820,8948,7,2,51167
35821,8948,91,5,87573
35822,8948,85,5,49747
35823,8948,25,5,95530
35824,8948,1,5,77345
35825,8949,61,3,83461
35826,8949,31,5,25080
35827,8949,60,3,91851
35828,8949,78,3,21761
35829,8950,1,1,77345
35830,8950,7,5,51167
35831,8950,26,5,47395
35832,8950,2,2,16956
35833,8950,31,5,25080
35834,8951,94,4,54643
35835,8951,86,4,33028
35836,8951,56,4,13545
35837,8952,89,2,99643
35838,8952,34,5,71809
35839,8952,55,4,50282
35840,8953,38,2,89599
35841,8953,18,5,49881
35842,8953,17,2,32785
35843,8953,25,2,95530
35844,8954,56,2,13545
35845,8954,66,1,21309
35846,8954,76,4,95956
35847,8954,68,2,92995
35848,8954,20,3,13940
35849,8955,15,5,59265
35850,8955,29,5,27367
35851,8955,89,5,99643
35852,8956,43,3,37544
35853,8956,93,5,25266
35854,8956,9,4,24385
35855,8956,92,4,43974
35856,8956,70,1,16773
35857,8957,94,2,54643
35858,8957,60,2,91851
35859,8957,89,4,99643
35860,8957,66,2,21309
35861,8958,70,3,16773
35862,8958,4,1,72183
35863,8958,72,1,53594
35864,8958,80,4,14416
35865,8958,35,4,27106
35866,8959,52,3,47423
35867,8959,44,3,55170
35868,8959,24,2,96972
35869,8959,39,1,30610
35870,8959,93,1,25266
35871,8960,82,4,40303
35872,8960,42,2,44615
35873,8960,97,1,24578
35874,8960,50,2,53007
35875,8960,32,4,82134
35876,8961,4,5,72183
35877,8961,84,5,78759
35878,8961,33,1,67163
35879,8961,16,2,21730
35880,8961,51,5,22310
35881,8962,38,5,89599
35882,8962,27,1,85161
35883,8962,64,3,18863
35884,8962,12,4,31257
35885,8962,52,5,47423
35886,8963,47,2,38951
35887,8963,34,3,71809
35888,8963,15,2,59265
35889,8963,76,4,95956
35890,8964,14,2,61112
35891,8964,60,4,91851
35892,8964,11,4,42580
35893,8965,47,2,38951
35894,8965,57,4,87341
35895,8965,59,5,68303
35896,8966,61,1,83461
35897,8966,12,4,31257
35898,8966,57,4,87341
35899,8966,16,4,21730
35900,8967,95,3,10177
35901,8967,99,5,64203
35902,8967,86,5,33028
35903,8967,77,4,62543
35904,8967,62,3,39951
35905,8968,23,4,13902
35906,8968,92,3,43974
35907,8968,2,2,16956
35908,8969,25,5,95530
35909,8969,79,5,37051
35910,8969,95,1,10177
35911,8970,35,3,27106
35912,8970,45,3,89685
35913,8970,63,2,59829
35914,8970,41,4,16916
35915,8970,62,4,39951
35916,8971,53,4,58950
35917,8971,52,5,47423
35918,8971,61,1,83461
35919,8971,20,1,13940
35920,8972,7,5,51167
35921,8972,70,1,16773
35922,8972,40,3,63117
35923,8973,58,1,66996
35924,8973,66,3,21309
35925,8973,39,4,30610
35926,8973,5,1,35124
35927,8973,12,2,31257
35928,8974,100,5,55240
35929,8974,67,1,71990
35930,8974,14,1,61112
35931,8975,36,5,50269
35932,8975,18,1,49881
35933,8975,83,1,57341
35934,8975,87,5,47322
35935,8976,21,3,33591
35936,8976,95,5,10177
35937,8976,49,5,86790
35938,8977,79,3,37051
35939,8977,1,1,77345
35940,8977,55,4,50282
35941,8978,43,1,37544
35942,8978,79,2,37051
35943,8978,23,3,13902
35944,8979,45,4,89685
35945,8979,17,2,32785
35946,8979,73,3,58762
35947,8979,59,5,68303
35948,8980,70,5,16773
35949,8980,95,4,10177
35950,8980,46,5,39246
35951,8980,94,1,54643
35952,8981,31,4,25080
35953,8981,21,4,33591
35954,8981,90,4,99988
35955,8981,99,2,64203
35956,8981,36,2,50269
35957,8982,20,3,13940
35958,8982,39,4,30610
35959,8982,51,4,22310
35960,8982,33,1,67163
35961,8983,23,3,13902
35962,8983,94,3,54643
35963,8983,9,5,24385
35964,8983,46,1,39246
35965,8984,39,2,30610
35966,8984,37,2,31314
35967,8984,3,2,92869
35968,8984,79,1,37051
35969,8984,6,4,23328
35970,8985,100,4,55240
35971,8985,2,4,16956
35972,8985,56,3,13545
35973,8985,80,3,14416
35974,8986,67,2,71990
35975,8986,93,5,25266
35976,8986,71,1,62771
35977,8987,31,3,25080
35978,8987,63,2,59829
35979,8987,1,4,77345
35980,8987,14,4,61112
35981,8987,49,5,86790
35982,8988,91,1,87573
35983,8988,6,1,23328
35984,8988,98,5,88669
35985,8988,48,5,56186
35986,8988,67,2,71990
35987,8989,17,4,32785
35988,8989,13,1,60825
35989,8989,24,5,96972
35990,8989,93,2,25266
35991,8990,2,3,16956
35992,8990,71,5,62771
35993,8990,21,3,33591
35994,8991,66,1,21309
35995,8991,78,2,21761
35996,8991,5,3,35124
35997,8991,54,3,55716
35998,8992,72,5,53594
35999,8992,67,4,71990
36000,8992,53,1,58950
36001,8992,41,2,16916
36002,8993,85,4,49747
36003,8993,94,1,54643
36004,8993,46,3,39246
36005,8993,77,5,62543
36006,8993,72,3,53594
36007,8994,46,2,39246
36008,8994,16,2,21730
36009,8994,35,4,27106
36010,8994,71,3,62771
36011,8994,30,5,22486
36012,8995,39,2,30610
36013,8995,46,3,39246
36014,8995,13,4,60825
36015,8996,75,3,31489
36016,8996,28,4,53426
36017,8996,79,5,37051
36018,8996,99,1,64203
36019,8996,87,1,47322
36020,8997,48,2,56186
36021,8997,74,4,60296
36022,8997,45,5,89685
36023,8997,18,3,49881
36024,8998,82,5,40303
36025,8998,4,5,72183
36026,8998,18,3,49881
36027,8998,90,5,99988
36028,8998,53,3,58950
36029,8999,77,3,62543
36030,8999,13,2,60825
36031,8999,83,5,57341
36032,8999,41,3,16916
36033,9000,64,1,18863
36034,9000,54,5,55716
36035,9000,29,2,27367
36036,9000,52,2,47423
36037,9001,49,4,86790
36038,9001,70,3,16773
36039,9001,69,5,66333
36040,9002,44,3,55170
36041,9002,68,1,92995
36042,9002,52,5,47423
36043,9002,11,3,42580
36044,9002,5,4,35124
36045,9003,27,1,85161
36046,9003,29,5,27367
36047,9003,78,3,21761
36048,9004,10,5,15030
36049,9004,71,5,62771
36050,9004,44,2,55170
36051,9004,99,2,64203
36052,9004,58,4,66996
36053,9005,12,4,31257
36054,9005,14,2,61112
36055,9005,88,3,82751
36056,9006,31,2,25080
36057,9006,49,1,86790
36058,9006,52,4,47423
36059,9006,18,5,49881
36060,9006,27,5,85161
36061,9007,84,2,78759
36062,9007,52,5,47423
36063,9007,74,1,60296
36064,9007,66,5,21309
36065,9008,15,2,59265
36066,9008,13,4,60825
36067,9008,49,1,86790
36068,9008,41,1,16916
36069,9009,5,5,35124
36070,9009,73,4,58762
36071,9009,99,4,64203
36072,9009,7,4,51167
36073,9009,28,4,53426
36074,9010,81,2,69446
36075,9010,49,2,86790
36076,9010,79,1,37051
36077,9010,55,4,50282
36078,9010,41,2,16916
36079,9011,37,1,31314
36080,9011,45,4,89685
36081,9011,58,4,66996
36082,9011,46,3,39246
36083,9012,65,3,95196
36084,9012,31,1,25080
36085,9012,44,5,55170
36086,9012,51,3,22310
36087,9013,59,3,68303
36088,9013,86,5,33028
36089,9013,70,2,16773
36090,9013,85,1,49747
36091,9014,34,2,71809
36092,9014,37,4,31314
36093,9014,32,1,82134
36094,9014,83,3,57341
36095,9015,11,5,42580
36096,9015,56,1,13545
36097,9015,12,2,31257
36098,9015,55,1,50282
36099,9015,92,2,43974
36100,9016,50,3,53007
36101,9016,21,5,33591
36102,9016,61,2,83461
36103,9016,37,1,31314
36104,9017,77,5,62543
36105,9017,53,2,58950
36106,9017,51,4,22310
36107,9017,92,5,43974
36108,9018,42,5,44615
36109,9018,39,1,30610
36110,9018,66,5,21309
36111,9018,100,4,55240
36112,9019,67,2,71990
36113,9019,79,5,37051
36114,9019,28,1,53426
36115,9019,2,4,16956
36116,9019,33,5,67163
36117,9020,18,5,49881
36118,9020,27,3,85161
36119,9020,59,2,68303
36120,9021,51,2,22310
36121,9021,98,2,88669
36122,9021,11,1,42580
36123,9021,60,4,91851
36124,9022,42,4,44615
36125,9022,40,2,63117
36126,9022,88,1,82751
36127,9022,41,4,16916
36128,9023,16,2,21730
36129,9023,69,3,66333
36130,9023,9,5,24385
36131,9023,55,2,50282
36132,9023,68,5,92995
36133,9024,53,4,58950
36134,9024,61,5,83461
36135,9024,99,3,64203
36136,9025,82,2,40303
36137,9025,14,3,61112
36138,9025,20,4,13940
36139,9026,50,5,53007
36140,9026,57,1,87341
36141,9026,2,5,16956
36142,9027,73,2,58762
36143,9027,92,4,43974
36144,9027,72,1,53594
36145,9027,89,1,99643
36146,9028,62,1,39951
36147,9028,91,1,87573
36148,9028,14,4,61112
36149,9029,43,2,37544
36150,9029,40,2,63117
36151,9029,3,1,92869
36152,9030,90,2,99988
36153,9030,63,2,59829
36154,9030,72,1,53594
36155,9030,79,4,37051
36156,9030,95,3,10177
36157,9031,74,2,60296
36158,9031,9,4,24385
36159,9031,82,3,40303
36160,9031,50,3,53007
36161,9032,4,5,72183
36162,9032,49,4,86790
36163,9032,93,3,25266
36164,9033,71,4,62771
36165,9033,39,4,30610
36166,9033,98,3,88669
36167,9033,100,3,55240
36168,9033,73,4,58762
36169,9034,53,4,58950
36170,9034,1,4,77345
36171,9034,66,4,21309
36172,9034,10,1,15030
36173,9034,35,3,27106
36174,9035,80,5,14416
36175,9035,18,5,49881
36176,9035,50,2,53007
36177,9035,59,3,68303
36178,9035,66,4,21309
36179,9036,14,3,61112
36180,9036,85,4,49747
36181,9036,3,2,92869
36182,9037,89,1,99643
36183,9037,73,3,58762
36184,9037,74,1,60296
36185,9037,42,1,44615
36186,9038,53,2,58950
36187,9038,18,5,49881
36188,9038,3,1,92869
36189,9039,71,4,62771
36190,9039,78,1,21761
36191,9039,68,5,92995
36192,9039,82,2,40303
36193,9040,83,1,57341
36194,9040,73,4,58762
36195,9040,79,3,37051
36196,9041,93,3,25266
36197,9041,57,4,87341
36198,9041,30,1,22486
36199,9042,56,4,13545
36200,9042,21,4,33591
36201,9042,55,4,50282
36202,9042,34,1,71809
36203,9043,80,2,14416
36204,9043,33,2,67163
36205,9043,38,2,89599
36206,9044,9,1,24385
36207,9044,48,3,56186
36208,9044,31,4,25080
36209,9044,67,5,71990
36210,9045,1,3,77345
36211,9045,46,2,39246
36212,9045,12,4,31257
36213,9045,37,1,31314
36214,9046,89,2,99643
36215,9046,45,5,89685
36216,9046,58,4,66996
36217,9046,44,3,55170
36218,9046,2,5,16956
36219,9047,99,1,64203
36220,9047,68,2,92995
36221,9047,32,2,82134
36222,9047,72,1,53594
36223,9048,12,5,31257
36224,9048,31,2,25080
36225,9048,33,2,67163
36226,9049,21,3,33591
36227,9049,76,5,95956
36228,9049,28,3,53426
36229,9049,8,3,71394
36230,9050,58,5,66996
36231,9050,68,2,92995
36232,9050,50,1,53007
36233,9050,4,4,72183
36234,9050,24,4,96972
36235,9051,63,2,59829
36236,9051,56,3,13545
36237,9051,48,4,56186
36238,9051,13,3,60825
36239,9052,43,1,37544
36240,9052,52,4,47423
36241,9052,41,4,16916
36242,9052,24,5,96972
36243,9052,25,3,95530
36244,9053,90,2,99988
36245,9053,46,1,39246
36246,9053,61,1,83461
36247,9054,64,2,18863
36248,9054,73,4,58762
36249,9054,98,4,88669
36250,9054,34,2,71809
36251,9055,62,5,39951
36252,9055,41,2,16916
36253,9055,65,5,95196
36254,9055,84,5,78759
36255,9056,30,4,22486
36256,9056,1,1,77345
36257,9056,21,1,33591
36258,9056,31,4,25080
36259,9057,96,2,93706
36260,9057,55,5,50282
36261,9057,77,5,62543
36262,9057,15,4,59265
36263,9057,90,5,99988
36264,9058,51,3,22310
36265,9058,57,5,87341
36266,9058,56,3,13545
36267,9059,89,1,99643
36268,9059,16,2,21730
36269,9059,74,4,60296
36270,9059,61,1,83461
36271,9059,30,1,22486
36272,9060,42,4,44615
36273,9060,36,1,50269
36274,9060,60,4,91851
36275,9060,49,2,86790
36276,9061,74,1,60296
36277,9061,39,1,30610
36278,9061,46,4,39246
36279,9061,67,3,71990
36280,9062,40,3,63117
36281,9062,77,2,62543
36282,9062,49,2,86790
36283,9062,13,3,60825
36284,9062,19,5,24844
36285,9063,45,3,89685
36286,9063,72,2,53594
36287,9063,44,2,55170
36288,9063,1,2,77345
36289,9064,92,3,43974
36290,9064,81,5,69446
36291,9064,68,5,92995
36292,9064,22,3,20870
36293,9064,7,2,51167
36294,9065,19,3,24844
36295,9065,94,5,54643
36296,9065,55,2,50282
36297,9065,34,4,71809
36298,9066,88,2,82751
36299,9066,43,4,37544
36300,9066,55,4,50282
36301,9066,59,1,68303
36302,9066,99,5,64203
36303,9067,25,2,95530
36304,9067,7,4,51167
36305,9067,52,1,47423
36306,9067,4,3,72183
36307,9068,38,1,89599
36308,9068,52,4,47423
36309,9068,99,5,64203
36310,9068,65,4,95196
36311,9069,78,2,21761
36312,9069,90,5,99988
36313,9069,51,1,22310
36314,9069,13,5,60825
36315,9069,47,3,38951
36316,9070,6,5,23328
36317,9070,10,1,15030
36318,9070,85,2,49747
36319,9070,44,2,55170
36320,9071,34,1,71809
36321,9071,73,2,58762
36322,9071,88,3,82751
36323,9071,16,2,21730
36324,9071,29,2,27367
36325,9072,100,4,55240
36326,9072,15,4,59265
36327,9072,20,3,13940
36328,9072,46,4,39246
36329,9072,9,1,24385
36330,9073,11,4,42580
36331,9073,98,5,88669
36332,9073,25,3,95530
36333,9073,31,2,25080
36334,9073,57,5,87341
36335,9074,9,3,24385
36336,9074,77,3,62543
36337,9074,13,2,60825
36338,9074,28,1,53426
36339,9074,49,3,86790
36340,9075,82,4,40303
36341,9075,88,5,82751
36342,9075,43,4,37544
36343,9075,70,5,16773
36344,9075,7,1,51167
36345,9076,27,4,85161
36346,9076,82,1,40303
36347,9076,80,1,14416
36348,9076,45,3,89685
36349,9077,68,4,92995
36350,9077,30,3,22486
36351,9077,23,5,13902
36352,9077,39,2,30610
36353,9077,85,5,49747
36354,9078,78,5,21761
36355,9078,79,4,37051
36356,9078,46,2,39246
36357,9078,41,2,16916
36358,9078,55,5,50282
36359,9079,98,4,88669
36360,9079,4,2,72183
36361,9079,65,2,95196
36362,9079,25,5,95530
36363,9080,81,2,69446
36364,9080,93,1,25266
36365,9080,4,3,72183
36366,9081,51,3,22310
36367,9081,30,2,22486
36368,9081,55,1,50282
36369,9081,66,2,21309
36370,9082,10,1,15030
36371,9082,4,4,72183
36372,9082,31,5,25080
36373,9082,54,4,55716
36374,9082,53,4,58950
36375,9083,61,3,83461
36376,9083,93,3,25266
36377,9083,79,2,37051
36378,9084,68,5,92995
36379,9084,25,1,95530
36380,9084,48,2,56186
36381,9084,76,5,95956
36382,9085,59,2,68303
36383,9085,27,1,85161
36384,9085,13,4,60825
36385,9085,54,4,55716
36386,9086,18,3,49881
36387,9086,21,1,33591
36388,9086,89,1,99643
36389,9087,6,2,23328
36390,9087,31,2,25080
36391,9087,14,2,61112
36392,9087,53,2,58950
36393,9087,90,2,99988
36394,9088,24,1,96972
36395,9088,77,1,62543
36396,9088,55,3,50282
36397,9088,35,5,27106
36398,9088,89,3,99643
36399,9089,16,1,21730
36400,9089,69,1,66333
36401,9089,3,2,92869
36402,9089,18,5,49881
36403,9090,21,5,33591
36404,9090,61,3,83461
36405,9090,76,3,95956
36406,9091,37,5,31314
36407,9091,4,3,72183
36408,9091,66,3,21309
36409,9091,34,5,71809
36410,9092,41,3,16916
36411,9092,16,1,21730
36412,9092,42,3,44615
36413,9092,54,1,55716
36414,9093,8,1,71394
36415,9093,63,3,59829
36416,9093,38,1,89599
36417,9093,75,5,31489
36418,9093,83,5,57341
36419,9094,24,3,96972
36420,9094,50,2,53007
36421,9094,12,5,31257
36422,9094,20,3,13940
36423,9095,15,5,59265
36424,9095,2,1,16956
36425,9095,16,1,21730
36426,9095,100,3,55240
36427,9096,88,1,82751
36428,9096,18,4,49881
36429,9096,85,1,49747
36430,9096,69,5,66333
36431,9097,44,3,55170
36432,9097,3,2,92869
36433,9097,77,3,62543
36434,9097,54,3,55716
36435,9097,89,1,99643
36436,9098,9,1,24385
36437,9098,86,5,33028
36438,9098,31,5,25080
36439,9099,34,4,71809
36440,9099,9,2,24385
36441,9099,1,5,77345
36442,9099,6,3,23328
36443,9100,77,1,62543
36444,9100,10,2,15030
36445,9100,73,4,58762
36446,9100,89,2,99643
36447,9100,66,4,21309
36448,9101,86,4,33028
36449,9101,66,1,21309
36450,9101,55,2,50282
36451,9102,12,3,31257
36452,9102,37,4,31314
36453,9102,96,4,93706
36454,9102,45,2,89685
36455,9103,73,3,58762
36456,9103,90,5,99988
36457,9103,67,4,71990
36458,9103,88,1,82751
36459,9104,96,3,93706
36460,9104,11,2,42580
36461,9104,17,2,32785
36462,9104,36,1,50269
36463,9105,35,4,27106
36464,9105,63,1,59829
36465,9105,14,4,61112
36466,9105,1,2,77345
36467,9106,38,1,89599
36468,9106,19,1,24844
36469,9106,66,1,21309
36470,9107,44,1,55170
36471,9107,57,4,87341
36472,9107,61,2,83461
36473,9107,99,4,64203
36474,9107,25,2,95530
36475,9108,81,3,69446
36476,9108,58,3,66996
36477,9108,100,2,55240
36478,9109,47,1,38951
36479,9109,55,3,50282
36480,9109,26,4,47395
36481,9109,81,3,69446
36482,9110,3,1,92869
36483,9110,40,3,63117
36484,9110,50,3,53007
36485,9110,14,3,61112
36486,9110,90,3,99988
36487,9111,2,1,16956
36488,9111,28,3,53426
36489,9111,81,4,69446
36490,9112,54,4,55716
36491,9112,24,5,96972
36492,9112,66,4,21309
36493,9112,71,4,62771
36494,9113,37,3,31314
36495,9113,30,4,22486
36496,9113,74,5,60296
36497,9113,98,2,88669
36498,9114,92,4,43974
36499,9114,63,3,59829
36500,9114,8,3,71394
36501,9114,59,4,68303
36502,9114,53,4,58950
36503,9115,11,3,42580
36504,9115,87,5,47322
36505,9115,80,2,14416
36506,9115,37,3,31314
36507,9116,40,3,63117
36508,9116,65,4,95196
36509,9116,17,1,32785
36510,9116,60,5,91851
36511,9117,2,3,16956
36512,9117,53,3,58950
36513,9117,44,1,55170
36514,9117,60,2,91851
36515,9118,84,5,78759
36516,9118,57,1,87341
36517,9118,37,3,31314
36518,9119,72,5,53594
36519,9119,22,3,20870
36520,9119,48,5,56186
36521,9120,33,4,67163
36522,9120,53,1,58950
36523,9120,96,1,93706
36524,9120,17,2,32785
36525,9120,100,3,55240
36526,9121,16,4,21730
36527,9121,75,5,31489
36528,9121,10,1,15030
36529,9122,21,3,33591
36530,9122,64,4,18863
36531,9122,39,3,30610
36532,9122,79,5,37051
36533,9123,21,3,33591
36534,9123,24,5,96972
36535,9123,4,3,72183
36536,9123,8,1,71394
36537,9124,2,5,16956
36538,9124,7,3,51167
36539,9124,94,3,54643
36540,9124,78,5,21761
36541,9125,25,4,95530
36542,9125,1,5,77345
36543,9125,32,5,82134
36544,9125,44,3,55170
36545,9126,79,3,37051
36546,9126,69,1,66333
36547,9126,52,1,47423
36548,9126,17,1,32785
36549,9127,11,4,42580
36550,9127,96,2,93706
36551,9127,62,2,39951
36552,9128,91,2,87573
36553,9128,26,5,47395
36554,9128,85,5,49747
36555,9128,61,4,83461
36556,9128,75,5,31489
36557,9129,4,4,72183
36558,9129,6,3,23328
36559,9129,17,5,32785
36560,9129,59,4,68303
36561,9129,58,1,66996
36562,9130,35,2,27106
36563,9130,59,5,68303
36564,9130,63,3,59829
36565,9130,61,2,83461
36566,9130,52,2,47423
36567,9131,60,2,91851
36568,9131,65,1,95196
36569,9131,19,3,24844
36570,9131,35,5,27106
36571,9131,9,1,24385
36572,9132,45,1,89685
36573,9132,55,1,50282
36574,9132,40,2,63117
36575,9133,71,5,62771
36576,9133,98,1,88669
36577,9133,75,4,31489
36578,9133,48,4,56186
36579,9133,76,4,95956
36580,9134,74,5,60296
36581,9134,44,3,55170
36582,9134,40,4,63117
36583,9134,22,2,20870
36584,9134,54,1,55716
36585,9135,78,2,21761
36586,9135,9,3,24385
36587,9135,89,3,99643
36588,9135,95,5,10177
36589,9136,86,1,33028
36590,9136,92,5,43974
36591,9136,42,4,44615
36592,9137,19,3,24844
36593,9137,60,5,91851
36594,9137,30,4,22486
36595,9137,55,1,50282
36596,9137,11,3,42580
36597,9138,6,1,23328
36598,9138,5,4,35124
36599,9138,86,2,33028
36600,9138,97,4,24578
36601,9139,94,2,54643
36602,9139,2,3,16956
36603,9139,66,4,21309
36604,9139,40,3,63117
36605,9139,78,3,21761
36606,9140,66,1,21309
36607,9140,89,1,99643
36608,9140,57,2,87341
36609,9140,56,2,13545
36610,9140,80,3,14416
36611,9141,56,2,13545
36612,9141,42,5,44615
36613,9141,38,2,89599
36614,9142,7,3,51167
36615,9142,43,3,37544
36616,9142,18,4,49881
36617,9142,70,5,16773
36618,9143,94,4,54643
36619,9143,3,2,92869
36620,9143,19,2,24844
36621,9144,6,4,23328
36622,9144,21,1,33591
36623,9144,1,5,77345
36624,9144,59,2,68303
36625,9145,89,5,99643
36626,9145,81,2,69446
36627,9145,91,4,87573
36628,9145,56,3,13545
36629,9145,9,5,24385
36630,9146,96,1,93706
36631,9146,29,2,27367
36632,9146,18,4,49881
36633,9146,16,2,21730
36634,9147,15,1,59265
36635,9147,79,4,37051
36636,9147,66,4,21309
36637,9148,55,1,50282
36638,9148,38,4,89599
36639,9148,62,3,39951
36640,9148,74,3,60296
36641,9148,13,5,60825
36642,9149,100,3,55240
36643,9149,20,4,13940
36644,9149,26,2,47395
36645,9149,37,3,31314
36646,9149,28,5,53426
36647,9150,45,3,89685
36648,9150,96,2,93706
36649,9150,34,1,71809
36650,9150,39,4,30610
36651,9150,6,1,23328
36652,9151,13,5,60825
36653,9151,93,3,25266
36654,9151,38,1,89599
36655,9152,20,4,13940
36656,9152,17,1,32785
36657,9152,73,3,58762
36658,9153,52,4,47423
36659,9153,71,2,62771
36660,9153,10,2,15030
36661,9153,86,3,33028
36662,9154,57,4,87341
36663,9154,56,2,13545
36664,9154,66,2,21309
36665,9154,45,3,89685
36666,9154,8,2,71394
36667,9155,71,5,62771
36668,9155,32,3,82134
36669,9155,24,1,96972
36670,9155,26,3,47395
36671,9155,77,1,62543
36672,9156,83,4,57341
36673,9156,22,2,20870
36674,9156,73,2,58762
36675,9156,7,2,51167
36676,9157,50,5,53007
36677,9157,44,4,55170
36678,9157,15,3,59265
36679,9157,3,5,92869
36680,9157,66,5,21309
36681,9158,85,3,49747
36682,9158,70,2,16773
36683,9158,45,2,89685
36684,9158,49,5,86790
36685,9158,83,3,57341
36686,9159,62,1,39951
36687,9159,96,1,93706
36688,9159,67,2,71990
36689,9159,14,3,61112
36690,9160,35,3,27106
36691,9160,87,1,47322
36692,9160,51,1,22310
36693,9161,26,4,47395
36694,9161,27,5,85161
36695,9161,78,5,21761
36696,9161,37,3,31314
36697,9161,24,4,96972
36698,9162,6,1,23328
36699,9162,48,5,56186
36700,9162,42,5,44615
36701,9163,22,5,20870
36702,9163,19,4,24844
36703,9163,62,3,39951
36704,9164,53,1,58950
36705,9164,1,5,77345
36706,9164,21,3,33591
36707,9165,87,5,47322
36708,9165,85,3,49747
36709,9165,7,1,51167
36710,9165,95,5,10177
36711,9165,66,4,21309
36712,9166,92,5,43974
36713,9166,17,3,32785
36714,9166,71,5,62771
36715,9166,22,4,20870
36716,9167,92,1,43974
36717,9167,69,3,66333
36718,9167,37,4,31314
36719,9167,53,4,58950
36720,9167,60,5,91851
36721,9168,90,4,99988
36722,9168,86,1,33028
36723,9168,78,4,21761
36724,9168,41,3,16916
36725,9168,23,5,13902
36726,9169,10,1,15030
36727,9169,25,1,95530
36728,9169,94,1,54643
36729,9169,37,5,31314
36730,9169,41,1,16916
36731,9170,96,5,93706
36732,9170,94,5,54643
36733,9170,22,3,20870
36734,9170,98,5,88669
36735,9171,44,3,55170
36736,9171,60,5,91851
36737,9171,84,2,78759
36738,9171,2,1,16956
36739,9172,2,5,16956
36740,9172,6,3,23328
36741,9172,79,4,37051
36742,9173,90,4,99988
36743,9173,86,2,33028
36744,9173,62,2,39951
36745,9173,52,3,47423
36746,9174,39,5,30610
36747,9174,38,3,89599
36748,9174,56,1,13545
36749,9174,57,3,87341
36750,9174,48,3,56186
36751,9175,46,4,39246
36752,9175,24,2,96972
36753,9175,49,4,86790
36754,9176,69,1,66333
36755,9176,94,4,54643
36756,9176,48,3,56186
36757,9176,51,5,22310
36758,9177,85,4,49747
36759,9177,19,5,24844
36760,9177,15,1,59265
36761,9177,11,4,42580
36762,9178,6,2,23328
36763,9178,39,5,30610
36764,9178,28,3,53426
36765,9178,92,1,43974
36766,9179,66,3,21309
36767,9179,32,1,82134
36768,9179,68,3,92995
36769,9180,24,2,96972
36770,9180,7,2,51167
36771,9180,78,2,21761
36772,9180,42,2,44615
36773,9180,96,2,93706
36774,9181,55,5,50282
36775,9181,52,1,47423
36776,9181,12,1,31257
36777,9181,42,3,44615
36778,9182,54,3,55716
36779,9182,1,4,77345
36780,9182,14,4,61112
36781,9183,8,3,71394
36782,9183,59,1,68303
36783,9183,77,5,62543
36784,9184,7,4,51167
36785,9184,96,2,93706
36786,9184,86,4,33028
36787,9184,26,3,47395
36788,9184,37,5,31314
36789,9185,57,1,87341
36790,9185,100,5,55240
36791,9185,95,3,10177
36792,9185,6,3,23328
36793,9185,47,3,38951
36794,9186,98,5,88669
36795,9186,34,4,71809
36796,9186,63,2,59829
36797,9187,38,4,89599
36798,9187,55,2,50282
36799,9187,46,5,39246
36800,9188,63,4,59829
36801,9188,23,1,13902
36802,9188,30,3,22486
36803,9189,98,3,88669
36804,9189,19,5,24844
36805,9189,15,3,59265
36806,9189,5,5,35124
36807,9189,62,3,39951
36808,9190,16,1,21730
36809,9190,47,5,38951
36810,9190,54,1,55716
36811,9190,22,4,20870
36812,9190,57,5,87341
36813,9191,36,3,50269
36814,9191,12,2,31257
36815,9191,84,4,78759
36816,9192,71,4,62771
36817,9192,88,5,82751
36818,9192,36,3,50269
36819,9192,86,1,33028
36820,9192,7,5,51167
36821,9193,25,1,95530
36822,9193,10,1,15030
36823,9193,54,1,55716
36824,9194,93,3,25266
36825,9194,48,3,56186
36826,9194,92,3,43974
36827,9194,41,2,16916
36828,9195,13,4,60825
36829,9195,63,4,59829
36830,9195,26,5,47395
36831,9196,99,5,64203
36832,9196,70,1,16773
36833,9196,11,2,42580
36834,9196,27,4,85161
36835,9197,72,5,53594
36836,9197,82,1,40303
36837,9197,78,3,21761
36838,9198,84,5,78759
36839,9198,46,1,39246
36840,9198,13,1,60825
36841,9198,4,5,72183
36842,9198,14,1,61112
36843,9199,44,5,55170
36844,9199,42,5,44615
36845,9199,25,3,95530
36846,9200,93,1,25266
36847,9200,4,1,72183
36848,9200,18,5,49881
36849,9200,31,5,25080
36850,9200,77,4,62543
36851,9201,97,3,24578
36852,9201,14,1,61112
36853,9201,69,4,66333
36854,9201,45,5,89685
36855,9202,48,2,56186
36856,9202,31,3,25080
36857,9202,38,1,89599
36858,9202,91,5,87573
36859,9203,81,5,69446
36860,9203,78,3,21761
36861,9203,57,2,87341
36862,9204,77,4,62543
36863,9204,47,1,38951
36864,9204,2,1,16956
36865,9204,7,3,51167
36866,9205,5,4,35124
36867,9205,48,4,56186
36868,9205,79,3,37051
36869,9206,32,1,82134
36870,9206,82,3,40303
36871,9206,33,5,67163
36872,9206,35,1,27106
36873,9207,98,2,88669
36874,9207,21,5,33591
36875,9207,62,1,39951
36876,9207,32,3,82134
36877,9208,44,3,55170
36878,9208,60,5,91851
36879,9208,12,5,31257
36880,9208,71,2,62771
36881,9209,82,3,40303
36882,9209,71,1,62771
36883,9209,19,4,24844
36884,9209,20,1,13940
36885,9210,65,4,95196
36886,9210,4,4,72183
36887,9210,48,4,56186
36888,9210,66,5,21309
36889,9210,68,1,92995
36890,9211,33,2,67163
36891,9211,95,5,10177
36892,9211,51,3,22310
36893,9212,57,1,87341
36894,9212,37,5,31314
36895,9212,40,5,63117
36896,9212,6,3,23328
36897,9212,45,3,89685
36898,9213,46,3,39246
36899,9213,14,5,61112
36900,9213,80,1,14416
36901,9213,42,4,44615
36902,9214,92,2,43974
36903,9214,83,2,57341
36904,9214,42,1,44615
36905,9215,74,3,60296
36906,9215,27,1,85161
36907,9215,34,5,71809
36908,9215,33,3,67163
36909,9215,66,3,21309
36910,9216,57,5,87341
36911,9216,78,3,21761
36912,9216,60,1,91851
36913,9217,37,1,31314
36914,9217,44,3,55170
36915,9217,80,3,14416
36916,9217,21,2,33591
36917,9217,26,4,47395
36918,9218,20,1,13940
36919,9218,8,4,71394
36920,9218,37,3,31314
36921,9218,74,1,60296
36922,9219,27,4,85161
36923,9219,57,2,87341
36924,9219,8,3,71394
36925,9219,85,2,49747
36926,9219,67,3,71990
36927,9220,86,4,33028
36928,9220,99,3,64203
36929,9220,56,1,13545
36930,9220,9,5,24385
36931,9220,5,4,35124
36932,9221,61,1,83461
36933,9221,84,2,78759
36934,9221,19,2,24844
36935,9222,56,2,13545
36936,9222,2,4,16956
36937,9222,59,1,68303
36938,9222,5,4,35124
36939,9222,8,4,71394
36940,9223,55,5,50282
36941,9223,90,1,99988
36942,9223,73,2,58762
36943,9223,87,1,47322
36944,9223,41,1,16916
36945,9224,67,1,71990
36946,9224,50,3,53007
36947,9224,84,3,78759
36948,9224,19,3,24844
36949,9225,38,2,89599
36950,9225,6,5,23328
36951,9225,3,5,92869
36952,9226,75,2,31489
36953,9226,58,3,66996
36954,9226,10,5,15030
36955,9227,65,2,95196
36956,9227,39,3,30610
36957,9227,23,2,13902
36958,9227,53,4,58950
36959,9228,22,1,20870
36960,9228,44,3,55170
36961,9228,36,4,50269
36962,9228,98,1,88669
36963,9229,67,4,71990
36964,9229,15,1,59265
36965,9229,99,4,64203
36966,9229,89,1,99643
36967,9229,77,5,62543
36968,9230,34,4,71809
36969,9230,50,3,53007
36970,9230,91,3,87573
36971,9231,93,2,25266
36972,9231,91,4,87573
36973,9231,82,3,40303
36974,9232,92,5,43974
36975,9232,62,1,39951
36976,9232,65,2,95196
36977,9232,3,2,92869
36978,9232,93,5,25266
36979,9233,52,5,47423
36980,9233,87,3,47322
36981,9233,95,1,10177
36982,9233,79,4,37051
36983,9234,10,3,15030
36984,9234,27,5,85161
36985,9234,2,2,16956
36986,9235,74,2,60296
36987,9235,4,1,72183
36988,9235,66,2,21309
36989,9235,92,3,43974
36990,9235,11,5,42580
36991,9236,58,4,66996
36992,9236,50,5,53007
36993,9236,52,2,47423
36994,9236,46,2,39246
36995,9237,93,5,25266
36996,9237,88,2,82751
36997,9237,55,2,50282
36998,9237,65,5,95196
36999,9238,61,1,83461
37000,9238,85,2,49747
37001,9238,96,3,93706
37002,9238,21,2,33591
37003,9238,25,2,95530
37004,9239,80,3,14416
37005,9239,47,4,38951
37006,9239,97,2,24578
37007,9239,92,2,43974
37008,9240,92,5,43974
37009,9240,93,3,25266
37010,9240,49,5,86790
37011,9241,34,5,71809
37012,9241,70,2,16773
37013,9241,50,2,53007
37014,9241,6,5,23328
37015,9242,24,3,96972
37016,9242,59,3,68303
37017,9242,35,1,27106
37018,9243,35,4,27106
37019,9243,53,3,58950
37020,9243,30,5,22486
37021,9243,49,5,86790
37022,9244,80,5,14416
37023,9244,99,1,64203
37024,9244,44,2,55170
37025,9244,67,4,71990
37026,9244,89,3,99643
37027,9245,72,4,53594
37028,9245,54,1,55716
37029,9245,12,1,31257
37030,9245,13,4,60825
37031,9245,38,2,89599
37032,9246,55,2,50282
37033,9246,77,5,62543
37034,9246,93,3,25266
37035,9247,19,1,24844
37036,9247,13,1,60825
37037,9247,76,4,95956
37038,9248,56,1,13545
37039,9248,88,1,82751
37040,9248,3,4,92869
37041,9248,1,3,77345
37042,9249,42,5,44615
37043,9249,31,4,25080
37044,9249,100,5,55240
37045,9249,44,5,55170
37046,9250,21,3,33591
37047,9250,70,3,16773
37048,9250,76,5,95956
37049,9250,62,3,39951
37050,9250,45,4,89685
37051,9251,78,1,21761
37052,9251,12,1,31257
37053,9251,11,5,42580
37054,9251,54,3,55716
37055,9252,83,1,57341
37056,9252,66,5,21309
37057,9252,49,1,86790
37058,9252,63,1,59829
37059,9253,43,4,37544
37060,9253,17,2,32785
37061,9253,29,1,27367
37062,9254,22,2,20870
37063,9254,21,5,33591
37064,9254,81,5,69446
37065,9254,32,3,82134
37066,9254,1,5,77345
37067,9255,1,4,77345
37068,9255,72,4,53594
37069,9255,27,2,85161
37070,9255,19,5,24844
37071,9256,42,5,44615
37072,9256,80,2,14416
37073,9256,22,1,20870
37074,9257,11,4,42580
37075,9257,91,4,87573
37076,9257,69,5,66333
37077,9257,49,4,86790
37078,9258,4,3,72183
37079,9258,68,4,92995
37080,9258,17,5,32785
37081,9258,61,1,83461
37082,9259,59,5,68303
37083,9259,26,1,47395
37084,9259,15,3,59265
37085,9259,40,2,63117
37086,9260,24,3,96972
37087,9260,76,2,95956
37088,9260,82,5,40303
37089,9261,57,3,87341
37090,9261,73,2,58762
37091,9261,49,1,86790
37092,9261,55,5,50282
37093,9262,53,2,58950
37094,9262,34,3,71809
37095,9262,60,4,91851
37096,9262,58,2,66996
37097,9263,10,2,15030
37098,9263,76,5,95956
37099,9263,38,2,89599
37100,9263,7,3,51167
37101,9264,79,5,37051
37102,9264,49,5,86790
37103,9264,12,4,31257
37104,9264,61,2,83461
37105,9264,70,1,16773
37106,9265,23,1,13902
37107,9265,84,4,78759
37108,9265,35,1,27106
37109,9265,48,4,56186
37110,9265,5,2,35124
37111,9266,45,5,89685
37112,9266,95,4,10177
37113,9266,63,4,59829
37114,9267,39,3,30610
37115,9267,59,4,68303
37116,9267,57,1,87341
37117,9267,62,1,39951
37118,9267,5,5,35124
37119,9268,53,3,58950
37120,9268,89,3,99643
37121,9268,81,1,69446
37122,9269,91,5,87573
37123,9269,69,4,66333
37124,9269,61,5,83461
37125,9270,93,2,25266
37126,9270,27,4,85161
37127,9270,98,2,88669
37128,9270,43,3,37544
37129,9270,94,2,54643
37130,9271,31,3,25080
37131,9271,79,4,37051
37132,9271,20,2,13940
37133,9272,47,1,38951
37134,9272,64,4,18863
37135,9272,10,2,15030
37136,9272,65,1,95196
37137,9273,37,1,31314
37138,9273,12,2,31257
37139,9273,61,5,83461
37140,9273,84,1,78759
37141,9274,89,1,99643
37142,9274,27,1,85161
37143,9274,1,3,77345
37144,9275,21,4,33591
37145,9275,92,3,43974
37146,9275,52,1,47423
37147,9275,19,1,24844
37148,9276,18,5,49881
37149,9276,73,2,58762
37150,9276,30,4,22486
37151,9276,74,4,60296
37152,9276,85,4,49747
37153,9277,83,1,57341
37154,9277,71,5,62771
37155,9277,32,1,82134
37156,9277,69,1,66333
37157,9278,19,1,24844
37158,9278,24,3,96972
37159,9278,22,2,20870
37160,9278,85,2,49747
37161,9279,55,5,50282
37162,9279,73,1,58762
37163,9279,16,3,21730
37164,9280,12,4,31257
37165,9280,60,4,91851
37166,9280,77,2,62543
37167,9280,66,1,21309
37168,9281,78,2,21761
37169,9281,88,2,82751
37170,9281,70,3,16773
37171,9281,20,2,13940
37172,9282,99,3,64203
37173,9282,44,4,55170
37174,9282,59,4,68303
37175,9283,44,4,55170
37176,9283,74,4,60296
37177,9283,98,2,88669
37178,9283,60,3,91851
37179,9284,21,2,33591
37180,9284,42,4,44615
37181,9284,54,1,55716
37182,9285,94,3,54643
37183,9285,36,1,50269
37184,9285,13,2,60825
37185,9285,80,5,14416
37186,9286,13,1,60825
37187,9286,48,5,56186
37188,9286,92,4,43974
37189,9286,34,5,71809
37190,9287,41,3,16916
37191,9287,18,1,49881
37192,9287,32,5,82134
37193,9287,9,3,24385
37194,9287,36,3,50269
37195,9288,53,3,58950
37196,9288,46,2,39246
37197,9288,81,3,69446
37198,9288,41,4,16916
37199,9289,65,5,95196
37200,9289,50,2,53007
37201,9289,84,5,78759
37202,9289,4,5,72183
37203,9290,28,4,53426
37204,9290,16,1,21730
37205,9290,74,4,60296
37206,9290,13,3,60825
37207,9290,56,3,13545
37208,9291,58,5,66996
37209,9291,60,1,91851
37210,9291,90,2,99988
37211,9291,65,3,95196
37212,9291,36,2,50269
37213,9292,2,5,16956
37214,9292,75,2,31489
37215,9292,55,3,50282
37216,9292,3,4,92869
37217,9293,97,4,24578
37218,9293,6,4,23328
37219,9293,68,4,92995
37220,9294,64,1,18863
37221,9294,79,4,37051
37222,9294,40,5,63117
37223,9294,78,2,21761
37224,9295,61,1,83461
37225,9295,54,4,55716
37226,9295,85,2,49747
37227,9296,21,5,33591
37228,9296,59,4,68303
37229,9296,38,3,89599
37230,9296,84,2,78759
37231,9296,11,2,42580
37232,9297,31,5,25080
37233,9297,51,4,22310
37234,9297,92,2,43974
37235,9297,61,1,83461
37236,9297,86,2,33028
37237,9298,27,5,85161
37238,9298,44,4,55170
37239,9298,47,3,38951
37240,9298,100,3,55240
37241,9298,68,4,92995
37242,9299,43,2,37544
37243,9299,3,1,92869
37244,9299,99,3,64203
37245,9299,63,5,59829
37246,9300,32,2,82134
37247,9300,92,1,43974
37248,9300,80,3,14416
37249,9300,81,2,69446
37250,9300,74,1,60296
37251,9301,7,4,51167
37252,9301,93,4,25266
37253,9301,79,4,37051
37254,9302,96,3,93706
37255,9302,41,4,16916
37256,9302,36,3,50269
37257,9302,52,5,47423
37258,9302,19,3,24844
37259,9303,7,1,51167
37260,9303,49,5,86790
37261,9303,87,2,47322
37262,9303,27,3,85161
37263,9303,68,5,92995
37264,9304,34,5,71809
37265,9304,50,1,53007
37266,9304,46,5,39246
37267,9304,32,2,82134
37268,9304,42,4,44615
37269,9305,23,3,13902
37270,9305,1,4,77345
37271,9305,94,1,54643
37272,9305,21,5,33591
37273,9306,87,2,47322
37274,9306,30,4,22486
37275,9306,5,5,35124
37276,9306,49,4,86790
37277,9306,83,4,57341
37278,9307,100,2,55240
37279,9307,68,4,92995
37280,9307,30,1,22486
37281,9308,84,3,78759
37282,9308,64,1,18863
37283,9308,18,5,49881
37284,9308,61,2,83461
37285,9309,72,1,53594
37286,9309,60,5,91851
37287,9309,44,4,55170
37288,9309,39,4,30610
37289,9310,98,2,88669
37290,9310,58,3,66996
37291,9310,33,4,67163
37292,9310,56,5,13545
37293,9310,99,4,64203
37294,9311,75,5,31489
37295,9311,77,4,62543
37296,9311,14,2,61112
37297,9311,41,1,16916
37298,9312,18,3,49881
37299,9312,48,1,56186
37300,9312,30,5,22486
37301,9312,77,2,62543
37302,9313,6,1,23328
37303,9313,31,4,25080
37304,9313,40,2,63117
37305,9313,11,5,42580
37306,9314,71,2,62771
37307,9314,74,3,60296
37308,9314,33,4,67163
37309,9314,45,5,89685
37310,9315,12,2,31257
37311,9315,51,3,22310
37312,9315,81,1,69446
37313,9315,89,1,99643
37314,9316,26,3,47395
37315,9316,41,5,16916
37316,9316,99,5,64203
37317,9316,91,5,87573
37318,9317,24,4,96972
37319,9317,14,1,61112
37320,9317,71,2,62771
37321,9317,80,1,14416
37322,9318,91,4,87573
37323,9318,11,3,42580
37324,9318,40,5,63117
37325,9318,32,3,82134
37326,9319,94,1,54643
37327,9319,78,2,21761
37328,9319,74,4,60296
37329,9319,80,4,14416
37330,9319,83,4,57341
37331,9320,80,2,14416
37332,9320,16,5,21730
37333,9320,87,3,47322
37334,9320,28,1,53426
37335,9321,97,3,24578
37336,9321,69,3,66333
37337,9321,2,5,16956
37338,9322,97,1,24578
37339,9322,63,1,59829
37340,9322,61,1,83461
37341,9323,70,3,16773
37342,9323,31,4,25080
37343,9323,37,1,31314
37344,9323,83,1,57341
37345,9323,99,4,64203
37346,9324,46,4,39246
37347,9324,10,1,15030
37348,9324,1,1,77345
37349,9324,76,3,95956
37350,9325,83,3,57341
37351,9325,11,1,42580
37352,9325,74,3,60296
37353,9325,8,1,71394
37354,9325,35,3,27106
37355,9326,54,5,55716
37356,9326,52,1,47423
37357,9326,32,3,82134
37358,9327,97,4,24578
37359,9327,44,5,55170
37360,9327,14,2,61112
37361,9328,91,1,87573
37362,9328,52,3,47423
37363,9328,98,1,88669
37364,9329,2,1,16956
37365,9329,1,5,77345
37366,9329,49,3,86790
37367,9329,28,5,53426
37368,9329,8,2,71394
37369,9330,95,1,10177
37370,9330,73,3,58762
37371,9330,23,5,13902
37372,9331,22,1,20870
37373,9331,38,2,89599
37374,9331,92,4,43974
37375,9331,21,1,33591
37376,9331,11,2,42580
37377,9332,12,1,31257
37378,9332,20,5,13940
37379,9332,54,4,55716
37380,9332,69,3,66333
37381,9333,74,1,60296
37382,9333,58,1,66996
37383,9333,39,3,30610
37384,9334,65,2,95196
37385,9334,54,5,55716
37386,9334,79,1,37051
37387,9334,64,1,18863
37388,9334,94,3,54643
37389,9335,67,1,71990
37390,9335,76,2,95956
37391,9335,35,5,27106
37392,9336,33,3,67163
37393,9336,85,1,49747
37394,9336,31,4,25080
37395,9337,11,2,42580
37396,9337,35,4,27106
37397,9337,48,2,56186
37398,9338,45,1,89685
37399,9338,4,2,72183
37400,9338,23,2,13902
37401,9338,6,2,23328
37402,9339,32,2,82134
37403,9339,21,2,33591
37404,9339,2,4,16956
37405,9339,94,1,54643
37406,9339,63,3,59829
37407,9340,94,3,54643
37408,9340,12,3,31257
37409,9340,73,2,58762
37410,9341,42,1,44615
37411,9341,56,2,13545
37412,9341,31,4,25080
37413,9341,62,3,39951
37414,9342,14,5,61112
37415,9342,72,5,53594
37416,9342,13,5,60825
37417,9343,61,2,83461
37418,9343,64,1,18863
37419,9343,60,2,91851
37420,9343,79,5,37051
37421,9343,22,5,20870
37422,9344,43,4,37544
37423,9344,4,5,72183
37424,9344,5,1,35124
37425,9344,2,2,16956
37426,9345,43,2,37544
37427,9345,87,4,47322
37428,9345,15,2,59265
37429,9345,13,2,60825
37430,9346,14,2,61112
37431,9346,33,4,67163
37432,9346,13,5,60825
37433,9346,77,3,62543
37434,9347,69,4,66333
37435,9347,91,2,87573
37436,9347,73,3,58762
37437,9347,33,3,67163
37438,9348,88,5,82751
37439,9348,48,4,56186
37440,9348,33,3,67163
37441,9348,68,4,92995
37442,9349,15,1,59265
37443,9349,1,1,77345
37444,9349,41,2,16916
37445,9349,14,4,61112
37446,9350,55,1,50282
37447,9350,92,2,43974
37448,9350,78,3,21761
37449,9350,52,2,47423
37450,9351,69,5,66333
37451,9351,20,4,13940
37452,9351,75,4,31489
37453,9352,84,5,78759
37454,9352,52,1,47423
37455,9352,33,3,67163
37456,9352,73,2,58762
37457,9353,19,2,24844
37458,9353,66,3,21309
37459,9353,88,4,82751
37460,9353,8,5,71394
37461,9354,75,3,31489
37462,9354,32,5,82134
37463,9354,49,1,86790
37464,9354,36,5,50269
37465,9355,95,2,10177
37466,9355,36,4,50269
37467,9355,86,2,33028
37468,9355,58,3,66996
37469,9355,49,1,86790
37470,9356,19,4,24844
37471,9356,58,3,66996
37472,9356,55,2,50282
37473,9357,6,5,23328
37474,9357,26,1,47395
37475,9357,78,3,21761
37476,9357,5,1,35124
37477,9358,53,4,58950
37478,9358,20,4,13940
37479,9358,64,1,18863
37480,9359,29,5,27367
37481,9359,39,4,30610
37482,9359,38,3,89599
37483,9359,78,4,21761
37484,9360,6,4,23328
37485,9360,9,1,24385
37486,9360,37,1,31314
37487,9361,11,1,42580
37488,9361,63,3,59829
37489,9361,64,2,18863
37490,9361,96,1,93706
37491,9361,40,5,63117
37492,9362,81,1,69446
37493,9362,85,2,49747
37494,9362,48,3,56186
37495,9363,68,3,92995
37496,9363,34,5,71809
37497,9363,29,5,27367
37498,9364,99,5,64203
37499,9364,33,1,67163
37500,9364,41,5,16916
37501,9364,78,3,21761
37502,9365,62,1,39951
37503,9365,38,4,89599
37504,9365,22,2,20870
37505,9365,20,3,13940
37506,9365,95,4,10177
37507,9366,44,5,55170
37508,9366,68,4,92995
37509,9366,45,3,89685
37510,9366,53,2,58950
37511,9367,100,5,55240
37512,9367,27,5,85161
37513,9367,8,4,71394
37514,9367,66,3,21309
37515,9367,11,1,42580
37516,9368,54,5,55716
37517,9368,39,5,30610
37518,9368,75,4,31489
37519,9368,43,3,37544
37520,9368,9,4,24385
37521,9369,25,3,95530
37522,9369,76,1,95956
37523,9369,26,3,47395
37524,9369,51,4,22310
37525,9369,22,5,20870
37526,9370,44,2,55170
37527,9370,2,4,16956
37528,9370,73,3,58762
37529,9370,84,3,78759
37530,9370,4,3,72183
37531,9371,13,2,60825
37532,9371,71,2,62771
37533,9371,4,1,72183
37534,9371,92,4,43974
37535,9371,90,3,99988
37536,9372,35,3,27106
37537,9372,62,5,39951
37538,9372,98,1,88669
37539,9372,77,3,62543
37540,9372,19,3,24844
37541,9373,87,2,47322
37542,9373,99,5,64203
37543,9373,47,3,38951
37544,9373,31,1,25080
37545,9374,23,3,13902
37546,9374,22,5,20870
37547,9374,49,2,86790
37548,9375,55,5,50282
37549,9375,57,5,87341
37550,9375,22,3,20870
37551,9375,85,5,49747
37552,9376,63,2,59829
37553,9376,61,4,83461
37554,9376,7,1,51167
37555,9376,68,5,92995
37556,9377,62,2,39951
37557,9377,41,1,16916
37558,9377,45,3,89685
37559,9378,64,4,18863
37560,9378,67,2,71990
37561,9378,61,4,83461
37562,9378,12,1,31257
37563,9379,59,1,68303
37564,9379,80,2,14416
37565,9379,85,3,49747
37566,9379,51,5,22310
37567,9380,65,2,95196
37568,9380,19,1,24844
37569,9380,99,5,64203
37570,9380,75,3,31489
37571,9380,32,3,82134
37572,9381,46,2,39246
37573,9381,10,2,15030
37574,9381,62,2,39951
37575,9381,6,5,23328
37576,9382,24,1,96972
37577,9382,68,4,92995
37578,9382,11,2,42580
37579,9382,25,1,95530
37580,9382,38,5,89599
37581,9383,100,2,55240
37582,9383,99,1,64203
37583,9383,65,5,95196
37584,9383,49,5,86790
37585,9384,35,5,27106
37586,9384,9,4,24385
37587,9384,44,3,55170
37588,9384,27,2,85161
37589,9384,93,1,25266
37590,9385,59,1,68303
37591,9385,37,4,31314
37592,9385,76,5,95956
37593,9386,54,1,55716
37594,9386,83,2,57341
37595,9386,89,2,99643
37596,9386,97,2,24578
37597,9386,32,3,82134
37598,9387,26,3,47395
37599,9387,9,1,24385
37600,9387,68,5,92995
37601,9387,69,5,66333
37602,9387,43,3,37544
37603,9388,2,5,16956
37604,9388,18,4,49881
37605,9388,33,3,67163
37606,9389,100,1,55240
37607,9389,93,1,25266
37608,9389,30,2,22486
37609,9390,36,5,50269
37610,9390,72,5,53594
37611,9390,25,5,95530
37612,9390,20,4,13940
37613,9390,85,2,49747
37614,9391,30,1,22486
37615,9391,62,4,39951
37616,9391,3,3,92869
37617,9392,19,2,24844
37618,9392,62,4,39951
37619,9392,78,5,21761
37620,9392,37,1,31314
37621,9392,63,3,59829
37622,9393,49,5,86790
37623,9393,41,3,16916
37624,9393,38,5,89599
37625,9394,74,4,60296
37626,9394,16,2,21730
37627,9394,30,5,22486
37628,9395,5,4,35124
37629,9395,7,1,51167
37630,9395,96,4,93706
37631,9395,11,1,42580
37632,9395,4,2,72183
37633,9396,90,2,99988
37634,9396,49,1,86790
37635,9396,97,5,24578
37636,9397,16,2,21730
37637,9397,36,1,50269
37638,9397,79,5,37051
37639,9398,77,1,62543
37640,9398,57,1,87341
37641,9398,21,2,33591
37642,9398,72,2,53594
37643,9399,77,2,62543
37644,9399,97,3,24578
37645,9399,81,4,69446
37646,9399,94,3,54643
37647,9399,79,4,37051
37648,9400,40,1,63117
37649,9400,28,2,53426
37650,9400,55,1,50282
37651,9401,44,3,55170
37652,9401,20,2,13940
37653,9401,91,3,87573
37654,9401,86,5,33028
37655,9402,72,3,53594
37656,9402,34,5,71809
37657,9402,76,3,95956
37658,9402,50,4,53007
37659,9402,7,5,51167
37660,9403,90,1,99988
37661,9403,1,5,77345
37662,9403,79,1,37051
37663,9403,76,4,95956
37664,9404,42,5,44615
37665,9404,57,1,87341
37666,9404,77,4,62543
37667,9404,7,4,51167
37668,9405,40,5,63117
37669,9405,98,4,88669
37670,9405,59,1,68303
37671,9406,70,2,16773
37672,9406,56,5,13545
37673,9406,45,1,89685
37674,9406,69,1,66333
37675,9407,49,4,86790
37676,9407,36,3,50269
37677,9407,86,4,33028
37678,9407,60,5,91851
37679,9408,81,3,69446
37680,9408,66,4,21309
37681,9408,55,1,50282
37682,9409,12,3,31257
37683,9409,87,1,47322
37684,9409,40,4,63117
37685,9409,29,5,27367
37686,9410,99,4,64203
37687,9410,73,4,58762
37688,9410,66,5,21309
37689,9410,49,4,86790
37690,9410,97,4,24578
37691,9411,77,3,62543
37692,9411,47,2,38951
37693,9411,80,4,14416
37694,9411,44,1,55170
37695,9411,45,1,89685
37696,9412,77,5,62543
37697,9412,32,4,82134
37698,9412,28,4,53426
37699,9412,50,1,53007
37700,9412,81,4,69446
37701,9413,66,5,21309
37702,9413,63,5,59829
37703,9413,49,3,86790
37704,9413,93,4,25266
37705,9414,1,2,77345
37706,9414,8,4,71394
37707,9414,70,1,16773
37708,9415,60,5,91851
37709,9415,4,5,72183
37710,9415,40,5,63117
37711,9415,14,2,61112
37712,9416,5,4,35124
37713,9416,65,3,95196
37714,9416,83,4,57341
37715,9417,88,4,82751
37716,9417,4,2,72183
37717,9417,57,1,87341
37718,9417,60,3,91851
37719,9417,91,4,87573
37720,9418,64,3,18863
37721,9418,65,5,95196
37722,9418,62,2,39951
37723,9418,53,1,58950
37724,9418,29,5,27367
37725,9419,58,2,66996
37726,9419,96,1,93706
37727,9419,24,4,96972
37728,9419,88,5,82751
37729,9420,73,2,58762
37730,9420,8,2,71394
37731,9420,77,5,62543
37732,9421,83,3,57341
37733,9421,26,3,47395
37734,9421,42,5,44615
37735,9422,38,1,89599
37736,9422,62,2,39951
37737,9422,80,3,14416
37738,9423,29,5,27367
37739,9423,62,1,39951
37740,9423,26,1,47395
37741,9423,27,4,85161
37742,9424,79,5,37051
37743,9424,1,5,77345
37744,9424,24,4,96972
37745,9424,67,3,71990
37746,9424,97,2,24578
37747,9425,40,5,63117
37748,9425,83,4,57341
37749,9425,13,2,60825
37750,9425,52,1,47423
37751,9426,62,3,39951
37752,9426,54,5,55716
37753,9426,96,3,93706
37754,9426,41,1,16916
37755,9427,41,4,16916
37756,9427,52,3,47423
37757,9427,90,3,99988
37758,9427,87,3,47322
37759,9427,47,5,38951
37760,9428,49,2,86790
37761,9428,50,4,53007
37762,9428,56,5,13545
37763,9428,82,1,40303
37764,9428,78,1,21761
37765,9429,12,3,31257
37766,9429,2,2,16956
37767,9429,18,1,49881
37768,9429,93,3,25266
37769,9430,44,2,55170
37770,9430,56,5,13545
37771,9430,100,3,55240
37772,9431,33,2,67163
37773,9431,58,4,66996
37774,9431,8,3,71394
37775,9431,32,4,82134
37776,9432,24,2,96972
37777,9432,92,2,43974
37778,9432,100,4,55240
37779,9432,67,2,71990
37780,9432,70,1,16773
37781,9433,34,4,71809
37782,9433,30,1,22486
37783,9433,3,4,92869
37784,9434,74,4,60296
37785,9434,100,2,55240
37786,9434,1,2,77345
37787,9434,14,4,61112
37788,9435,2,3,16956
37789,9435,99,3,64203
37790,9435,85,5,49747
37791,9435,98,3,88669
37792,9435,45,4,89685
37793,9436,62,4,39951
37794,9436,90,5,99988
37795,9436,26,3,47395
37796,9437,56,1,13545
37797,9437,57,2,87341
37798,9437,97,2,24578
37799,9437,79,5,37051
37800,9438,29,5,27367
37801,9438,87,2,47322
37802,9438,66,5,21309
37803,9439,19,5,24844
37804,9439,82,1,40303
37805,9439,58,1,66996
37806,9439,39,4,30610
37807,9439,53,2,58950
37808,9440,87,3,47322
37809,9440,45,3,89685
37810,9440,71,4,62771
37811,9441,54,4,55716
37812,9441,12,5,31257
37813,9441,91,5,87573
37814,9442,30,4,22486
37815,9442,15,1,59265
37816,9442,11,4,42580
37817,9443,63,5,59829
37818,9443,44,4,55170
37819,9443,56,1,13545
37820,9443,64,2,18863
37821,9444,29,3,27367
37822,9444,42,5,44615
37823,9444,56,3,13545
37824,9444,1,3,77345
37825,9445,21,4,33591
37826,9445,85,4,49747
37827,9445,59,3,68303
37828,9445,22,4,20870
37829,9446,83,3,57341
37830,9446,48,1,56186
37831,9446,1,1,77345
37832,9446,5,4,35124
37833,9446,57,3,87341
37834,9447,83,2,57341
37835,9447,20,5,13940
37836,9447,50,2,53007
37837,9448,43,2,37544
37838,9448,36,4,50269
37839,9448,37,4,31314
37840,9448,86,1,33028
37841,9448,74,1,60296
37842,9449,35,1,27106
37843,9449,70,2,16773
37844,9449,72,1,53594
37845,9449,1,3,77345
37846,9450,55,5,50282
37847,9450,44,3,55170
37848,9450,99,2,64203
37849,9450,67,5,71990
37850,9450,81,4,69446
37851,9451,88,4,82751
37852,9451,15,3,59265
37853,9451,76,1,95956
37854,9451,30,5,22486
37855,9452,42,4,44615
37856,9452,81,1,69446
37857,9452,29,5,27367
37858,9452,65,5,95196
37859,9452,33,4,67163
37860,9453,5,5,35124
37861,9453,71,5,62771
37862,9453,78,1,21761
37863,9453,29,2,27367
37864,9454,95,5,10177
37865,9454,89,4,99643
37866,9454,58,2,66996
37867,9454,43,1,37544
37868,9455,39,1,30610
37869,9455,49,1,86790
37870,9455,47,4,38951
37871,9456,30,4,22486
37872,9456,48,2,56186
37873,9456,67,5,71990
37874,9456,38,1,89599
37875,9457,37,5,31314
37876,9457,30,3,22486
37877,9457,4,3,72183
37878,9457,2,1,16956
37879,9457,9,3,24385
37880,9458,39,1,30610
37881,9458,3,1,92869
37882,9458,43,4,37544
37883,9458,63,5,59829
37884,9459,94,3,54643
37885,9459,27,1,85161
37886,9459,91,4,87573
37887,9460,4,3,72183
37888,9460,76,4,95956
37889,9460,29,2,27367
37890,9460,80,4,14416
37891,9461,30,2,22486
37892,9461,78,2,21761
37893,9461,56,1,13545
37894,9461,100,3,55240
37895,9462,62,1,39951
37896,9462,72,1,53594
37897,9462,77,1,62543
37898,9462,63,1,59829
37899,9463,92,4,43974
37900,9463,88,5,82751
37901,9463,5,2,35124
37902,9463,49,5,86790
37903,9464,38,2,89599
37904,9464,93,4,25266
37905,9464,31,5,25080
37906,9464,44,1,55170
37907,9465,28,1,53426
37908,9465,4,2,72183
37909,9465,55,1,50282
37910,9466,76,2,95956
37911,9466,49,4,86790
37912,9466,32,5,82134
37913,9466,44,5,55170
37914,9466,47,4,38951
37915,9467,12,1,31257
37916,9467,96,1,93706
37917,9467,94,1,54643
37918,9467,97,1,24578
37919,9468,29,4,27367
37920,9468,44,3,55170
37921,9468,88,4,82751
37922,9469,72,1,53594
37923,9469,35,4,27106
37924,9469,7,2,51167
37925,9469,27,1,85161
37926,9469,77,2,62543
37927,9470,71,1,62771
37928,9470,28,4,53426
37929,9470,99,4,64203
37930,9470,95,3,10177
37931,9470,79,2,37051
37932,9471,14,4,61112
37933,9471,72,2,53594
37934,9471,38,1,89599
37935,9472,38,2,89599
37936,9472,89,1,99643
37937,9472,48,2,56186
37938,9472,55,2,50282
37939,9473,76,2,95956
37940,9473,18,2,49881
37941,9473,65,1,95196
37942,9473,12,2,31257
37943,9473,16,1,21730
37944,9474,99,4,64203
37945,9474,27,4,85161
37946,9474,45,1,89685
37947,9475,16,4,21730
37948,9475,57,4,87341
37949,9475,47,5,38951
37950,9475,83,1,57341
37951,9475,33,5,67163
37952,9476,71,5,62771
37953,9476,67,1,71990
37954,9476,18,4,49881
37955,9477,90,5,99988
37956,9477,82,2,40303
37957,9477,62,3,39951
37958,9478,33,4,67163
37959,9478,29,4,27367
37960,9478,97,4,24578
37961,9478,13,1,60825
37962,9478,12,1,31257
37963,9479,49,3,86790
37964,9479,94,2,54643
37965,9479,100,3,55240
37966,9480,14,2,61112
37967,9480,71,2,62771
37968,9480,5,1,35124
37969,9481,46,4,39246
37970,9481,92,4,43974
37971,9481,39,5,30610
37972,9481,85,3,49747
37973,9482,36,1,50269
37974,9482,44,2,55170
37975,9482,48,2,56186
37976,9483,68,2,92995
37977,9483,44,4,55170
37978,9483,74,5,60296
37979,9483,87,2,47322
37980,9483,82,5,40303
37981,9484,80,2,14416
37982,9484,26,3,47395
37983,9484,9,3,24385
37984,9484,8,1,71394
37985,9485,17,4,32785
37986,9485,43,3,37544
37987,9485,86,1,33028
37988,9485,53,4,58950
37989,9485,42,1,44615
37990,9486,67,5,71990
37991,9486,18,5,49881
37992,9486,7,1,51167
37993,9486,16,2,21730
37994,9487,30,1,22486
37995,9487,66,3,21309
37996,9487,32,1,82134
37997,9487,90,5,99988
37998,9487,97,1,24578
37999,9488,99,2,64203
38000,9488,94,2,54643
38001,9488,25,1,95530
38002,9488,32,1,82134
38003,9488,3,3,92869
38004,9489,83,4,57341
38005,9489,12,4,31257
38006,9489,58,3,66996
38007,9489,1,3,77345
38008,9489,15,5,59265
38009,9490,25,2,95530
38010,9490,27,2,85161
38011,9490,71,1,62771
38012,9490,54,4,55716
38013,9490,23,4,13902
38014,9491,29,1,27367
38015,9491,72,2,53594
38016,9491,64,4,18863
38017,9491,59,2,68303
38018,9491,88,3,82751
38019,9492,3,4,92869
38020,9492,49,1,86790
38021,9492,45,5,89685
38022,9493,40,3,63117
38023,9493,77,4,62543
38024,9493,70,2,16773
38025,9493,68,2,92995
38026,9494,84,3,78759
38027,9494,78,3,21761
38028,9494,87,1,47322
38029,9495,21,4,33591
38030,9495,55,3,50282
38031,9495,28,3,53426
38032,9495,42,5,44615
38033,9495,92,3,43974
38034,9496,57,2,87341
38035,9496,91,4,87573
38036,9496,28,1,53426
38037,9496,37,2,31314
38038,9496,68,2,92995
38039,9497,22,3,20870
38040,9497,74,5,60296
38041,9497,35,5,27106
38042,9497,55,4,50282
38043,9498,56,2,13545
38044,9498,32,4,82134
38045,9498,68,1,92995
38046,9498,1,5,77345
38047,9499,99,2,64203
38048,9499,75,1,31489
38049,9499,76,5,95956
38050,9499,4,4,72183
38051,9500,53,4,58950
38052,9500,34,2,71809
38053,9500,69,2,66333
38054,9500,93,1,25266
38055,9501,74,1,60296
38056,9501,38,5,89599
38057,9501,80,4,14416
38058,9501,3,1,92869
38059,9502,68,2,92995
38060,9502,12,5,31257
38061,9502,9,5,24385
38062,9503,30,1,22486
38063,9503,66,4,21309
38064,9503,63,3,59829
38065,9503,7,5,51167
38066,9503,16,5,21730
38067,9504,52,1,47423
38068,9504,64,5,18863
38069,9504,20,5,13940
38070,9505,87,5,47322
38071,9505,12,5,31257
38072,9505,16,5,21730
38073,9506,34,5,71809
38074,9506,56,4,13545
38075,9506,97,4,24578
38076,9507,91,1,87573
38077,9507,15,4,59265
38078,9507,39,2,30610
38079,9508,40,5,63117
38080,9508,5,3,35124
38081,9508,39,2,30610
38082,9509,23,2,13902
38083,9509,1,3,77345
38084,9509,97,4,24578
38085,9509,91,3,87573
38086,9510,91,3,87573
38087,9510,98,1,88669
38088,9510,82,2,40303
38089,9510,62,3,39951
38090,9511,84,2,78759
38091,9511,90,4,99988
38092,9511,70,4,16773
38093,9512,82,1,40303
38094,9512,13,4,60825
38095,9512,5,2,35124
38096,9512,60,5,91851
38097,9513,77,5,62543
38098,9513,39,1,30610
38099,9513,55,5,50282
38100,9514,5,1,35124
38101,9514,91,1,87573
38102,9514,51,3,22310
38103,9515,1,4,77345
38104,9515,48,5,56186
38105,9515,25,5,95530
38106,9516,2,1,16956
38107,9516,67,5,71990
38108,9516,95,5,10177
38109,9516,9,4,24385
38110,9517,71,2,62771
38111,9517,31,5,25080
38112,9517,27,5,85161
38113,9517,29,4,27367
38114,9517,24,1,96972
38115,9518,30,4,22486
38116,9518,4,1,72183
38117,9518,75,4,31489
38118,9518,27,2,85161
38119,9518,41,5,16916
38120,9519,69,2,66333
38121,9519,79,5,37051
38122,9519,18,3,49881
38123,9520,80,2,14416
38124,9520,35,4,27106
38125,9520,28,2,53426
38126,9520,12,1,31257
38127,9521,34,5,71809
38128,9521,83,5,57341
38129,9521,2,5,16956
38130,9521,69,5,66333
38131,9521,91,2,87573
38132,9522,13,5,60825
38133,9522,61,2,83461
38134,9522,18,4,49881
38135,9523,91,5,87573
38136,9523,99,2,64203
38137,9523,77,4,62543
38138,9524,19,1,24844
38139,9524,73,3,58762
38140,9524,65,1,95196
38141,9524,59,4,68303
38142,9524,42,1,44615
38143,9525,70,4,16773
38144,9525,40,2,63117
38145,9525,94,4,54643
38146,9525,47,5,38951
38147,9525,22,4,20870
38148,9526,7,2,51167
38149,9526,62,2,39951
38150,9526,63,3,59829
38151,9526,1,5,77345
38152,9527,13,5,60825
38153,9527,81,4,69446
38154,9527,69,2,66333
38155,9527,11,2,42580
38156,9527,18,4,49881
38157,9528,20,1,13940
38158,9528,45,4,89685
38159,9528,91,1,87573
38160,9528,40,3,63117
38161,9528,49,2,86790
38162,9529,19,1,24844
38163,9529,94,5,54643
38164,9529,16,1,21730
38165,9530,45,3,89685
38166,9530,11,5,42580
38167,9530,24,2,96972
38168,9530,89,2,99643
38169,9530,88,1,82751
38170,9531,51,2,22310
38171,9531,72,2,53594
38172,9531,49,2,86790
38173,9532,43,4,37544
38174,9532,87,1,47322
38175,9532,55,3,50282
38176,9532,94,5,54643
38177,9533,2,2,16956
38178,9533,59,4,68303
38179,9533,4,4,72183
38180,9533,87,3,47322
38181,9534,78,1,21761
38182,9534,61,2,83461
38183,9534,31,2,25080
38184,9535,70,2,16773
38185,9535,4,3,72183
38186,9535,42,2,44615
38187,9535,54,2,55716
38188,9536,19,1,24844
38189,9536,99,5,64203
38190,9536,28,3,53426
38191,9537,97,5,24578
38192,9537,65,4,95196
38193,9537,64,2,18863
38194,9537,51,4,22310
38195,9538,85,3,49747
38196,9538,38,2,89599
38197,9538,69,2,66333
38198,9539,91,5,87573
38199,9539,94,3,54643
38200,9539,79,2,37051
38201,9539,96,5,93706
38202,9539,38,5,89599
38203,9540,54,3,55716
38204,9540,87,2,47322
38205,9540,99,3,64203
38206,9541,80,2,14416
38207,9541,61,5,83461
38208,9541,3,1,92869
38209,9542,75,1,31489
38210,9542,84,1,78759
38211,9542,23,5,13902
38212,9542,18,1,49881
38213,9543,35,5,27106
38214,9543,45,5,89685
38215,9543,81,3,69446
38216,9543,36,3,50269
38217,9543,93,3,25266
38218,9544,89,1,99643
38219,9544,96,4,93706
38220,9544,37,2,31314
38221,9544,5,4,35124
38222,9544,57,3,87341
38223,9545,14,5,61112
38224,9545,87,3,47322
38225,9545,78,4,21761
38226,9546,51,1,22310
38227,9546,67,1,71990
38228,9546,35,4,27106
38229,9546,25,5,95530
38230,9547,32,5,82134
38231,9547,13,1,60825
38232,9547,21,4,33591
38233,9547,70,2,16773
38234,9547,92,4,43974
38235,9548,53,1,58950
38236,9548,8,2,71394
38237,9548,44,1,55170
38238,9548,51,4,22310
38239,9548,84,4,78759
38240,9549,3,2,92869
38241,9549,93,5,25266
38242,9549,4,3,72183
38243,9549,34,3,71809
38244,9550,50,3,53007
38245,9550,64,5,18863
38246,9550,31,3,25080
38247,9550,22,2,20870
38248,9550,6,3,23328
38249,9551,77,4,62543
38250,9551,23,5,13902
38251,9551,63,5,59829
38252,9552,11,1,42580
38253,9552,24,4,96972
38254,9552,79,2,37051
38255,9553,74,3,60296
38256,9553,6,1,23328
38257,9553,46,4,39246
38258,9553,58,3,66996
38259,9553,47,4,38951
38260,9554,18,1,49881
38261,9554,21,5,33591
38262,9554,53,1,58950
38263,9554,16,4,21730
38264,9555,47,2,38951
38265,9555,52,1,47423
38266,9555,15,2,59265
38267,9555,76,1,95956
38268,9555,99,4,64203
38269,9556,5,2,35124
38270,9556,48,2,56186
38271,9556,76,1,95956
38272,9557,19,5,24844
38273,9557,87,5,47322
38274,9557,88,3,82751
38275,9558,27,3,85161
38276,9558,87,1,47322
38277,9558,16,5,21730
38278,9558,70,1,16773
38279,9558,97,3,24578
38280,9559,99,3,64203
38281,9559,30,1,22486
38282,9559,82,5,40303
38283,9559,17,3,32785
38284,9559,27,2,85161
38285,9560,74,2,60296
38286,9560,70,1,16773
38287,9560,53,4,58950
38288,9560,2,5,16956
38289,9560,52,2,47423
38290,9561,94,1,54643
38291,9561,63,4,59829
38292,9561,84,2,78759
38293,9561,52,4,47423
38294,9561,79,2,37051
38295,9562,59,2,68303
38296,9562,92,2,43974
38297,9562,54,5,55716
38298,9562,87,5,47322
38299,9562,1,1,77345
38300,9563,63,3,59829
38301,9563,8,1,71394
38302,9563,61,3,83461
38303,9564,86,3,33028
38304,9564,6,1,23328
38305,9564,1,2,77345
38306,9565,88,1,82751
38307,9565,18,5,49881
38308,9565,67,2,71990
38309,9566,92,5,43974
38310,9566,45,4,89685
38311,9566,83,3,57341
38312,9566,66,2,21309
38313,9566,15,1,59265
38314,9567,91,3,87573
38315,9567,15,3,59265
38316,9567,84,1,78759
38317,9567,72,1,53594
38318,9567,20,5,13940
38319,9568,12,5,31257
38320,9568,11,1,42580
38321,9568,82,5,40303
38322,9568,51,5,22310
38323,9569,77,5,62543
38324,9569,47,3,38951
38325,9569,2,5,16956
38326,9569,63,5,59829
38327,9570,41,1,16916
38328,9570,2,1,16956
38329,9570,1,4,77345
38330,9570,27,3,85161
38331,9571,1,1,77345
38332,9571,47,4,38951
38333,9571,85,5,49747
38334,9571,10,1,15030
38335,9571,43,3,37544
38336,9572,74,4,60296
38337,9572,45,2,89685
38338,9572,64,1,18863
38339,9572,54,3,55716
38340,9572,80,2,14416
38341,9573,33,4,67163
38342,9573,22,3,20870
38343,9573,28,4,53426
38344,9573,18,4,49881
38345,9573,80,3,14416
38346,9574,91,2,87573
38347,9574,62,1,39951
38348,9574,37,4,31314
38349,9574,92,5,43974
38350,9575,77,5,62543
38351,9575,42,2,44615
38352,9575,53,4,58950
38353,9576,49,3,86790
38354,9576,53,2,58950
38355,9576,76,2,95956
38356,9576,38,4,89599
38357,9577,75,3,31489
38358,9577,83,4,57341
38359,9577,93,1,25266
38360,9577,35,5,27106
38361,9578,46,3,39246
38362,9578,50,4,53007
38363,9578,71,2,62771
38364,9578,15,1,59265
38365,9578,6,4,23328
38366,9579,62,1,39951
38367,9579,90,4,99988
38368,9579,7,2,51167
38369,9579,60,2,91851
38370,9579,3,1,92869
38371,9580,74,4,60296
38372,9580,35,5,27106
38373,9580,45,3,89685
38374,9580,59,1,68303
38375,9580,9,2,24385
38376,9581,9,4,24385
38377,9581,96,2,93706
38378,9581,99,1,64203
38379,9581,91,2,87573
38380,9582,32,1,82134
38381,9582,76,4,95956
38382,9582,81,3,69446
38383,9582,90,3,99988
38384,9583,81,5,69446
38385,9583,44,5,55170
38386,9583,3,1,92869
38387,9583,60,4,91851
38388,9583,59,1,68303
38389,9584,54,2,55716
38390,9584,40,5,63117
38391,9584,28,2,53426
38392,9584,78,5,21761
38393,9585,45,2,89685
38394,9585,34,4,71809
38395,9585,71,4,62771
38396,9585,8,5,71394
38397,9586,26,4,47395
38398,9586,88,2,82751
38399,9586,81,5,69446
38400,9586,92,5,43974
38401,9586,96,3,93706
38402,9587,42,1,44615
38403,9587,59,3,68303
38404,9587,95,2,10177
38405,9587,34,1,71809
38406,9587,14,5,61112
38407,9588,21,1,33591
38408,9588,70,1,16773
38409,9588,31,4,25080
38410,9589,32,2,82134
38411,9589,46,4,39246
38412,9589,38,4,89599
38413,9589,30,4,22486
38414,9590,86,5,33028
38415,9590,55,3,50282
38416,9590,85,2,49747
38417,9590,38,3,89599
38418,9590,37,5,31314
38419,9591,4,5,72183
38420,9591,51,3,22310
38421,9591,63,1,59829
38422,9591,78,4,21761
38423,9591,21,3,33591
38424,9592,52,1,47423
38425,9592,40,4,63117
38426,9592,50,1,53007
38427,9593,6,2,23328
38428,9593,15,2,59265
38429,9593,51,3,22310
38430,9594,13,5,60825
38431,9594,68,5,92995
38432,9594,71,3,62771
38433,9594,11,1,42580
38434,9594,27,1,85161
38435,9595,77,3,62543
38436,9595,42,4,44615
38437,9595,25,1,95530
38438,9595,82,1,40303
38439,9595,90,1,99988
38440,9596,6,3,23328
38441,9596,9,3,24385
38442,9596,74,3,60296
38443,9596,39,4,30610
38444,9596,59,1,68303
38445,9597,81,4,69446
38446,9597,41,2,16916
38447,9597,83,1,57341
38448,9598,10,2,15030
38449,9598,18,1,49881
38450,9598,49,1,86790
38451,9599,63,2,59829
38452,9599,83,4,57341
38453,9599,20,4,13940
38454,9600,91,3,87573
38455,9600,49,4,86790
38456,9600,48,5,56186
38457,9600,79,3,37051
38458,9600,31,1,25080
38459,9601,19,5,24844
38460,9601,9,4,24385
38461,9601,8,2,71394
38462,9601,73,4,58762
38463,9602,15,2,59265
38464,9602,100,4,55240
38465,9602,94,5,54643
38466,9602,28,5,53426
38467,9603,52,1,47423
38468,9603,63,3,59829
38469,9603,22,5,20870
38470,9604,65,4,95196
38471,9604,60,5,91851
38472,9604,81,4,69446
38473,9604,94,1,54643
38474,9604,88,4,82751
38475,9605,23,2,13902
38476,9605,61,4,83461
38477,9605,62,4,39951
38478,9605,48,3,56186
38479,9605,88,2,82751
38480,9606,41,3,16916
38481,9606,33,4,67163
38482,9606,63,5,59829
38483,9606,12,3,31257
38484,9606,24,4,96972
38485,9607,99,3,64203
38486,9607,43,3,37544
38487,9607,78,3,21761
38488,9607,75,3,31489
38489,9607,18,2,49881
38490,9608,33,2,67163
38491,9608,17,4,32785
38492,9608,31,2,25080
38493,9609,23,3,13902
38494,9609,1,3,77345
38495,9609,87,1,47322
38496,9610,67,2,71990
38497,9610,18,2,49881
38498,9610,88,5,82751
38499,9610,76,2,95956
38500,9610,64,2,18863
38501,9611,61,4,83461
38502,9611,44,4,55170
38503,9611,99,2,64203
38504,9612,25,4,95530
38505,9612,3,5,92869
38506,9612,92,3,43974
38507,9612,32,4,82134
38508,9612,62,2,39951
38509,9613,72,4,53594
38510,9613,2,3,16956
38511,9613,88,3,82751
38512,9613,84,4,78759
38513,9613,11,4,42580
38514,9614,83,5,57341
38515,9614,100,2,55240
38516,9614,14,5,61112
38517,9614,75,5,31489
38518,9614,46,5,39246
38519,9615,62,1,39951
38520,9615,66,1,21309
38521,9615,35,1,27106
38522,9616,42,1,44615
38523,9616,49,5,86790
38524,9616,75,4,31489
38525,9617,39,4,30610
38526,9617,64,3,18863
38527,9617,5,1,35124
38528,9617,36,4,50269
38529,9618,67,3,71990
38530,9618,80,1,14416
38531,9618,38,4,89599
38532,9619,11,2,42580
38533,9619,85,1,49747
38534,9619,41,1,16916
38535,9619,10,2,15030
38536,9619,6,5,23328
38537,9620,52,3,47423
38538,9620,65,5,95196
38539,9620,94,2,54643
38540,9620,72,4,53594
38541,9621,5,2,35124
38542,9621,62,3,39951
38543,9621,55,3,50282
38544,9621,32,5,82134
38545,9622,8,3,71394
38546,9622,46,2,39246
38547,9622,75,1,31489
38548,9623,65,1,95196
38549,9623,51,3,22310
38550,9623,30,5,22486
38551,9623,79,1,37051
38552,9624,29,2,27367
38553,9624,36,1,50269
38554,9624,99,5,64203
38555,9625,32,1,82134
38556,9625,52,1,47423
38557,9625,43,4,37544
38558,9625,81,1,69446
38559,9626,28,4,53426
38560,9626,88,4,82751
38561,9626,39,5,30610
38562,9626,12,2,31257
38563,9627,15,5,59265
38564,9627,69,3,66333
38565,9627,83,1,57341
38566,9627,41,2,16916
38567,9628,87,1,47322
38568,9628,72,2,53594
38569,9628,8,3,71394
38570,9628,52,3,47423
38571,9628,32,5,82134
38572,9629,18,1,49881
38573,9629,60,2,91851
38574,9629,63,5,59829
38575,9629,87,2,47322
38576,9630,64,5,18863
38577,9630,50,4,53007
38578,9630,49,4,86790
38579,9630,11,3,42580
38580,9631,38,5,89599
38581,9631,78,2,21761
38582,9631,52,4,47423
38583,9632,69,4,66333
38584,9632,5,5,35124
38585,9632,95,5,10177
38586,9632,22,1,20870
38587,9632,24,1,96972
38588,9633,49,5,86790
38589,9633,94,5,54643
38590,9633,41,2,16916
38591,9633,84,3,78759
38592,9634,45,5,89685
38593,9634,50,1,53007
38594,9634,36,4,50269
38595,9635,97,2,24578
38596,9635,75,4,31489
38597,9635,39,5,30610
38598,9635,96,5,93706
38599,9635,7,2,51167
38600,9636,36,3,50269
38601,9636,4,5,72183
38602,9636,58,4,66996
38603,9636,85,3,49747
38604,9636,94,5,54643
38605,9637,8,2,71394
38606,9637,87,4,47322
38607,9637,44,4,55170
38608,9637,81,4,69446
38609,9638,27,1,85161
38610,9638,38,4,89599
38611,9638,95,2,10177
38612,9638,75,1,31489
38613,9639,21,4,33591
38614,9639,89,4,99643
38615,9639,75,2,31489
38616,9640,31,5,25080
38617,9640,80,4,14416
38618,9640,28,5,53426
38619,9640,43,3,37544
38620,9641,78,1,21761
38621,9641,64,3,18863
38622,9641,3,2,92869
38623,9642,47,5,38951
38624,9642,88,5,82751
38625,9642,32,3,82134
38626,9642,100,4,55240
38627,9642,83,5,57341
38628,9643,58,1,66996
38629,9643,46,1,39246
38630,9643,66,1,21309
38631,9643,33,3,67163
38632,9643,55,5,50282
38633,9644,32,2,82134
38634,9644,15,5,59265
38635,9644,50,4,53007
38636,9644,38,4,89599
38637,9644,23,2,13902
38638,9645,81,5,69446
38639,9645,29,2,27367
38640,9645,46,4,39246
38641,9646,7,1,51167
38642,9646,75,2,31489
38643,9646,85,5,49747
38644,9646,78,5,21761
38645,9646,87,3,47322
38646,9647,58,5,66996
38647,9647,26,2,47395
38648,9647,66,4,21309
38649,9647,64,5,18863
38650,9648,48,5,56186
38651,9648,3,5,92869
38652,9648,76,2,95956
38653,9649,51,1,22310
38654,9649,25,3,95530
38655,9649,3,5,92869
38656,9649,91,3,87573
38657,9650,10,5,15030
38658,9650,53,1,58950
38659,9650,49,4,86790
38660,9651,71,4,62771
38661,9651,56,2,13545
38662,9651,16,4,21730
38663,9651,70,1,16773
38664,9651,45,4,89685
38665,9652,70,2,16773
38666,9652,24,5,96972
38667,9652,99,3,64203
38668,9652,68,2,92995
38669,9652,80,3,14416
38670,9653,18,4,49881
38671,9653,93,3,25266
38672,9653,7,3,51167
38673,9654,83,5,57341
38674,9654,48,2,56186
38675,9654,36,4,50269
38676,9655,21,4,33591
38677,9655,24,4,96972
38678,9655,39,2,30610
38679,9655,90,3,99988
38680,9655,28,3,53426
38681,9656,86,3,33028
38682,9656,4,3,72183
38683,9656,3,2,92869
38684,9656,97,5,24578
38685,9656,91,1,87573
38686,9657,51,1,22310
38687,9657,12,3,31257
38688,9657,15,1,59265
38689,9657,96,3,93706
38690,9657,47,2,38951
38691,9658,92,5,43974
38692,9658,79,3,37051
38693,9658,84,3,78759
38694,9658,83,3,57341
38695,9659,82,2,40303
38696,9659,47,3,38951
38697,9659,39,3,30610
38698,9660,68,2,92995
38699,9660,14,3,61112
38700,9660,6,1,23328
38701,9660,23,4,13902
38702,9661,2,1,16956
38703,9661,48,1,56186
38704,9661,6,3,23328
38705,9662,88,5,82751
38706,9662,95,2,10177
38707,9662,66,5,21309
38708,9662,90,1,99988
38709,9662,51,2,22310
38710,9663,35,5,27106
38711,9663,72,2,53594
38712,9663,31,1,25080
38713,9663,74,2,60296
38714,9664,17,3,32785
38715,9664,100,5,55240
38716,9664,24,5,96972
38717,9665,76,2,95956
38718,9665,55,5,50282
38719,9665,82,1,40303
38720,9666,41,1,16916
38721,9666,4,4,72183
38722,9666,27,2,85161
38723,9666,10,1,15030
38724,9667,55,3,50282
38725,9667,22,5,20870
38726,9667,69,2,66333
38727,9667,38,5,89599
38728,9667,54,1,55716
38729,9668,59,3,68303
38730,9668,6,5,23328
38731,9668,83,2,57341
38732,9668,30,5,22486
38733,9668,81,3,69446
38734,9669,72,5,53594
38735,9669,1,4,77345
38736,9669,20,4,13940
38737,9669,97,1,24578
38738,9670,36,4,50269
38739,9670,48,3,56186
38740,9670,47,1,38951
38741,9671,18,4,49881
38742,9671,58,4,66996
38743,9671,78,4,21761
38744,9672,66,4,21309
38745,9672,54,1,55716
38746,9672,36,2,50269
38747,9673,31,1,25080
38748,9673,13,2,60825
38749,9673,90,3,99988
38750,9673,38,2,89599
38751,9673,84,2,78759
38752,9674,87,3,47322
38753,9674,55,1,50282
38754,9674,53,3,58950
38755,9674,40,4,63117
38756,9674,13,5,60825
38757,9675,45,2,89685
38758,9675,2,4,16956
38759,9675,47,1,38951
38760,9676,8,4,71394
38761,9676,100,5,55240
38762,9676,60,5,91851
38763,9676,88,3,82751
38764,9677,17,1,32785
38765,9677,74,3,60296
38766,9677,45,2,89685
38767,9678,18,3,49881
38768,9678,59,3,68303
38769,9678,62,3,39951
38770,9678,9,2,24385
38771,9679,15,2,59265
38772,9679,71,1,62771
38773,9679,9,4,24385
38774,9679,1,5,77345
38775,9679,44,5,55170
38776,9680,64,3,18863
38777,9680,73,4,58762
38778,9680,93,3,25266
38779,9680,22,5,20870
38780,9680,98,2,88669
38781,9681,25,4,95530
38782,9681,37,3,31314
38783,9681,86,2,33028
38784,9681,99,3,64203
38785,9681,9,4,24385
38786,9682,6,5,23328
38787,9682,52,1,47423
38788,9682,64,5,18863
38789,9682,56,3,13545
38790,9682,55,5,50282
38791,9683,9,2,24385
38792,9683,12,1,31257
38793,9683,44,1,55170
38794,9684,43,4,37544
38795,9684,92,5,43974
38796,9684,97,5,24578
38797,9684,71,2,62771
38798,9684,93,2,25266
38799,9685,75,3,31489
38800,9685,23,3,13902
38801,9685,52,5,47423
38802,9685,39,3,30610
38803,9686,46,4,39246
38804,9686,79,3,37051
38805,9686,52,3,47423
38806,9686,41,4,16916
38807,9686,100,2,55240
38808,9687,87,3,47322
38809,9687,36,2,50269
38810,9687,56,2,13545
38811,9688,10,3,15030
38812,9688,55,5,50282
38813,9688,90,3,99988
38814,9688,47,4,38951
38815,9689,22,1,20870
38816,9689,55,5,50282
38817,9689,7,1,51167
38818,9690,38,3,89599
38819,9690,82,5,40303
38820,9690,60,1,91851
38821,9690,96,3,93706
38822,9691,34,5,71809
38823,9691,100,2,55240
38824,9691,24,1,96972
38825,9692,69,3,66333
38826,9692,36,4,50269
38827,9692,64,2,18863
38828,9693,37,4,31314
38829,9693,20,2,13940
38830,9693,53,1,58950
38831,9693,39,2,30610
38832,9693,43,2,37544
38833,9694,56,5,13545
38834,9694,78,1,21761
38835,9694,22,3,20870
38836,9694,74,3,60296
38837,9695,85,2,49747
38838,9695,26,4,47395
38839,9695,2,5,16956
38840,9696,1,3,77345
38841,9696,46,4,39246
38842,9696,98,2,88669
38843,9696,16,3,21730
38844,9697,5,2,35124
38845,9697,4,2,72183
38846,9697,82,4,40303
38847,9697,60,1,91851
38848,9698,40,1,63117
38849,9698,32,1,82134
38850,9698,88,5,82751
38851,9698,42,1,44615
38852,9699,48,5,56186
38853,9699,68,5,92995
38854,9699,32,1,82134
38855,9699,5,1,35124
38856,9699,35,5,27106
38857,9700,12,2,31257
38858,9700,99,4,64203
38859,9700,2,2,16956
38860,9701,95,3,10177
38861,9701,31,4,25080
38862,9701,77,5,62543
38863,9701,23,2,13902
38864,9701,70,4,16773
38865,9702,43,5,37544
38866,9702,1,3,77345
38867,9702,50,2,53007
38868,9703,83,3,57341
38869,9703,35,1,27106
38870,9703,6,2,23328
38871,9703,42,5,44615
38872,9704,27,5,85161
38873,9704,34,1,71809
38874,9704,10,2,15030
38875,9704,75,5,31489
38876,9704,9,1,24385
38877,9705,57,4,87341
38878,9705,23,2,13902
38879,9705,49,1,86790
38880,9705,99,3,64203
38881,9706,18,3,49881
38882,9706,81,5,69446
38883,9706,62,4,39951
38884,9707,13,5,60825
38885,9707,79,1,37051
38886,9707,29,2,27367
38887,9707,69,1,66333
38888,9707,93,3,25266
38889,9708,92,4,43974
38890,9708,12,2,31257
38891,9708,98,1,88669
38892,9708,80,3,14416
38893,9709,92,3,43974
38894,9709,88,1,82751
38895,9709,17,2,32785
38896,9710,36,3,50269
38897,9710,20,1,13940
38898,9710,91,3,87573
38899,9711,14,2,61112
38900,9711,37,3,31314
38901,9711,79,5,37051
38902,9712,34,3,71809
38903,9712,13,4,60825
38904,9712,78,3,21761
38905,9712,95,3,10177
38906,9712,88,2,82751
38907,9713,18,4,49881
38908,9713,32,5,82134
38909,9713,30,2,22486
38910,9713,26,5,47395
38911,9713,57,1,87341
38912,9714,85,5,49747
38913,9714,82,2,40303
38914,9714,69,2,66333
38915,9715,2,1,16956
38916,9715,12,2,31257
38917,9715,17,3,32785
38918,9716,94,2,54643
38919,9716,34,1,71809
38920,9716,84,5,78759
38921,9716,62,5,39951
38922,9716,12,4,31257
38923,9717,13,3,60825
38924,9717,15,2,59265
38925,9717,77,5,62543
38926,9717,90,3,99988
38927,9717,44,1,55170
38928,9718,25,1,95530
38929,9718,61,4,83461
38930,9718,68,4,92995
38931,9719,83,1,57341
38932,9719,19,5,24844
38933,9719,77,4,62543
38934,9719,72,1,53594
38935,9720,66,1,21309
38936,9720,49,3,86790
38937,9720,77,5,62543
38938,9720,24,5,96972
38939,9721,39,1,30610
38940,9721,49,3,86790
38941,9721,58,2,66996
38942,9722,72,1,53594
38943,9722,60,3,91851
38944,9722,73,5,58762
38945,9722,66,1,21309
38946,9722,47,3,38951
38947,9723,17,1,32785
38948,9723,26,2,47395
38949,9723,30,4,22486
38950,9723,48,2,56186
38951,9723,60,3,91851
38952,9724,2,1,16956
38953,9724,57,5,87341
38954,9724,14,4,61112
38955,9725,44,1,55170
38956,9725,94,4,54643
38957,9725,2,1,16956
38958,9726,59,5,68303
38959,9726,40,5,63117
38960,9726,3,1,92869
38961,9727,19,5,24844
38962,9727,69,5,66333
38963,9727,62,4,39951
38964,9727,24,1,96972
38965,9728,39,2,30610
38966,9728,19,1,24844
38967,9728,72,1,53594
38968,9728,50,4,53007
38969,9728,5,1,35124
38970,9729,39,1,30610
38971,9729,27,2,85161
38972,9729,75,4,31489
38973,9730,44,5,55170
38974,9730,3,5,92869
38975,9730,8,4,71394
38976,9730,82,2,40303
38977,9730,75,4,31489
38978,9731,25,5,95530
38979,9731,76,3,95956
38980,9731,83,1,57341
38981,9731,34,3,71809
38982,9731,69,4,66333
38983,9732,64,4,18863
38984,9732,2,1,16956
38985,9732,18,3,49881
38986,9733,86,3,33028
38987,9733,51,1,22310
38988,9733,77,1,62543
38989,9733,17,5,32785
38990,9733,16,3,21730
38991,9734,7,1,51167
38992,9734,32,3,82134
38993,9734,43,3,37544
38994,9735,64,5,18863
38995,9735,76,4,95956
38996,9735,99,3,64203
38997,9735,73,5,58762
38998,9735,43,5,37544
38999,9736,9,4,24385
39000,9736,92,1,43974
39001,9736,84,4,78759
39002,9736,3,3,92869
39003,9737,68,3,92995
39004,9737,100,3,55240
39005,9737,74,5,60296
39006,9738,38,3,89599
39007,9738,90,2,99988
39008,9738,47,3,38951
39009,9738,19,1,24844
39010,9738,68,5,92995
39011,9739,1,4,77345
39012,9739,90,2,99988
39013,9739,96,1,93706
39014,9739,85,3,49747
39015,9740,100,5,55240
39016,9740,65,2,95196
39017,9740,71,2,62771
39018,9741,88,5,82751
39019,9741,85,5,49747
39020,9741,75,4,31489
39021,9741,81,4,69446
39022,9742,58,1,66996
39023,9742,2,4,16956
39024,9742,12,3,31257
39025,9742,33,4,67163
39026,9742,69,5,66333
39027,9743,99,2,64203
39028,9743,51,5,22310
39029,9743,14,4,61112
39030,9743,29,5,27367
39031,9743,39,5,30610
39032,9744,29,5,27367
39033,9744,21,3,33591
39034,9744,49,1,86790
39035,9744,99,2,64203
39036,9744,10,4,15030
39037,9745,70,5,16773
39038,9745,16,2,21730
39039,9745,22,1,20870
39040,9746,61,4,83461
39041,9746,38,1,89599
39042,9746,1,4,77345
39043,9746,57,1,87341
39044,9746,99,2,64203
39045,9747,63,1,59829
39046,9747,41,2,16916
39047,9747,83,5,57341
39048,9747,14,5,61112
39049,9748,93,5,25266
39050,9748,33,5,67163
39051,9748,86,5,33028
39052,9748,50,2,53007
39053,9749,41,2,16916
39054,9749,2,1,16956
39055,9749,55,2,50282
39056,9749,97,2,24578
39057,9750,44,5,55170
39058,9750,58,2,66996
39059,9750,67,3,71990
39060,9751,7,1,51167
39061,9751,39,4,30610
39062,9751,36,3,50269
39063,9751,15,3,59265
39064,9751,20,4,13940
39065,9752,54,3,55716
39066,9752,97,1,24578
39067,9752,28,5,53426
39068,9752,9,5,24385
39069,9752,65,4,95196
39070,9753,83,1,57341
39071,9753,94,2,54643
39072,9753,70,1,16773
39073,9754,8,1,71394
39074,9754,71,4,62771
39075,9754,18,5,49881
39076,9754,33,1,67163
39077,9755,84,1,78759
39078,9755,3,3,92869
39079,9755,87,1,47322
39080,9756,29,4,27367
39081,9756,92,4,43974
39082,9756,83,2,57341
39083,9756,16,4,21730
39084,9757,90,5,99988
39085,9757,47,3,38951
39086,9757,23,3,13902
39087,9758,80,5,14416
39088,9758,3,5,92869
39089,9758,38,4,89599
39090,9759,96,2,93706
39091,9759,79,4,37051
39092,9759,45,1,89685
39093,9759,87,2,47322
39094,9760,99,2,64203
39095,9760,78,5,21761
39096,9760,60,3,91851
39097,9760,79,3,37051
39098,9760,13,5,60825
39099,9761,8,5,71394
39100,9761,73,4,58762
39101,9761,52,1,47423
39102,9761,22,3,20870
39103,9762,74,5,60296
39104,9762,56,1,13545
39105,9762,92,5,43974
39106,9763,20,1,13940
39107,9763,24,1,96972
39108,9763,38,3,89599
39109,9764,79,2,37051
39110,9764,75,3,31489
39111,9764,80,4,14416
39112,9764,34,3,71809
39113,9764,99,4,64203
39114,9765,75,2,31489
39115,9765,97,2,24578
39116,9765,56,1,13545
39117,9765,84,5,78759
39118,9766,96,1,93706
39119,9766,92,5,43974
39120,9766,100,4,55240
39121,9767,29,4,27367
39122,9767,38,5,89599
39123,9767,8,1,71394
39124,9767,82,1,40303
39125,9768,85,2,49747
39126,9768,76,1,95956
39127,9768,38,1,89599
39128,9768,19,4,24844
39129,9769,3,3,92869
39130,9769,99,5,64203
39131,9769,26,5,47395
39132,9769,48,3,56186
39133,9769,41,5,16916
39134,9770,92,5,43974
39135,9770,41,1,16916
39136,9770,88,3,82751
39137,9770,13,2,60825
39138,9771,44,5,55170
39139,9771,52,1,47423
39140,9771,51,5,22310
39141,9771,67,3,71990
39142,9771,73,4,58762
39143,9772,59,5,68303
39144,9772,99,2,64203
39145,9772,44,5,55170
39146,9772,27,5,85161
39147,9772,6,4,23328
39148,9773,39,5,30610
39149,9773,13,3,60825
39150,9773,84,5,78759
39151,9773,29,1,27367
39152,9774,46,4,39246
39153,9774,19,3,24844
39154,9774,90,2,99988
39155,9775,86,2,33028
39156,9775,44,3,55170
39157,9775,13,2,60825
39158,9775,42,5,44615
39159,9776,72,1,53594
39160,9776,38,5,89599
39161,9776,2,5,16956
39162,9777,2,5,16956
39163,9777,87,2,47322
39164,9777,63,5,59829
39165,9777,44,3,55170
39166,9778,12,3,31257
39167,9778,54,2,55716
39168,9778,97,3,24578
39169,9778,40,4,63117
39170,9779,68,1,92995
39171,9779,89,5,99643
39172,9779,75,2,31489
39173,9779,24,1,96972
39174,9780,52,4,47423
39175,9780,56,1,13545
39176,9780,45,3,89685
39177,9781,98,1,88669
39178,9781,63,2,59829
39179,9781,97,2,24578
39180,9782,44,5,55170
39181,9782,64,5,18863
39182,9782,87,3,47322
39183,9782,100,1,55240
39184,9782,46,3,39246
39185,9783,29,2,27367
39186,9783,88,1,82751
39187,9783,1,4,77345
39188,9783,62,1,39951
39189,9783,76,4,95956
39190,9784,31,5,25080
39191,9784,96,5,93706
39192,9784,62,1,39951
39193,9784,36,4,50269
39194,9784,63,1,59829
39195,9785,49,1,86790
39196,9785,95,2,10177
39197,9785,32,4,82134
39198,9785,22,4,20870
39199,9785,17,2,32785
39200,9786,49,2,86790
39201,9786,4,1,72183
39202,9786,13,4,60825
39203,9786,17,1,32785
39204,9786,19,2,24844
39205,9787,42,3,44615
39206,9787,59,2,68303
39207,9787,70,5,16773
39208,9788,82,2,40303
39209,9788,39,5,30610
39210,9788,59,5,68303
39211,9788,62,3,39951
39212,9789,45,3,89685
39213,9789,93,4,25266
39214,9789,67,3,71990
39215,9789,25,3,95530
39216,9790,4,5,72183
39217,9790,99,3,64203
39218,9790,65,4,95196
39219,9791,68,2,92995
39220,9791,83,2,57341
39221,9791,77,4,62543
39222,9791,80,5,14416
39223,9791,32,4,82134
39224,9792,41,3,16916
39225,9792,58,3,66996
39226,9792,27,5,85161
39227,9792,98,5,88669
39228,9793,48,2,56186
39229,9793,92,2,43974
39230,9793,71,2,62771
39231,9794,44,2,55170
39232,9794,72,1,53594
39233,9794,64,1,18863
39234,9794,42,4,44615
39235,9794,2,1,16956
39236,9795,82,4,40303
39237,9795,29,5,27367
39238,9795,41,5,16916
39239,9795,70,2,16773
39240,9796,2,4,16956
39241,9796,21,5,33591
39242,9796,83,1,57341
39243,9797,88,5,82751
39244,9797,11,4,42580
39245,9797,54,3,55716
39246,9797,71,3,62771
39247,9798,69,1,66333
39248,9798,98,1,88669
39249,9798,25,2,95530
39250,9798,56,5,13545
39251,9799,55,3,50282
39252,9799,42,2,44615
39253,9799,64,2,18863
39254,9799,77,5,62543
39255,9800,4,1,72183
39256,9800,8,1,71394
39257,9800,36,1,50269
39258,9800,78,1,21761
39259,9800,12,1,31257
39260,9801,82,1,40303
39261,9801,57,1,87341
39262,9801,12,5,31257
39263,9801,33,2,67163
39264,9802,55,1,50282
39265,9802,51,5,22310
39266,9802,42,1,44615
39267,9802,2,2,16956
39268,9802,22,4,20870
39269,9803,90,2,99988
39270,9803,1,3,77345
39271,9803,70,2,16773
39272,9804,51,5,22310
39273,9804,33,4,67163
39274,9804,8,1,71394
39275,9804,100,5,55240
39276,9805,38,1,89599
39277,9805,54,1,55716
39278,9805,86,4,33028
39279,9805,69,3,66333
39280,9805,25,4,95530
39281,9806,2,4,16956
39282,9806,39,2,30610
39283,9806,31,5,25080
39284,9807,52,3,47423
39285,9807,96,5,93706
39286,9807,68,1,92995
39287,9807,21,3,33591
39288,9808,49,4,86790
39289,9808,1,4,77345
39290,9808,57,2,87341
39291,9809,33,4,67163
39292,9809,84,5,78759
39293,9809,74,3,60296
39294,9809,98,5,88669
39295,9809,97,2,24578
39296,9810,95,1,10177
39297,9810,12,3,31257
39298,9810,10,1,15030
39299,9810,79,1,37051
39300,9811,90,5,99988
39301,9811,32,3,82134
39302,9811,14,5,61112
39303,9811,67,2,71990
39304,9811,50,1,53007
39305,9812,33,2,67163
39306,9812,11,1,42580
39307,9812,79,3,37051
39308,9812,76,3,95956
39309,9813,63,2,59829
39310,9813,44,1,55170
39311,9813,2,3,16956
39312,9813,65,3,95196
39313,9814,66,4,21309
39314,9814,73,4,58762
39315,9814,20,5,13940
39316,9814,97,2,24578
39317,9815,45,4,89685
39318,9815,28,1,53426
39319,9815,40,1,63117
39320,9816,1,3,77345
39321,9816,99,2,64203
39322,9816,10,2,15030
39323,9816,74,1,60296
39324,9817,24,4,96972
39325,9817,32,1,82134
39326,9817,53,3,58950
39327,9817,16,3,21730
39328,9818,7,4,51167
39329,9818,79,1,37051
39330,9818,72,5,53594
39331,9819,34,2,71809
39332,9819,44,4,55170
39333,9819,39,1,30610
39334,9819,65,1,95196
39335,9820,26,5,47395
39336,9820,94,1,54643
39337,9820,96,1,93706
39338,9821,92,2,43974
39339,9821,60,2,91851
39340,9821,62,3,39951
39341,9821,95,2,10177
39342,9821,86,4,33028
39343,9822,21,3,33591
39344,9822,72,1,53594
39345,9822,12,2,31257
39346,9822,48,3,56186
39347,9822,85,5,49747
39348,9823,26,4,47395
39349,9823,53,4,58950
39350,9823,99,1,64203
39351,9823,6,2,23328
39352,9824,30,1,22486
39353,9824,48,4,56186
39354,9824,89,4,99643
39355,9825,70,2,16773
39356,9825,8,4,71394
39357,9825,74,4,60296
39358,9825,11,3,42580
39359,9825,91,5,87573
39360,9826,100,1,55240
39361,9826,65,5,95196
39362,9826,24,5,96972
39363,9827,5,1,35124
39364,9827,67,5,71990
39365,9827,46,3,39246
39366,9827,92,1,43974
39367,9827,14,3,61112
39368,9828,61,5,83461
39369,9828,80,5,14416
39370,9828,57,5,87341
39371,9829,21,1,33591
39372,9829,45,3,89685
39373,9829,10,1,15030
39374,9829,8,5,71394
39375,9830,55,4,50282
39376,9830,2,3,16956
39377,9830,37,5,31314
39378,9831,6,2,23328
39379,9831,79,1,37051
39380,9831,47,3,38951
39381,9831,82,4,40303
39382,9831,98,5,88669
39383,9832,94,3,54643
39384,9832,10,1,15030
39385,9832,62,2,39951
39386,9832,7,3,51167
39387,9832,11,2,42580
39388,9833,59,4,68303
39389,9833,19,5,24844
39390,9833,27,4,85161
39391,9834,28,4,53426
39392,9834,59,3,68303
39393,9834,18,5,49881
39394,9834,75,3,31489
39395,9835,6,5,23328
39396,9835,75,4,31489
39397,9835,14,5,61112
39398,9835,26,3,47395
39399,9836,90,4,99988
39400,9836,34,2,71809
39401,9836,72,1,53594
39402,9837,99,1,64203
39403,9837,22,2,20870
39404,9837,28,2,53426
39405,9837,74,4,60296
39406,9837,3,3,92869
39407,9838,42,2,44615
39408,9838,98,1,88669
39409,9838,64,4,18863
39410,9838,26,2,47395
39411,9839,13,1,60825
39412,9839,15,5,59265
39413,9839,99,2,64203
39414,9839,97,4,24578
39415,9839,28,3,53426
39416,9840,89,4,99643
39417,9840,20,4,13940
39418,9840,69,5,66333
39419,9840,28,1,53426
39420,9840,14,3,61112
39421,9841,23,4,13902
39422,9841,4,5,72183
39423,9841,99,5,64203
39424,9841,9,2,24385
39425,9842,88,5,82751
39426,9842,75,4,31489
39427,9842,81,1,69446
39428,9842,43,1,37544
39429,9843,16,4,21730
39430,9843,18,3,49881
39431,9843,99,5,64203
39432,9844,53,1,58950
39433,9844,46,1,39246
39434,9844,15,4,59265
39435,9844,48,2,56186
39436,9844,36,2,50269
39437,9845,17,3,32785
39438,9845,47,3,38951
39439,9845,90,2,99988
39440,9845,32,2,82134
39441,9845,18,2,49881
39442,9846,45,4,89685
39443,9846,44,3,55170
39444,9846,46,3,39246
39445,9846,15,2,59265
39446,9846,19,1,24844
39447,9847,18,1,49881
39448,9847,34,1,71809
39449,9847,70,3,16773
39450,9847,32,3,82134
39451,9847,100,3,55240
39452,9848,66,5,21309
39453,9848,52,1,47423
39454,9848,51,4,22310
39455,9848,39,1,30610
39456,9848,41,3,16916
39457,9849,59,5,68303
39458,9849,27,3,85161
39459,9849,65,5,95196
39460,9850,15,3,59265
39461,9850,75,1,31489
39462,9850,11,2,42580
39463,9850,32,4,82134
39464,9851,53,2,58950
39465,9851,1,3,77345
39466,9851,73,1,58762
39467,9852,5,1,35124
39468,9852,72,4,53594
39469,9852,28,2,53426
39470,9852,100,2,55240
39471,9853,37,3,31314
39472,9853,51,5,22310
39473,9853,64,5,18863
39474,9853,81,5,69446
39475,9854,65,5,95196
39476,9854,70,4,16773
39477,9854,71,4,62771
39478,9854,36,2,50269
39479,9854,88,5,82751
39480,9855,90,5,99988
39481,9855,74,5,60296
39482,9855,13,2,60825
39483,9855,6,1,23328
39484,9855,27,3,85161
39485,9856,72,4,53594
39486,9856,71,2,62771
39487,9856,45,4,89685
39488,9856,39,1,30610
39489,9856,27,1,85161
39490,9857,89,2,99643
39491,9857,72,3,53594
39492,9857,85,4,49747
39493,9857,35,3,27106
39494,9857,44,5,55170
39495,9858,15,4,59265
39496,9858,66,4,21309
39497,9858,9,4,24385
39498,9858,16,3,21730
39499,9858,92,4,43974
39500,9859,95,5,10177
39501,9859,4,5,72183
39502,9859,36,5,50269
39503,9859,81,3,69446
39504,9860,75,4,31489
39505,9860,76,3,95956
39506,9860,93,5,25266
39507,9860,84,3,78759
39508,9861,51,1,22310
39509,9861,41,4,16916
39510,9861,64,1,18863
39511,9861,87,5,47322
39512,9862,87,5,47322
39513,9862,97,3,24578
39514,9862,4,4,72183
39515,9863,73,5,58762
39516,9863,34,4,71809
39517,9863,77,5,62543
39518,9863,66,1,21309
39519,9863,81,4,69446
39520,9864,51,2,22310
39521,9864,34,3,71809
39522,9864,89,5,99643
39523,9864,54,2,55716
39524,9865,90,2,99988
39525,9865,85,1,49747
39526,9865,41,4,16916
39527,9865,6,5,23328
39528,9866,88,1,82751
39529,9866,9,5,24385
39530,9866,27,3,85161
39531,9866,30,5,22486
39532,9866,35,4,27106
39533,9867,48,3,56186
39534,9867,79,1,37051
39535,9867,9,3,24385
39536,9868,66,1,21309
39537,9868,54,5,55716
39538,9868,20,1,13940
39539,9869,71,4,62771
39540,9869,2,3,16956
39541,9869,6,5,23328
39542,9869,1,2,77345
39543,9870,45,1,89685
39544,9870,97,4,24578
39545,9870,54,4,55716
39546,9870,70,4,16773
39547,9871,56,5,13545
39548,9871,14,5,61112
39549,9871,63,1,59829
39550,9872,78,2,21761
39551,9872,10,5,15030
39552,9872,12,3,31257
39553,9873,65,1,95196
39554,9873,73,5,58762
39555,9873,14,4,61112
39556,9874,93,3,25266
39557,9874,39,2,30610
39558,9874,72,5,53594
39559,9875,20,3,13940
39560,9875,66,3,21309
39561,9875,75,5,31489
39562,9876,14,2,61112
39563,9876,90,1,99988
39564,9876,52,1,47423
39565,9876,44,5,55170
39566,9876,32,5,82134
39567,9877,25,4,95530
39568,9877,100,3,55240
39569,9877,79,5,37051
39570,9877,50,2,53007
39571,9877,87,4,47322
39572,9878,24,5,96972
39573,9878,22,5,20870
39574,9878,69,5,66333
39575,9878,26,2,47395
39576,9878,56,1,13545
39577,9879,17,2,32785
39578,9879,62,1,39951
39579,9879,70,1,16773
39580,9879,73,2,58762
39581,9880,97,5,24578
39582,9880,74,4,60296
39583,9880,6,3,23328
39584,9881,8,2,71394
39585,9881,46,1,39246
39586,9881,74,2,60296
39587,9881,51,4,22310
39588,9881,68,3,92995
39589,9882,54,2,55716
39590,9882,21,3,33591
39591,9882,9,3,24385
39592,9883,5,5,35124
39593,9883,50,3,53007
39594,9883,65,4,95196
39595,9884,67,4,71990
39596,9884,39,4,30610
39597,9884,88,5,82751
39598,9885,59,1,68303
39599,9885,4,1,72183
39600,9885,51,2,22310
39601,9885,42,5,44615
39602,9886,25,4,95530
39603,9886,17,4,32785
39604,9886,99,4,64203
39605,9886,33,3,67163
39606,9886,44,5,55170
39607,9887,77,3,62543
39608,9887,7,1,51167
39609,9887,13,5,60825
39610,9887,33,5,67163
39611,9888,43,3,37544
39612,9888,78,2,21761
39613,9888,87,2,47322
39614,9889,29,5,27367
39615,9889,70,2,16773
39616,9889,24,5,96972
39617,9890,43,2,37544
39618,9890,9,1,24385
39619,9890,31,2,25080
39620,9890,21,2,33591
39621,9890,93,1,25266
39622,9891,57,1,87341
39623,9891,60,3,91851
39624,9891,46,1,39246
39625,9891,13,4,60825
39626,9892,97,2,24578
39627,9892,87,2,47322
39628,9892,46,4,39246
39629,9892,94,2,54643
39630,9893,48,1,56186
39631,9893,72,2,53594
39632,9893,27,4,85161
39633,9893,84,5,78759
39634,9894,12,1,31257
39635,9894,94,5,54643
39636,9894,18,1,49881
39637,9894,65,1,95196
39638,9894,83,2,57341
39639,9895,32,1,82134
39640,9895,6,3,23328
39641,9895,12,3,31257
39642,9895,4,2,72183
39643,9896,99,2,64203
39644,9896,38,3,89599
39645,9896,9,4,24385
39646,9896,29,4,27367
39647,9896,17,3,32785
39648,9897,90,5,99988
39649,9897,53,5,58950
39650,9897,25,5,95530
39651,9897,38,4,89599
39652,9898,44,3,55170
39653,9898,7,1,51167
39654,9898,4,3,72183
39655,9898,100,5,55240
39656,9899,36,2,50269
39657,9899,20,5,13940
39658,9899,35,4,27106
39659,9899,4,5,72183
39660,9900,22,4,20870
39661,9900,81,3,69446
39662,9900,16,4,21730
39663,9901,28,5,53426
39664,9901,76,2,95956
39665,9901,95,1,10177
39666,9902,9,2,24385
39667,9902,51,3,22310
39668,9902,79,5,37051
39669,9902,26,1,47395
39670,9902,71,2,62771
39671,9903,82,4,40303
39672,9903,59,3,68303
39673,9903,61,1,83461
39674,9903,33,3,67163
39675,9904,15,5,59265
39676,9904,90,3,99988
39677,9904,54,3,55716
39678,9904,44,2,55170
39679,9905,61,5,83461
39680,9905,54,4,55716
39681,9905,79,1,37051
39682,9905,16,2,21730
39683,9906,34,2,71809
39684,9906,87,5,47322
39685,9906,93,2,25266
39686,9906,95,3,10177
39687,9906,96,3,93706
39688,9907,65,5,95196
39689,9907,70,1,16773
39690,9907,60,1,91851
39691,9908,49,4,86790
39692,9908,13,1,60825
39693,9908,61,5,83461
39694,9908,44,2,55170
39695,9909,22,3,20870
39696,9909,48,5,56186
39697,9909,9,4,24385
39698,9910,47,5,38951
39699,9910,36,4,50269
39700,9910,3,3,92869
39701,9910,23,3,13902
39702,9911,96,1,93706
39703,9911,95,4,10177
39704,9911,58,3,66996
39705,9912,89,4,99643
39706,9912,21,5,33591
39707,9912,25,1,95530
39708,9913,41,2,16916
39709,9913,72,3,53594
39710,9913,7,2,51167
39711,9914,60,4,91851
39712,9914,41,2,16916
39713,9914,30,1,22486
39714,9915,86,4,33028
39715,9915,17,4,32785
39716,9915,29,1,27367
39717,9915,26,5,47395
39718,9915,87,3,47322
39719,9916,63,1,59829
39720,9916,17,2,32785
39721,9916,8,1,71394
39722,9917,88,1,82751
39723,9917,22,1,20870
39724,9917,37,2,31314
39725,9918,37,1,31314
39726,9918,64,3,18863
39727,9918,95,4,10177
39728,9918,79,3,37051
39729,9919,44,1,55170
39730,9919,50,5,53007
39731,9919,70,1,16773
39732,9919,12,4,31257
39733,9920,7,2,51167
39734,9920,42,3,44615
39735,9920,30,1,22486
39736,9920,56,1,13545
39737,9921,15,3,59265
39738,9921,54,1,55716
39739,9921,66,5,21309
39740,9921,90,4,99988
39741,9921,10,2,15030
39742,9922,74,5,60296
39743,9922,76,4,95956
39744,9922,41,2,16916
39745,9923,70,1,16773
39746,9923,38,3,89599
39747,9923,45,5,89685
39748,9923,43,3,37544
39749,9924,49,2,86790
39750,9924,60,4,91851
39751,9924,78,4,21761
39752,9924,43,5,37544
39753,9924,41,4,16916
39754,9925,15,1,59265
39755,9925,53,5,58950
39756,9925,6,3,23328
39757,9926,1,2,77345
39758,9926,77,3,62543
39759,9926,17,1,32785
39760,9926,67,5,71990
39761,9927,44,5,55170
39762,9927,79,5,37051
39763,9927,7,2,51167
39764,9927,67,3,71990
39765,9928,66,2,21309
39766,9928,25,3,95530
39767,9928,100,4,55240
39768,9928,38,2,89599
39769,9928,76,5,95956
39770,9929,3,1,92869
39771,9929,15,2,59265
39772,9929,30,2,22486
39773,9930,91,1,87573
39774,9930,5,4,35124
39775,9930,24,5,96972
39776,9931,88,2,82751
39777,9931,100,3,55240
39778,9931,66,3,21309
39779,9931,36,3,50269
39780,9931,15,5,59265
39781,9932,71,3,62771
39782,9932,26,2,47395
39783,9932,36,2,50269
39784,9932,56,2,13545
39785,9932,15,2,59265
39786,9933,80,4,14416
39787,9933,43,2,37544
39788,9933,27,5,85161
39789,9934,38,1,89599
39790,9934,89,5,99643
39791,9934,77,3,62543
39792,9935,23,4,13902
39793,9935,90,2,99988
39794,9935,33,5,67163
39795,9935,31,3,25080
39796,9936,91,2,87573
39797,9936,64,4,18863
39798,9936,80,2,14416
39799,9936,38,5,89599
39800,9936,84,1,78759
39801,9937,76,2,95956
39802,9937,100,1,55240
39803,9937,34,2,71809
39804,9937,32,5,82134
39805,9937,19,2,24844
39806,9938,76,4,95956
39807,9938,21,5,33591
39808,9938,86,1,33028
39809,9938,11,4,42580
39810,9939,57,2,87341
39811,9939,7,2,51167
39812,9939,80,1,14416
39813,9940,6,3,23328
39814,9940,74,1,60296
39815,9940,57,3,87341
39816,9941,13,3,60825
39817,9941,1,1,77345
39818,9941,71,5,62771
39819,9942,27,3,85161
39820,9942,98,1,88669
39821,9942,85,4,49747
39822,9943,35,5,27106
39823,9943,26,3,47395
39824,9943,10,4,15030
39825,9943,11,3,42580
39826,9944,69,4,66333
39827,9944,31,2,25080
39828,9944,84,3,78759
39829,9944,15,2,59265
39830,9944,59,2,68303
39831,9945,85,4,49747
39832,9945,39,4,30610
39833,9945,40,1,63117
39834,9945,97,1,24578
39835,9946,10,1,15030
39836,9946,4,3,72183
39837,9946,19,3,24844
39838,9947,62,2,39951
39839,9947,85,1,49747
39840,9947,73,3,58762
39841,9948,30,5,22486
39842,9948,60,5,91851
39843,9948,74,1,60296
39844,9948,12,1,31257
39845,9949,49,1,86790
39846,9949,46,1,39246
39847,9949,58,3,66996
39848,9949,69,4,66333
39849,9950,48,4,56186
39850,9950,47,1,38951
39851,9950,2,1,16956
39852,9950,74,3,60296
39853,9951,67,1,71990
39854,9951,10,1,15030
39855,9951,97,5,24578
39856,9952,82,3,40303
39857,9952,66,1,21309
39858,9952,48,5,56186
39859,9953,85,5,49747
39860,9953,43,3,37544
39861,9953,45,1,89685
39862,9953,73,5,58762
39863,9954,74,3,60296
39864,9954,3,5,92869
39865,9954,87,3,47322
39866,9955,73,3,58762
39867,9955,6,3,23328
39868,9955,67,3,71990
39869,9955,97,2,24578
39870,9956,1,1,77345
39871,9956,99,3,64203
39872,9956,21,3,33591
39873,9956,89,1,99643
39874,9957,22,4,20870
39875,9957,17,3,32785
39876,9957,89,2,99643
39877,9958,87,5,47322
39878,9958,4,2,72183
39879,9958,11,3,42580
39880,9958,77,3,62543
39881,9959,10,1,15030
39882,9959,18,4,49881
39883,9959,13,2,60825
39884,9959,65,1,95196
39885,9959,34,5,71809
39886,9960,36,3,50269
39887,9960,71,5,62771
39888,9960,69,4,66333
39889,9961,24,5,96972
39890,9961,92,5,43974
39891,9961,29,2,27367
39892,9961,32,1,82134
39893,9962,28,3,53426
39894,9962,80,2,14416
39895,9962,54,1,55716
39896,9963,78,3,21761
39897,9963,40,2,63117
39898,9963,32,2,82134
39899,9963,12,2,31257
39900,9964,95,2,10177
39901,9964,19,5,24844
39902,9964,8,5,71394
39903,9964,32,4,82134
39904,9965,42,3,44615
39905,9965,28,3,53426
39906,9965,98,3,88669
39907,9966,66,1,21309
39908,9966,65,2,95196
39909,9966,91,1,87573
39910,9966,96,4,93706
39911,9966,47,5,38951
39912,9967,79,1,37051
39913,9967,51,3,22310
39914,9967,94,4,54643
39915,9967,97,2,24578
39916,9967,45,3,89685
39917,9968,11,1,42580
39918,9968,24,3,96972
39919,9968,28,4,53426
39920,9969,58,1,66996
39921,9969,69,4,66333
39922,9969,18,1,49881
39923,9969,76,5,95956
39924,9969,2,2,16956
39925,9970,96,4,93706
39926,9970,72,5,53594
39927,9970,42,1,44615
39928,9971,75,1,31489
39929,9971,88,2,82751
39930,9971,10,4,15030
39931,9971,27,5,85161
39932,9971,91,1,87573
39933,9972,50,1,53007
39934,9972,96,1,93706
39935,9972,81,4,69446
39936,9972,7,5,51167
39937,9972,9,3,24385
39938,9973,88,5,82751
39939,9973,43,1,37544
39940,9973,48,5,56186
39941,9973,6,1,23328
39942,9974,57,1,87341
39943,9974,44,3,55170
39944,9974,93,4,25266
39945,9974,40,2,63117
39946,9975,50,4,53007
39947,9975,97,3,24578
39948,9975,46,2,39246
39949,9975,66,4,21309
39950,9976,70,4,16773
39951,9976,15,1,59265
39952,9976,77,4,62543
39953,9976,83,3,57341
39954,9977,82,2,40303
39955,9977,37,4,31314
39956,9977,84,4,78759
39957,9977,86,5,33028
39958,9978,21,5,33591
39959,9978,56,3,13545
39960,9978,15,3,59265
39961,9978,40,4,63117
39962,9979,72,5,53594
39963,9979,85,1,49747
39964,9979,38,3,89599
39965,9979,32,4,82134
39966,9979,6,5,23328
39967,9980,92,2,43974
39968,9980,41,1,16916
39969,9980,73,1,58762
39970,9981,1,5,77345
39971,9981,97,1,24578
39972,9981,94,1,54643
39973,9981,76,4,95956
39974,9982,37,3,31314
39975,9982,7,5,51167
39976,9982,43,4,37544
39977,9983,1,4,77345
39978,9983,95,4,10177
39979,9983,15,2,59265
39980,9983,48,3,56186
39981,9983,39,1,30610
39982,9984,13,3,60825
39983,9984,53,4,58950
39984,9984,46,4,39246
39985,9984,12,2,31257
39986,9985,33,5,67163
39987,9985,14,3,61112
39988,9985,74,2,60296
39989,9986,13,1,60825
39990,9986,67,5,71990
39991,9986,47,2,38951
39992,9986,60,5,91851
39993,9987,55,3,50282
39994,9987,58,1,66996
39995,9987,89,3,99643
39996,9988,38,1,89599
39997,9988,9,2,24385
39998,9988,92,5,43974
39999,9988,72,5,53594
40000,9989,72,5,53594
40001,9989,22,2,20870
40002,9989,10,3,15030
40003,9989,35,1,27106
40004,9990,12,3,31257
40005,9990,84,2,78759
40006,9990,91,5,87573
40007,9991,28,5,53426
40008,9991,78,3,21761
40009,9991,71,4,62771
40010,9991,48,2,56186
40011,9991,17,3,32785
40012,9992,68,2,92995
40013,9992,79,1,37051
40014,9992,15,5,59265
40015,9992,52,1,47423
40016,9993,46,4,39246
40017,9993,16,1,21730
40018,9993,41,1,16916
40019,9993,60,5,91851
40020,9994,41,3,16916
40021,9994,53,4,58950
40022,9994,79,5,37051
40023,9995,88,1,82751
40024,9995,18,3,49881
40025,9995,65,5,95196
40026,9995,37,1,31314
40027,9996,11,1,42580
40028,9996,59,1,68303
40029,9996,85,5,49747
40030,9996,32,4,82134
40031,9996,9,4,24385
40032,9997,19,4,24844
40033,9997,41,1,16916
40034,9997,99,5,64203
40035,9997,76,1,95956
40036,9997,39,2,30610
40037,9998,48,3,56186
40038,9998,44,4,55170
40039,9998,74,1,60296
40040,9998,64,1,18863
40041,9998,12,4,31257
40042,9999,70,3,16773
40043,9999,66,5,21309
40044,9999,76,4,95956
40045,9999,25,2,95530
40046,9999,98,5,88669
40047,10000,63,3,59829
40048,10000,87,4,47322
40049,10000,69,4,66333
40050,10000,2,4,16956
40051,10000,10,4,15030
