OrderID,CustomerID,OrderDate,TotalAmount
1,753,2025-08-06,130824
2,984,2025-06-06,383642
3,358,2025-01-23,494718
4,45,2025-01-03,706488
5,685,2025-06-12,593356
6,889,2025-05-29,527927
7,371,2025-10-01,172120
8,2,2025-04-29,366227
9,457,2025-03-01,450723
10,976,2025-03-26,403978
11,7,2025-12-26,885154
12,289,2025-11-14,766777
13,924,2025-09-13,522739
14,507,2025-12-03,410821
15,511,2025-04-04,411065
16,165,2025-09-27,642615
17,678,2025-06-13,312757
18,964,2025-01-25,595258
19,231,2025-03-27,500626
20,514,2025-05-08,528395
21,91,2025-07-02,731812
22,294,2025-07-15,808424
23,828,2025-01-07,235590
24,894,2025-06-29,787928
25,695,2025-08-10,548710
26,884,2025-06-10,1086325
27,250,2025-08-27,525959
28,680,2025-03-31,432419
29,561,2025-10-25,470132
30,145,2025-05-05,432246
31,732,2025-01-18,624554
32,301,2025-12-15,1378438
33,716,2025-01-05,386343
34,721,2025-03-20,576151
35,510,2025-04-13,373861
36,793,2025-04-14,1062109
37,262,2025-11-26,513931
38,625,2025-11-23,694829
39,4,2025-10-22,441366
40,346,2025-03-20,668824
41,997,2025-01-14,682644
42,882,2025-02-06,541184
43,849,2025-03-31,490116
44,72,2025-03-23,407204
45,230,2025-11-21,962966
46,553,2025-11-09,536667
47,15,2025-11-27,909383
48,274,2025-03-29,1303609
49,545,2025-05-22,681675
50,98,2025-12-26,383430
51,275,2025-05-31,632213
52,562,2025-04-02,797017
53,495,2025-03-31,412472
54,213,2025-10-18,885016
55,135,2025-05-24,443195
56,284,2025-05-24,223529
57,611,2025-04-08,417180
58,160,2025-11-21,452358
59,398,2025-04-25,380587
60,474,2025-06-24,509890
61,12,2025-06-20,1099810
62,902,2025-08-01,336233
63,948,2025-01-28,902061
64,799,2025-11-03,602025
65,403,2025-03-13,971777
66,629,2025-08-26,624059
67,335,2025-07-09,419851
68,469,2025-11-23,517781
69,445,2025-08-28,775194
70,947,2025-03-17,331146
71,480,2025-07-07,189324
72,805,2025-05-29,377031
73,859,2025-02-17,716800
74,154,2025-06-15,996787
75,929,2025-01-31,517745
76,512,2025-06-21,695993
77,575,2025-08-21,494718
78,49,2025-01-12,430966
79,500,2025-10-01,528924
80,591,2025-09-21,1043224
81,61,2025-07-12,801507
82,104,2025-07-14,726766
83,910,2025-12-20,234138
84,21,2025-01-08,559647
85,549,2025-03-14,265715
86,426,2025-11-10,1121725
87,281,2025-06-12,536088
88,454,2025-12-28,1009741
89,515,2025-10-18,1308676
90,377,2025-08-20,715603
91,439,2025-06-14,458870
92,651,2025-10-28,307820
93,668,2025-05-11,486894
94,364,2025-05-28,486754
95,130,2025-12-08,192278
96,100,2025-12-21,148299
97,667,2025-05-20,257519
98,233,2025-09-07,519567
99,446,2025-04-08,669460
100,973,2025-08-04,255764
101,842,2025-11-01,290590
102,832,2025-07-22,313244
103,858,2025-12-12,602421
104,127,2025-03-16,645681
105,779,2025-06-07,473172
106,619,2025-09-23,284151
107,803,2025-07-20,480392
108,556,2025-08-02,381856
109,430,2025-10-31,576976
110,283,2025-12-21,1022737
111,286,2025-04-14,674690
112,49,2025-07-26,1193503
113,814,2025-09-19,557482
114,846,2025-11-04,603683
115,97,2025-01-10,535380
116,600,2025-05-21,228470
117,11,2025-08-08,616368
118,729,2025-01-25,328457
119,210,2025-04-24,527293
120,360,2025-09-29,770051
121,956,2025-11-23,1047988
122,252,2025-12-29,454805
123,403,2025-04-21,475043
124,333,2025-12-12,769317
125,647,2025-01-08,213755
126,929,2025-08-16,372085
127,855,2025-06-22,372965
128,125,2025-08-08,331814
129,753,2025-06-30,1119169
130,277,2025-07-13,807399
131,774,2025-08-07,472891
132,520,2025-03-24,577164
133,224,2025-06-25,450735
134,825,2025-02-02,866887
135,252,2025-06-15,238934
136,302,2025-10-10,1140335
137,681,2025-04-26,402284
138,156,2025-11-11,429238
139,406,2025-01-18,254566
140,28,2025-01-12,537038
141,581,2025-07-26,488805
142,73,2025-11-27,418971
143,555,2025-06-29,271438
144,531,2025-01-11,1029724
145,1000,2025-09-06,644379
146,664,2025-12-22,1126585
147,350,2025-09-12,778381
148,962,2025-12-31,668915
149,183,2025-11-23,976798
150,93,2025-07-10,137858
151,562,2025-09-23,706013
152,616,2025-01-24,1185527
153,726,2025-01-08,890630
154,276,2025-01-12,564283
155,163,2025-07-31,264205
156,46,2025-04-20,726218
157,902,2025-12-04,959601
158,471,2025-08-26,477830
159,974,2025-11-06,390634
160,218,2025-01-23,461393
161,654,2025-06-10,350906
162,43,2025-10-29,571536
163,351,2025-03-31,726663
164,610,2025-08-08,344701
165,947,2025-03-26,770077
166,464,2025-10-02,725357
167,853,2025-10-28,425687
168,347,2025-09-12,509044
169,615,2025-07-28,312733
170,506,2025-07-20,227354
171,601,2025-05-22,212239
172,435,2025-03-11,211750
173,153,2025-06-27,688067
174,237,2025-08-19,785620
175,49,2025-10-16,352182
176,321,2025-02-22,460797
177,370,2025-04-24,444251
178,602,2025-08-22,333791
179,931,2025-05-10,171332
180,971,2025-02-18,495842
181,404,2025-02-07,951708
182,862,2025-09-15,746420
183,504,2025-06-28,421502
184,126,2025-04-13,312224
185,242,2025-01-11,1044995
186,244,2025-07-15,914990
187,284,2025-09-25,860970
188,406,2025-05-11,527187
189,127,2025-05-17,669641
190,914,2025-06-17,462912
191,736,2025-12-07,1045949
192,757,2025-05-03,279769
193,935,2025-03-14,1118105
194,598,2025-02-20,665629
195,693,2025-03-17,524127
196,695,2025-08-28,444319
197,286,2025-09-07,903260
198,744,2025-01-30,1053869
199,775,2025-08-10,343970
200,229,2025-11-20,472814
201,171,2025-12-05,535049
202,572,2025-09-23,653845
203,130,2025-09-11,635711
204,147,2025-02-11,1038760
205,515,2025-06-29,162514
206,398,2025-02-21,888705
207,14,2025-10-19,738280
208,961,2025-09-21,654687
209,175,2025-05-02,246853
210,917,2025-06-25,819862
211,261,2025-10-14,249487
212,333,2025-01-19,722826
213,827,2025-09-04,210281
214,487,2025-07-27,465691
215,3,2025-06-21,711851
216,808,2025-04-01,487986
217,541,2025-12-15,964048
218,621,2025-02-10,753961
219,4,2025-05-29,528784
220,479,2025-06-19,752501
221,629,2025-09-07,981935
222,232,2025-01-11,448495
223,596,2025-05-16,907013
224,9,2025-10-10,644436
225,520,2025-08-18,327897
226,963,2025-05-10,906202
227,11,2025-03-16,839315
228,254,2025-02-18,228963
229,150,2025-07-07,681075
230,670,2025-06-27,912518
231,208,2025-04-07,413676
232,784,2025-03-15,221359
233,353,2025-06-02,357812
234,670,2025-04-27,628065
235,259,2025-06-03,537504
236,112,2025-11-27,620137
237,43,2025-05-08,490949
238,714,2025-01-08,595051
239,927,2025-02-26,343569
240,764,2025-03-16,402862
241,248,2025-12-28,530133
242,505,2025-08-10,1035388
243,444,2025-04-11,646101
244,225,2025-09-02,1017479
245,216,2025-08-09,419794
246,219,2025-11-16,918756
247,761,2025-11-21,372775
248,617,2025-02-07,413715
249,485,2025-07-05,446662
250,890,2025-12-24,769677
251,397,2025-06-30,793824
252,667,2025-09-12,406955
253,310,2025-02-28,679143
254,890,2025-02-15,363733
255,420,2025-04-11,200949
256,266,2025-05-22,1212422
257,759,2025-06-12,738577
258,805,2025-11-30,864957
259,56,2025-10-04,532612
260,995,2025-01-25,344444
261,495,2025-06-10,747190
262,770,2025-01-11,868345
263,229,2025-09-09,493150
264,145,2025-06-19,529165
265,402,2025-11-04,724166
266,993,2025-02-18,864081
267,882,2025-04-02,511611
268,912,2025-11-14,977822
269,976,2025-05-06,475193
270,660,2025-12-14,386984
271,203,2025-05-05,692607
272,537,2025-02-25,616174
273,328,2025-04-07,551497
274,606,2025-09-21,490985
275,342,2025-07-22,594736
276,280,2025-11-18,1089985
277,125,2025-09-26,417941
278,414,2025-04-27,340323
279,475,2025-05-18,758307
280,209,2025-05-24,1321054
281,176,2025-03-20,403130
282,906,2025-01-27,457707
283,195,2025-12-17,394733
284,490,2025-06-13,539633
285,466,2025-11-23,671120
286,950,2025-07-27,462017
287,242,2025-04-22,477934
288,433,2025-06-13,645612
289,26,2025-05-05,434576
290,668,2025-08-11,847008
291,262,2025-01-04,384519
292,24,2025-09-20,483248
293,790,2025-12-28,433299
294,895,2025-03-01,681105
295,752,2025-05-11,574836
296,685,2025-12-18,869178
297,857,2025-02-16,1107623
298,257,2025-09-22,340958
299,58,2025-08-16,431075
300,17,2025-02-06,613726
301,579,2025-10-27,633035
302,966,2025-11-27,492146
303,914,2025-04-24,824313
304,689,2025-04-14,731478
305,308,2025-05-22,558389
306,377,2025-03-19,419410
307,222,2025-03-10,1093724
308,139,2025-03-03,310483
309,24,2025-03-22,1064062
310,163,2025-11-22,480855
311,232,2025-12-06,1129140
312,833,2025-12-29,700563
313,631,2025-01-18,549007
314,283,2025-04-16,806742
315,585,2025-10-23,392570
316,624,2025-11-22,614353
317,687,2025-11-04,349313
318,396,2025-09-29,704602
319,588,2025-05-14,261045
320,722,2025-04-10,738423
321,85,2025-08-14,452495
322,829,2025-05-04,564152
323,527,2025-07-25,289100
324,669,2025-03-09,761809
325,217,2025-09-12,883267
326,912,2025-11-07,139400
327,567,2025-05-14,274833
328,536,2025-04-10,854626
329,152,2025-05-16,595349
330,473,2025-06-11,612717
331,628,2025-03-28,534805
332,532,2025-03-16,358065
333,976,2025-11-07,370390
334,238,2025-07-14,416612
335,709,2025-08-01,334116
336,712,2025-05-16,506371
337,626,2025-05-06,213688
338,240,2025-06-12,874165
339,609,2025-01-11,645122
340,780,2025-02-27,836645
341,107,2025-03-31,289069
342,907,2025-02-15,229767
343,329,2025-12-06,475380
344,74,2025-08-14,460312
345,860,2025-03-16,745647
346,611,2025-12-16,723444
347,7,2025-05-08,748186
348,429,2025-06-01,1067219
349,847,2025-03-13,532390
350,520,2025-10-28,942426
351,542,2025-09-29,526825
352,313,2025-08-03,449576
353,606,2025-06-05,739312
354,947,2025-09-19,531156
355,773,2025-10-14,1021956
356,896,2025-02-13,446094
357,8,2025-05-07,232250
358,2,2025-12-30,763015
359,752,2025-05-06,377723
360,706,2025-05-18,641104
361,728,2025-11-23,859108
362,129,2025-03-25,843151
363,939,2025-05-25,319588
364,940,2025-11-04,401617
365,310,2025-01-16,1024709
366,790,2025-03-09,574282
367,345,2025-12-15,402576
368,525,2025-07-07,493092
369,815,2025-12-31,331463
370,927,2025-04-23,284582
371,302,2025-12-06,867259
372,831,2025-08-23,584251
373,710,2025-12-02,747747
374,641,2025-12-18,623231
375,527,2025-04-28,778824
376,422,2025-08-24,389781
377,570,2025-07-11,1001675
378,733,2025-12-15,176940
379,198,2025-04-16,846103
380,267,2025-05-12,892833
381,959,2025-04-05,915224
382,526,2025-07-13,850318
383,191,2025-05-28,258967
384,954,2025-12-30,971479
385,499,2025-08-04,966004
386,561,2025-08-26,979208
387,151,2025-04-12,773039
388,757,2025-09-14,394178
389,810,2025-03-18,1072854
390,790,2025-05-01,632365
391,246,2025-12-18,401462
392,83,2025-11-27,942616
393,288,2025-02-13,839818
394,128,2025-04-09,693161
395,728,2025-12-23,1086888
396,907,2025-01-27,618435
397,179,2025-10-17,375639
398,918,2025-07-07,441660
399,959,2025-10-25,265750
400,737,2025-05-31,405913
401,689,2025-12-23,297491
402,173,2025-05-13,1013745
403,118,2025-12-27,619848
404,389,2025-10-07,621721
405,371,2025-04-04,424695
406,755,2025-10-17,714257
407,624,2025-03-12,895864
408,326,2025-11-12,505694
409,676,2025-09-05,947637
410,323,2025-11-18,656792
411,541,2025-08-14,493301
412,647,2025-06-22,251590
413,143,2025-11-19,440313
414,395,2025-11-26,277226
415,923,2025-02-21,773383
416,842,2025-01-24,725154
417,912,2025-10-11,619514
418,992,2025-07-16,716282
419,953,2025-04-19,224398
420,65,2025-12-29,124073
421,457,2025-10-25,656896
422,580,2025-03-06,571679
423,361,2025-06-18,397734
424,501,2025-03-26,491329
425,652,2025-12-23,482894
426,787,2025-10-20,556404
427,195,2025-03-14,1294856
428,694,2025-12-18,534505
429,601,2025-10-14,509443
430,601,2025-03-04,510136
431,567,2025-02-07,212936
432,283,2025-01-15,548807
433,234,2025-09-16,614112
434,476,2025-05-11,166870
435,373,2025-08-01,446840
436,296,2025-07-08,723276
437,249,2025-02-04,843076
438,969,2025-11-11,194265
439,974,2025-10-09,749824
440,416,2025-03-02,716428
441,542,2025-12-10,839426
442,761,2025-05-10,401472
443,797,2025-01-20,379376
444,583,2025-07-14,438400
445,952,2025-03-08,963562
446,935,2025-06-15,928326
447,337,2025-09-07,261428
448,150,2025-04-21,424390
449,350,2025-07-08,576429
450,601,2025-10-31,985798
451,997,2025-06-25,595229
452,686,2025-08-01,995706
453,529,2025-04-09,803574
454,16,2025-09-20,267696
455,235,2025-12-10,441462
456,777,2025-05-25,670722
457,28,2025-07-15,480336
458,986,2025-12-23,388111
459,252,2025-12-10,296354
460,343,2025-01-08,195382
461,983,2025-02-23,278187
462,249,2025-08-24,866881
463,38,2025-12-22,453666
464,843,2025-12-02,826635
465,512,2025-06-14,811575
466,648,2025-09-17,859143
467,375,2025-01-25,512103
468,78,2025-09-12,701129
469,392,2025-09-03,343898
470,494,2025-07-14,529425
471,955,2025-11-18,686636
472,962,2025-05-08,605382
473,703,2025-01-25,566791
474,690,2025-02-22,704580
475,119,2025-02-03,928407
476,762,2025-02-01,467162
477,837,2025-04-27,172774
478,713,2025-06-02,821189
479,761,2025-05-19,1333298
480,527,2025-01-19,437337
481,431,2025-01-07,1086707
482,744,2025-05-17,194266
483,770,2025-12-01,1238227
484,726,2025-10-18,769228
485,754,2025-01-28,1045472
486,837,2025-11-07,605770
487,987,2025-07-06,660889
488,87,2025-04-24,711515
489,99,2025-09-21,367057
490,317,2025-04-21,789641
491,26,2025-07-22,535417
492,259,2025-05-14,536376
493,504,2025-09-20,869943
494,75,2025-01-14,1200761
495,621,2025-07-10,652011
496,311,2025-01-19,568002
497,255,2025-01-24,429859
498,583,2025-02-08,797844
499,886,2025-07-09,308970
500,188,2025-07-27,905208
501,839,2025-01-10,875060
502,500,2025-09-03,314277
503,879,2025-05-04,341029
504,499,2025-12-14,322017
505,89,2025-06-17,446647
506,248,2025-08-17,966954
507,585,2025-11-30,450285
508,25,2025-04-12,565074
509,901,2025-01-08,820722
510,92,2025-09-06,458042
511,777,2025-08-29,478393
512,311,2025-10-10,782066
513,67,2025-03-29,508188
514,318,2025-11-30,435962
515,588,2025-06-08,677245
516,497,2025-04-01,747650
517,502,2025-02-01,616849
518,978,2025-03-26,852967
519,780,2025-09-10,485654
520,563,2025-10-18,473208
521,459,2025-06-25,312380
522,467,2025-06-05,1134065
523,858,2025-10-27,318803
524,951,2025-09-05,602170
525,131,2025-06-17,504839
526,494,2025-04-27,738065
527,274,2025-02-26,1386416
528,997,2025-11-07,746064
529,655,2025-06-10,1539965
530,824,2025-10-16,564411
531,663,2025-12-06,311972
532,756,2025-02-19,449274
533,788,2025-03-12,788766
534,362,2025-09-09,737738
535,118,2025-07-28,273059
536,405,2025-06-29,875700
537,695,2025-05-13,582070
538,773,2025-08-24,863807
539,885,2025-03-27,1543918
540,656,2025-03-24,625387
541,537,2025-07-13,953364
542,333,2025-08-13,737605
543,437,2025-06-26,757903
544,485,2025-10-20,475962
545,975,2025-07-11,627964
546,293,2025-03-11,536371
547,733,2025-12-22,666880
548,140,2025-01-31,875626
549,544,2025-05-18,352243
550,895,2025-11-29,1074094
551,761,2025-01-09,531619
552,447,2025-07-27,778961
553,758,2025-12-10,599047
554,66,2025-03-10,452166
555,730,2025-10-10,258669
556,101,2025-08-24,130024
557,192,2025-08-04,792017
558,303,2025-08-28,699443
559,812,2025-09-01,456837
560,656,2025-04-13,403627
561,771,2025-03-02,385463
562,910,2025-09-12,238045
563,345,2025-06-21,427922
564,181,2025-01-22,925752
565,575,2025-02-03,951036
566,356,2025-11-01,474728
567,143,2025-06-12,477423
568,234,2025-01-10,428098
569,623,2025-04-23,626505
570,204,2025-11-14,471088
571,57,2025-09-13,434816
572,599,2025-03-31,565424
573,57,2025-04-03,894939
574,234,2025-09-07,1040222
575,232,2025-09-26,642723
576,513,2025-06-23,925874
577,820,2025-12-17,879186
578,218,2025-11-12,511919
579,65,2025-10-28,717100
580,589,2025-02-14,1088800
581,641,2025-12-17,405471
582,978,2025-12-23,835438
583,748,2025-11-12,680882
584,593,2025-03-15,241336
585,104,2025-02-11,221271
586,782,2025-12-05,1114843
587,700,2025-03-26,258379
588,104,2025-04-01,1216408
589,878,2025-03-22,632519
590,364,2025-12-05,659797
591,446,2025-07-08,503074
592,108,2025-08-26,873751
593,959,2025-01-21,415926
594,534,2025-07-15,445542
595,738,2025-02-06,593650
596,475,2025-11-05,485190
597,965,2025-02-25,546764
598,950,2025-06-04,796991
599,589,2025-07-29,610703
600,600,2025-06-24,410596
601,243,2025-11-30,485296
602,596,2025-12-15,1154698
603,254,2025-11-11,599960
604,948,2025-08-24,511522
605,992,2025-06-10,348338
606,240,2025-09-08,384457
607,255,2025-10-20,765854
608,810,2025-03-23,388415
609,128,2025-04-02,298713
610,859,2025-01-03,360650
611,313,2025-03-17,692556
612,913,2025-10-18,537239
613,499,2025-07-22,457526
614,127,2025-08-26,270764
615,28,2025-12-23,366836
616,639,2025-11-26,585164
617,314,2025-08-03,1065394
618,564,2025-02-25,516842
619,9,2025-07-30,649359
620,506,2025-09-28,731589
621,209,2025-11-04,640318
622,883,2025-02-18,619900
623,558,2025-04-14,428219
624,966,2025-06-17,844131
625,892,2025-01-29,747140
626,115,2025-09-17,452238
627,141,2025-08-07,427425
628,142,2025-02-05,1075190
629,695,2025-07-06,532692
630,270,2025-06-23,962171
631,811,2025-09-02,742821
632,179,2025-10-18,127985
633,56,2025-09-09,926913
634,792,2025-09-26,346091
635,166,2025-12-28,394844
636,38,2025-01-11,664042
637,352,2025-06-14,829112
638,773,2025-10-11,1140480
639,609,2025-08-13,834532
640,839,2025-07-15,588684
641,770,2025-08-20,678252
642,372,2025-01-09,841046
643,866,2025-10-09,757907
644,692,2025-03-29,1025033
645,874,2025-11-23,311058
646,106,2025-11-27,435054
647,821,2025-05-02,409921
648,651,2025-05-28,572539
649,764,2025-01-27,556741
650,887,2025-07-31,862477
651,361,2025-09-18,926971
652,635,2025-11-10,1512273
653,549,2025-05-15,549046
654,128,2025-02-28,335978
655,632,2025-01-30,405242
656,997,2025-05-18,447991
657,187,2025-07-27,976337
658,678,2025-04-24,521015
659,29,2025-07-04,824071
660,497,2025-11-06,564729
661,438,2025-02-16,518365
662,628,2025-12-14,324278
663,282,2025-05-13,673763
664,705,2025-12-11,530995
665,253,2025-06-15,499567
666,876,2025-02-20,797447
667,218,2025-04-09,853956
668,359,2025-12-17,650525
669,833,2025-09-14,174606
670,686,2025-02-27,807685
671,964,2025-07-08,630670
672,910,2025-05-08,331672
673,419,2025-01-20,1052304
674,646,2025-03-29,534903
675,716,2025-09-09,380032
676,378,2025-05-01,741005
677,721,2025-10-13,897974
678,871,2025-12-13,624743
679,996,2025-10-04,632727
680,839,2025-08-14,449238
681,435,2025-12-22,1149703
682,455,2025-02-11,217240
683,269,2025-04-18,676248
684,241,2025-11-20,548020
685,864,2025-06-24,1113559
686,314,2025-03-09,613621
687,116,2025-06-05,694673
688,71,2025-06-24,1237254
689,274,2025-12-23,435461
690,421,2025-01-02,925739
691,990,2025-09-23,738617
692,745,2025-02-21,249856
693,37,2025-09-05,653480
694,983,2025-07-04,904950
695,272,2025-04-03,961200
696,971,2025-12-09,670042
697,368,2025-06-27,541667
698,297,2025-03-29,699074
699,219,2025-11-25,588124
700,453,2025-08-26,701510
701,960,2025-04-15,274892
702,161,2025-11-21,400075
703,128,2025-07-06,789779
704,558,2025-08-19,579230
705,703,2025-02-04,490010
706,426,2025-06-11,762565
707,138,2025-06-14,576872
708,582,2025-10-09,533162
709,468,2025-08-14,370456
710,737,2025-10-15,189329
711,685,2025-03-19,1678574
712,244,2025-03-23,555139
713,957,2025-07-17,951396
714,813,2025-10-22,726316
715,926,2025-04-06,633287
716,886,2025-09-24,649439
717,293,2025-11-24,422866
718,270,2025-11-10,483991
719,340,2025-02-17,954586
720,189,2025-06-26,313321
721,238,2025-02-20,645190
722,547,2025-06-08,565725
723,330,2025-01-24,709337
724,703,2025-09-13,861004
725,154,2025-01-26,319660
726,259,2025-03-01,259138
727,11,2025-07-07,1166066
728,851,2025-08-18,156415
729,955,2025-02-07,1401871
730,685,2025-09-26,357613
731,612,2025-08-27,465067
732,218,2025-05-07,743851
733,429,2025-01-19,666508
734,264,2025-04-18,546917
735,3,2025-08-14,617780
736,604,2025-05-17,712775
737,607,2025-05-08,825191
738,334,2025-04-25,782248
739,933,2025-05-17,884617
740,508,2025-02-10,363521
741,636,2025-06-29,1139853
742,345,2025-01-04,459367
743,146,2025-12-23,1356689
744,719,2025-11-28,737734
745,988,2025-07-04,340880
746,272,2025-09-12,1307510
747,238,2025-06-21,402909
748,184,2025-07-20,277311
749,410,2025-08-17,821412
750,281,2025-01-08,143169
751,3,2025-06-02,557871
752,487,2025-08-20,757965
753,732,2025-04-10,305320
754,60,2025-04-27,547475
755,300,2025-10-23,764323
756,342,2025-03-18,912414
757,176,2025-02-08,994653
758,945,2025-05-02,425301
759,38,2025-10-29,953928
760,498,2025-05-05,892770
761,196,2025-02-19,764372
762,921,2025-04-03,635828
763,494,2025-11-08,675486
764,13,2025-03-15,724777
765,733,2025-11-14,320281
766,308,2025-04-08,783521
767,619,2025-08-13,1074799
768,220,2025-05-23,361322
769,70,2025-01-26,324506
770,416,2025-11-22,880299
771,221,2025-07-27,394824
772,155,2025-11-10,526200
773,852,2025-11-18,560554
774,294,2025-07-17,401475
775,411,2025-12-08,770610
776,447,2025-10-17,706123
777,69,2025-06-28,473868
778,423,2025-08-20,421985
779,128,2025-02-13,280505
780,382,2025-12-05,872421
781,806,2025-08-30,489776
782,999,2025-12-28,645289
783,404,2025-06-10,659418
784,17,2025-12-14,719693
785,453,2025-02-04,543477
786,590,2025-09-25,1167018
787,545,2025-01-28,541471
788,986,2025-07-09,1199694
789,285,2025-05-08,795225
790,28,2025-09-30,899858
791,670,2025-11-07,272571
792,694,2025-10-09,332123
793,250,2025-11-05,197499
794,191,2025-11-19,615085
795,355,2025-08-07,1092277
796,813,2025-01-09,501571
797,266,2025-10-28,492478
798,269,2025-12-09,1091453
799,732,2025-07-21,913051
800,561,2025-12-04,948822
801,980,2025-09-17,831014
802,645,2025-07-14,631774
803,483,2025-09-30,761045
804,739,2025-07-30,469295
805,117,2025-01-05,894505
806,800,2025-09-12,713344
807,536,2025-08-28,702671
808,178,2025-09-27,725778
809,758,2025-02-28,428015
810,232,2025-08-08,579592
811,853,2025-09-16,417886
812,338,2025-01-05,637555
813,952,2025-12-14,959932
814,736,2025-12-15,611584
815,675,2025-09-12,848272
816,36,2025-02-21,349223
817,512,2025-12-13,564480
818,154,2025-07-31,986886
819,502,2025-02-24,533868
820,819,2025-03-01,523894
821,324,2025-02-04,643307
822,612,2025-04-07,961627
823,87,2025-05-11,730896
824,920,2025-02-28,417934
825,591,2025-12-19,655658
826,968,2025-09-12,856973
827,31,2025-02-04,395543
828,59,2025-12-02,1081945
829,341,2025-03-30,692911
830,350,2025-06-10,618016
831,38,2025-12-17,808539
832,772,2025-12-30,579256
833,132,2025-06-23,688091
834,990,2025-09-30,882879
835,153,2025-09-26,498442
836,220,2025-04-16,1027045
837,695,2025-06-17,887276
838,41,2025-11-25,239984
839,354,2025-08-27,274430
840,912,2025-02-08,765762
841,865,2025-06-14,488517
842,233,2025-11-11,435138
843,250,2025-12-03,194521
844,544,2025-07-24,787427
845,848,2025-08-13,430800
846,95,2025-05-02,587168
847,521,2025-01-09,413187
848,169,2025-04-10,968657
849,60,2025-02-17,704837
850,497,2025-12-21,854608
851,888,2025-10-18,413316
852,325,2025-07-28,457692
853,568,2025-03-17,967069
854,536,2025-02-22,383461
855,27,2025-02-08,623776
856,814,2025-05-27,108326
857,703,2025-03-29,810288
858,204,2025-01-30,322323
859,398,2025-09-06,683160
860,283,2025-07-24,1147673
861,668,2025-10-25,735508
862,925,2025-07-02,683018
863,629,2025-04-01,1093223
864,732,2025-07-19,1182028
865,959,2025-04-13,898803
866,936,2025-03-24,315289
867,947,2025-08-03,833637
868,590,2025-07-20,416654
869,122,2025-12-31,578098
870,733,2025-12-19,417311
871,385,2025-01-04,911054
872,665,2025-03-17,318514
873,254,2025-02-23,1297347
874,646,2025-04-02,1144025
875,269,2025-08-15,900725
876,451,2025-09-24,447891
877,831,2025-10-20,706842
878,347,2025-11-12,402630
879,228,2025-12-11,573860
880,740,2025-06-09,846538
881,529,2025-09-26,644111
882,546,2025-09-06,805320
883,228,2025-11-22,380048
884,250,2025-07-13,515166
885,747,2025-12-31,550390
886,31,2025-12-24,342737
887,524,2025-07-29,1074021
888,309,2025-01-03,620252
889,898,2025-06-18,1049736
890,454,2025-05-04,822571
891,293,2025-04-16,445898
892,361,2025-12-04,371702
893,78,2025-11-04,448141
894,710,2025-01-13,917600
895,862,2025-12-06,533326
896,443,2025-06-29,591220
897,994,2025-02-01,324843
898,449,2025-08-29,695379
899,459,2025-06-19,871073
900,955,2025-10-10,511064
901,502,2025-11-16,738178
902,396,2025-03-24,1208609
903,696,2025-10-16,587524
904,297,2025-05-21,1085503
905,950,2025-07-19,604537
906,599,2025-10-29,844433
907,81,2025-06-03,524611
908,181,2025-10-08,636738
909,628,2025-07-15,768342
910,797,2025-08-30,409349
911,590,2025-08-20,749771
912,322,2025-03-09,712247
913,722,2025-03-03,491497
914,194,2025-04-24,336079
915,503,2025-01-28,406389
916,114,2025-06-30,212931
917,734,2025-06-24,483839
918,107,2025-11-27,1207563
919,149,2025-12-07,1021020
920,600,2025-11-16,841161
921,494,2025-12-29,367719
922,172,2025-11-24,1169956
923,772,2025-07-08,631577
924,985,2025-05-12,589113
925,708,2025-03-29,407126
926,686,2025-07-30,608928
927,483,2025-03-18,643372
928,736,2025-09-17,1058524
929,996,2025-09-04,802900
930,760,2025-01-27,664575
931,606,2025-04-29,560017
932,933,2025-07-02,548303
933,385,2025-12-05,488461
934,923,2025-08-18,889372
935,831,2025-01-14,1420878
936,484,2025-06-30,509927
937,564,2025-03-30,536858
938,630,2025-03-17,698229
939,397,2025-04-29,481329
940,94,2025-09-26,721121
941,691,2025-04-07,536722
942,609,2025-10-15,311849
943,458,2025-03-10,291389
944,966,2025-11-20,574030
945,661,2025-01-03,526504
946,73,2025-06-30,479885
947,857,2025-11-12,1051317
948,907,2025-03-07,1003472
949,126,2025-04-25,651443
950,271,2025-02-24,509233
951,447,2025-09-13,605426
952,770,2025-07-23,519180
953,96,2025-04-29,946216
954,696,2025-01-30,1011349
955,363,2025-07-26,907041
956,665,2025-07-29,909159
957,610,2025-05-13,273625
958,574,2025-01-31,408055
959,359,2025-02-27,573962
960,338,2025-06-05,323657
961,555,2025-06-07,467201
962,525,2025-01-06,129316
963,754,2025-02-08,540526
964,455,2025-09-02,720811
965,503,2025-07-09,262361
966,857,2025-06-21,847742
967,323,2025-10-04,1349925
968,905,2025-06-01,561834
969,120,2025-07-25,551363
970,110,2025-01-06,183948
971,440,2025-08-25,496578
972,123,2025-04-24,1223339
973,195,2025-08-14,653693
974,872,2025-09-05,709636
975,530,2025-08-21,770592
976,238,2025-02-24,646786
977,940,2025-12-30,503412
978,403,2025-07-11,629855
979,170,2025-01-05,579237
980,574,2025-01-30,359850
981,623,2025-09-03,324693
982,760,2025-12-26,656047
983,61,2025-01-26,678151
984,58,2025-12-24,424592
985,202,2025-03-11,316637
986,627,2025-08-10,711479
987,499,2025-07-16,274342
988,1000,2025-10-06,504538
989,786,2025-04-05,330312
990,560,2025-10-13,1008108
991,681,2025-08-31,834354
992,539,2025-02-09,254870
993,331,2025-01-06,866933
994,430,2025-12-30,647454
995,54,2025-11-10,399814
996,328,2025-09-15,616884
997,706,2025-10-13,426836
998,577,2025-02-11,409912
999,429,2025-12-31,195903
1000,185,2025-11-02,576144
1001,560,2025-09-06,676405
1002,387,2025-01-05,712919
1003,854,2025-11-30,788608
1004,66,2025-07-26,288252
1005,247,2025-01-10,1283273
1006,556,2025-12-11,790386
1007,762,2025-06-11,549597
1008,902,2025-12-10,1010439
1009,326,2025-12-02,386831
1010,342,2025-01-11,865822
1011,612,2025-02-06,424320
1012,664,2025-09-17,590336
1013,512,2025-11-22,331881
1014,379,2025-10-29,270379
1015,341,2025-02-21,296435
1016,199,2025-12-26,771275
1017,381,2025-03-07,560568
1018,785,2025-08-26,437238
1019,867,2025-08-30,342829
1020,784,2025-02-18,889181
1021,379,2025-11-17,617552
1022,563,2025-06-17,793377
1023,969,2025-04-21,511069
1024,155,2025-11-08,941925
1025,404,2025-05-02,321232
1026,599,2025-02-04,576646
1027,307,2025-04-08,568244
1028,647,2025-09-10,590834
1029,215,2025-05-29,496216
1030,76,2025-07-11,705321
1031,599,2025-10-26,444292
1032,340,2025-03-07,662452
1033,644,2025-11-18,478434
1034,81,2025-08-16,880084
1035,754,2025-06-05,459679
1036,494,2025-12-12,254368
1037,553,2025-01-19,658287
1038,649,2025-08-04,782139
1039,101,2025-04-08,1114534
1040,290,2025-12-27,280854
1041,576,2025-05-22,314028
1042,685,2025-09-01,866374
1043,254,2025-06-14,292338
1044,540,2025-04-25,591646
1045,319,2025-04-05,429580
1046,371,2025-10-13,383398
1047,164,2025-02-15,243656
1048,18,2025-08-07,971766
1049,837,2025-05-30,961234
1050,400,2025-06-13,973068
1051,178,2025-12-31,893183
1052,813,2025-01-07,521465
1053,170,2025-03-30,608687
1054,72,2025-02-24,684230
1055,47,2025-08-02,445900
1056,66,2025-09-13,764817
1057,203,2025-01-21,722569
1058,782,2025-08-14,912138
1059,601,2025-06-22,478431
1060,636,2025-05-22,1140040
1061,363,2025-03-09,658638
1062,543,2025-10-04,478429
1063,856,2025-03-03,532085
1064,678,2025-09-07,368320
1065,72,2025-08-07,742389
1066,421,2025-03-14,502058
1067,315,2025-10-04,1331178
1068,478,2025-01-02,1274674
1069,857,2025-08-10,634832
1070,145,2025-11-30,453286
1071,722,2025-12-02,351867
1072,421,2025-03-12,317113
1073,431,2025-06-25,484702
1074,614,2025-04-12,922456
1075,362,2025-01-07,708173
1076,899,2025-05-07,985192
1077,64,2025-12-23,592044
1078,699,2025-01-28,786319
1079,881,2025-01-30,144790
1080,195,2025-01-12,296766
1081,148,2025-10-24,494468
1082,655,2025-09-16,912085
1083,479,2025-01-26,643742
1084,514,2025-04-08,1319154
1085,49,2025-03-06,403509
1086,667,2025-06-22,440810
1087,129,2025-02-16,942104
1088,496,2025-02-16,407223
1089,817,2025-10-17,316208
1090,662,2025-03-19,415359
1091,653,2025-10-07,1084949
1092,461,2025-07-22,763324
1093,451,2025-08-03,810593
1094,818,2025-06-28,763838
1095,627,2025-10-31,508630
1096,979,2025-07-10,801582
1097,459,2025-05-28,355874
1098,143,2025-05-06,868690
1099,972,2025-02-20,261238
1100,405,2025-08-28,232371
1101,710,2025-12-20,895992
1102,781,2025-05-20,630071
1103,458,2025-07-19,1133146
1104,976,2025-10-29,875946
1105,416,2025-10-21,1256798
1106,199,2025-07-08,508227
1107,953,2025-12-13,650728
1108,17,2025-05-08,1002520
1109,459,2025-06-18,416205
1110,582,2025-12-26,612533
1111,545,2025-12-29,840633
1112,581,2025-07-12,318295
1113,983,2025-01-26,932700
1114,716,2025-05-26,788028
1115,946,2025-02-18,594510
1116,930,2025-04-14,395828
1117,242,2025-03-30,486192
1118,762,2025-07-30,874448
1119,565,2025-04-07,264929
1120,481,2025-07-01,633711
1121,793,2025-12-01,404928
1122,193,2025-07-22,894060
1123,887,2025-09-22,478069
1124,947,2025-04-16,328637
1125,658,2025-03-18,375733
1126,337,2025-07-12,221832
1127,647,2025-11-22,794633
1128,266,2025-12-05,796686
1129,146,2025-05-23,565341
1130,759,2025-09-13,493939
1131,412,2025-03-07,940748
1132,195,2025-03-30,524071
1133,468,2025-11-04,822035
1134,239,2025-01-06,728018
1135,251,2025-04-28,826123
1136,697,2025-07-02,312328
1137,261,2025-01-30,195441
1138,948,2025-03-18,376625
1139,945,2025-09-29,530712
1140,643,2025-07-18,746716
1141,785,2025-06-19,843135
1142,34,2025-12-30,443705
1143,890,2025-01-23,198429
1144,48,2025-06-18,1100734
1145,28,2025-10-08,644120
1146,63,2025-09-02,694239
1147,573,2025-04-24,973028
1148,39,2025-05-09,725089
1149,466,2025-12-05,631820
1150,627,2025-01-07,179422
1151,597,2025-09-29,490431
1152,91,2025-05-10,351066
1153,979,2025-06-17,766835
1154,602,2025-07-05,587892
1155,325,2025-08-22,1062305
1156,563,2025-06-07,1469833
1157,509,2025-08-21,654697
1158,318,2025-06-14,650870
1159,710,2025-01-16,472154
1160,918,2025-03-21,285587
1161,872,2025-05-04,744311
1162,54,2025-08-28,796967
1163,468,2025-06-20,604673
1164,254,2025-12-13,581936
1165,143,2025-10-14,571691
1166,920,2025-09-30,484155
1167,127,2025-10-18,1298843
1168,843,2025-04-08,506879
1169,192,2025-04-10,1055722
1170,5,2025-06-15,449346
1171,354,2025-09-25,417441
1172,838,2025-05-09,536168
1173,426,2025-09-03,532394
1174,178,2025-05-01,866968
1175,118,2025-04-30,519112
1176,517,2025-03-25,566250
1177,947,2025-12-06,796553
1178,203,2025-06-13,319401
1179,591,2025-02-10,987719
1180,362,2025-08-15,652466
1181,44,2025-10-03,298532
1182,865,2025-09-14,680055
1183,564,2025-11-17,604164
1184,319,2025-04-28,1002129
1185,147,2025-09-17,224665
1186,136,2025-03-14,617180
1187,749,2025-04-20,489583
1188,570,2025-12-15,569508
1189,651,2025-10-12,671418
1190,695,2025-09-10,295558
1191,284,2025-10-15,258961
1192,255,2025-09-22,223149
1193,940,2025-05-05,500879
1194,174,2025-01-10,1494442
1195,764,2025-08-20,617752
1196,728,2025-11-06,386512
1197,66,2025-01-17,372531
1198,655,2025-11-14,500983
1199,801,2025-12-22,473132
1200,431,2025-05-22,274041
1201,642,2025-05-22,508284
1202,893,2025-01-15,396872
1203,965,2025-02-13,747489
1204,957,2025-11-26,547498
1205,828,2025-02-08,651011
1206,894,2025-09-04,758332
1207,360,2025-08-14,624042
1208,472,2025-05-07,509225
1209,794,2025-05-05,483392
1210,805,2025-10-06,504763
1211,733,2025-02-01,426141
1212,388,2025-04-10,797865
1213,628,2025-07-05,991610
1214,706,2025-03-31,192245
1215,492,2025-01-27,599818
1216,705,2025-03-22,667827
1217,802,2025-12-03,622290
1218,760,2025-10-10,385152
1219,917,2025-02-01,952826
1220,708,2025-09-06,781277
1221,942,2025-06-17,308514
1222,512,2025-08-22,393776
1223,904,2025-04-13,1050139
1224,837,2025-12-01,656419
1225,365,2025-01-27,323862
1226,147,2025-02-12,689153
1227,824,2025-04-20,708522
1228,831,2025-03-19,577234
1229,964,2025-09-19,837040
1230,174,2025-02-27,586020
1231,278,2025-07-29,596069
1232,872,2025-02-24,1013804
1233,688,2025-08-07,1133289
1234,626,2025-10-25,733195
1235,464,2025-12-14,352107
1236,237,2025-12-11,715775
1237,299,2025-02-14,482530
1238,757,2025-01-01,619386
1239,864,2025-06-05,488565
1240,261,2025-08-25,970578
1241,581,2025-07-25,362683
1242,110,2025-04-11,626636
1243,325,2025-01-28,612647
1244,584,2025-10-02,809624
1245,848,2025-04-24,306056
1246,352,2025-05-24,504406
1247,600,2025-09-14,243414
1248,631,2025-11-16,458570
1249,747,2025-01-03,877920
1250,359,2025-03-20,261057
1251,63,2025-03-22,360870
1252,701,2025-09-07,430017
1253,129,2025-07-26,394060
1254,183,2025-02-27,516029
1255,437,2025-10-04,978709
1256,647,2025-01-23,239889
1257,684,2025-07-24,274854
1258,253,2025-03-20,849504
1259,943,2025-10-08,1050590
1260,481,2025-12-19,922003
1261,231,2025-10-26,267697
1262,246,2025-08-21,874955
1263,447,2025-01-25,415473
1264,836,2025-11-20,596130
1265,297,2025-03-17,772542
1266,908,2025-06-17,548565
1267,875,2025-01-26,488309
1268,649,2025-11-05,482632
1269,585,2025-09-17,266275
1270,997,2025-04-09,880276
1271,353,2025-03-22,936712
1272,475,2025-06-21,950620
1273,414,2025-04-01,949835
1274,237,2025-08-07,821273
1275,16,2025-08-09,445446
1276,345,2025-05-28,1223828
1277,925,2025-07-31,371038
1278,679,2025-12-23,453702
1279,576,2025-06-04,704239
1280,686,2025-04-20,297676
1281,323,2025-11-12,420059
1282,759,2025-11-12,405942
1283,966,2025-01-24,305224
1284,908,2025-10-05,986200
1285,192,2025-04-26,629464
1286,783,2025-03-31,676088
1287,39,2025-03-21,899138
1288,810,2025-04-20,703036
1289,472,2025-04-29,284238
1290,427,2025-07-06,418421
1291,239,2025-04-08,713666
1292,195,2025-07-28,771350
1293,365,2025-06-24,1062012
1294,512,2025-11-08,534891
1295,335,2025-09-25,682184
1296,254,2025-03-18,380910
1297,104,2025-03-07,353581
1298,785,2025-11-27,854215
1299,637,2025-08-24,401347
1300,123,2025-12-24,371121
1301,171,2025-02-24,474810
1302,161,2025-10-03,638855
1303,298,2025-01-15,441780
1304,476,2025-08-25,299518
1305,672,2025-10-25,683176
1306,39,2025-01-30,389339
1307,854,2025-07-01,1055631
1308,33,2025-12-19,851041
1309,599,2025-01-18,352383
1310,479,2025-01-17,669403
1311,584,2025-04-15,231618
1312,859,2025-02-13,652593
1313,780,2025-08-25,835161
1314,497,2025-02-03,560026
1315,895,2025-02-23,619601
1316,270,2025-06-20,706178
1317,200,2025-10-25,869284
1318,645,2025-10-07,483336
1319,54,2025-10-27,1017093
1320,537,2025-12-18,464793
1321,858,2025-05-05,613881
1322,210,2025-08-19,447125
1323,45,2025-02-25,647125
1324,958,2025-09-20,895709
1325,105,2025-09-17,1050074
1326,228,2025-06-05,442474
1327,564,2025-03-19,630096
1328,742,2025-10-28,505710
1329,469,2025-04-22,984690
1330,294,2025-11-19,865260
1331,474,2025-05-23,633645
1332,174,2025-07-25,463900
1333,870,2025-07-14,298095
1334,251,2025-01-14,1135151
1335,146,2025-03-29,753614
1336,365,2025-10-12,918233
1337,848,2025-12-08,223471
1338,862,2025-10-06,402049
1339,419,2025-02-04,762024
1340,699,2025-01-19,737377
1341,834,2025-12-02,836087
1342,301,2025-10-13,642274
1343,363,2025-05-12,755045
1344,857,2025-12-05,822848
1345,17,2025-06-26,455671
1346,504,2025-02-12,404199
1347,298,2025-06-19,897154
1348,699,2025-08-02,1142187
1349,945,2025-12-07,485158
1350,413,2025-02-21,495292
1351,735,2025-06-03,1024659
1352,313,2025-06-02,510462
1353,297,2025-10-05,280568
1354,170,2025-03-06,558609
1355,855,2025-06-14,341595
1356,993,2025-02-09,183682
1357,133,2025-06-09,827404
1358,840,2025-05-11,729564
1359,849,2025-04-21,526008
1360,250,2025-09-10,956392
1361,720,2025-04-02,313746
1362,754,2025-12-20,448548
1363,872,2025-04-21,610180
1364,993,2025-02-11,671252
1365,161,2025-07-30,816954
1366,68,2025-10-05,751798
1367,582,2025-06-17,510161
1368,325,2025-05-17,692800
1369,526,2025-12-08,549237
1370,129,2025-04-27,668010
1371,203,2025-08-14,600253
1372,749,2025-07-04,1263687
1373,241,2025-03-25,562542
1374,715,2025-11-10,198678
1375,181,2025-09-08,369494
1376,302,2025-09-19,410189
1377,891,2025-11-22,431196
1378,968,2025-11-21,315406
1379,292,2025-07-16,815846
1380,108,2025-06-24,411964
1381,154,2025-01-03,357163
1382,448,2025-11-22,443725
1383,178,2025-06-06,965906
1384,598,2025-06-23,650356
1385,896,2025-02-03,746283
1386,68,2025-02-23,457265
1387,867,2025-11-20,868635
1388,235,2025-12-16,413809
1389,38,2025-08-06,563140
1390,101,2025-09-23,500552
1391,326,2025-06-26,310218
1392,831,2025-07-24,526652
1393,811,2025-10-09,277268
1394,965,2025-12-07,649519
1395,69,2025-10-17,695921
1396,488,2025-08-30,517405
1397,748,2025-04-26,476447
1398,522,2025-03-15,607168
1399,362,2025-01-12,541627
1400,591,2025-07-31,771923
1401,522,2025-04-04,1214291
1402,612,2025-04-18,516123
1403,392,2025-01-03,773959
1404,335,2025-03-27,337031
1405,784,2025-03-25,264425
1406,642,2025-07-02,1241529
1407,340,2025-05-29,801772
1408,188,2025-08-18,972679
1409,393,2025-02-05,932443
1410,29,2025-06-18,404788
1411,274,2025-09-16,990219
1412,352,2025-08-13,658683
1413,367,2025-06-01,388085
1414,496,2025-05-18,597743
1415,538,2025-04-29,400428
1416,464,2025-05-12,379385
1417,880,2025-03-28,785050
1418,541,2025-12-15,550114
1419,493,2025-01-16,408507
1420,685,2025-02-28,346458
1421,753,2025-12-03,501877
1422,949,2025-09-03,1098892
1423,881,2025-02-09,683466
1424,383,2025-11-14,876801
1425,958,2025-03-08,571511
1426,370,2025-03-04,622132
1427,156,2025-07-13,411608
1428,647,2025-03-01,530337
1429,817,2025-02-06,221016
1430,756,2025-05-19,368500
1431,976,2025-12-08,601377
1432,234,2025-09-30,511287
1433,37,2025-05-14,488014
1434,585,2025-11-04,1004348
1435,823,2025-05-22,954360
1436,234,2025-09-26,350902
1437,457,2025-07-18,353380
1438,978,2025-06-05,848793
1439,424,2025-10-06,855491
1440,292,2025-10-08,462104
1441,720,2025-09-10,612019
1442,595,2025-01-11,933056
1443,615,2025-01-14,890256
1444,191,2025-10-09,352451
1445,978,2025-02-12,984825
1446,877,2025-08-15,1096969
1447,643,2025-08-22,677437
1448,788,2025-12-25,549973
1449,980,2025-06-02,565426
1450,450,2025-09-06,742078
1451,182,2025-04-09,605138
1452,936,2025-01-08,954391
1453,751,2025-05-16,794090
1454,114,2025-06-29,176851
1455,203,2025-01-20,361431
1456,962,2025-10-22,185440
1457,332,2025-08-18,874733
1458,117,2025-03-12,516588
1459,502,2025-08-30,920271
1460,827,2025-11-03,960839
1461,600,2025-06-07,1483766
1462,341,2025-05-06,228848
1463,36,2025-01-27,737158
1464,579,2025-02-07,421461
1465,92,2025-01-23,233130
1466,291,2025-04-23,668569
1467,21,2025-03-11,689561
1468,995,2025-12-16,851745
1469,926,2025-07-26,914337
1470,109,2025-02-25,734768
1471,573,2025-01-25,559170
1472,624,2025-11-18,626761
1473,464,2025-03-26,526345
1474,163,2025-08-19,615714
1475,666,2025-05-10,824170
1476,555,2025-08-28,454036
1477,172,2025-09-12,548536
1478,74,2025-06-30,1090484
1479,787,2025-01-14,962419
1480,593,2025-12-08,636501
1481,623,2025-11-02,599627
1482,27,2025-03-19,999471
1483,124,2025-01-17,683354
1484,1,2025-12-01,722330
1485,320,2025-11-24,339005
1486,620,2025-11-02,883164
1487,659,2025-11-09,617620
1488,974,2025-07-08,1012137
1489,526,2025-05-22,390107
1490,608,2025-02-23,910840
1491,194,2025-07-06,692819
1492,478,2025-07-26,943207
1493,750,2025-11-07,663269
1494,229,2025-07-25,1270590
1495,81,2025-07-12,304981
1496,587,2025-10-30,502268
1497,176,2025-06-13,302072
1498,406,2025-05-26,1049990
1499,588,2025-11-19,788188
1500,194,2025-10-27,662427
1501,742,2025-12-05,482612
1502,5,2025-08-11,360349
1503,539,2025-07-05,775003
1504,864,2025-08-29,479304
1505,362,2025-05-09,561498
1506,771,2025-03-18,671756
1507,538,2025-03-16,380829
1508,908,2025-06-06,527136
1509,808,2025-01-06,520565
1510,938,2025-06-17,474314
1511,430,2025-05-23,889796
1512,351,2025-04-27,953328
1513,924,2025-12-28,600250
1514,892,2025-01-25,274223
1515,651,2025-01-21,381202
1516,414,2025-01-24,972861
1517,640,2025-12-30,715150
1518,71,2025-02-24,290834
1519,727,2025-01-30,842378
1520,834,2025-01-16,691676
1521,113,2025-05-27,654480
1522,168,2025-11-16,298620
1523,401,2025-08-07,991433
1524,264,2025-01-06,556236
1525,527,2025-09-23,808691
1526,176,2025-06-30,994524
1527,994,2025-07-28,162710
1528,600,2025-04-06,701357
1529,986,2025-05-18,649327
1530,176,2025-06-27,510786
1531,285,2025-06-07,817502
1532,44,2025-06-07,565896
1533,331,2025-02-28,680192
1534,43,2025-04-08,506571
1535,311,2025-10-26,717269
1536,762,2025-07-14,899548
1537,676,2025-04-28,487603
1538,444,2025-03-05,683057
1539,1,2025-07-27,1132898
1540,148,2025-07-27,517557
1541,564,2025-05-18,536094
1542,890,2025-03-20,643140
1543,176,2025-05-31,190465
1544,4,2025-07-18,1251520
1545,852,2025-03-12,723548
1546,2,2025-01-27,618402
1547,383,2025-02-21,398984
1548,762,2025-07-23,877606
1549,781,2025-06-15,332379
1550,830,2025-07-29,335726
1551,100,2025-02-13,385343
1552,158,2025-12-03,751350
1553,983,2025-03-21,670834
1554,267,2025-01-06,887774
1555,650,2025-03-19,338784
1556,434,2025-01-20,828488
1557,990,2025-06-26,669659
1558,719,2025-10-09,293311
1559,309,2025-08-15,592852
1560,614,2025-09-01,1053906
1561,91,2025-09-25,887680
1562,58,2025-01-04,745478
1563,79,2025-08-18,951284
1564,421,2025-10-07,712575
1565,865,2025-05-21,475573
1566,543,2025-04-15,239140
1567,333,2025-01-19,671625
1568,815,2025-03-08,929253
1569,281,2025-04-06,400717
1570,850,2025-06-17,497898
1571,634,2025-01-19,189329
1572,901,2025-06-27,450642
1573,381,2025-08-29,812843
1574,25,2025-03-15,1018708
1575,901,2025-04-10,459282
1576,440,2025-05-03,872205
1577,866,2025-05-16,138584
1578,488,2025-09-12,779425
1579,399,2025-02-05,579491
1580,38,2025-12-17,492572
1581,268,2025-02-22,534526
1582,65,2025-03-18,397038
1583,212,2025-12-17,985501
1584,695,2025-02-25,570102
1585,924,2025-06-17,688765
1586,621,2025-12-26,1110996
1587,334,2025-06-03,514954
1588,596,2025-03-04,713975
1589,844,2025-09-03,1233355
1590,733,2025-09-08,944840
1591,550,2025-02-24,154595
1592,418,2025-09-01,536089
1593,62,2025-03-01,532654
1594,782,2025-08-04,1035755
1595,19,2025-10-11,537558
1596,20,2025-02-18,737105
1597,308,2025-04-07,643353
1598,563,2025-03-07,778204
1599,116,2025-01-29,696169
1600,761,2025-09-07,391641
1601,423,2025-05-25,665328
1602,488,2025-12-06,1002418
1603,652,2025-07-08,549446
1604,744,2025-12-01,828644
1605,522,2025-06-01,204800
1606,205,2025-07-27,807401
1607,647,2025-12-09,963833
1608,6,2025-12-11,293479
1609,1000,2025-10-24,690647
1610,545,2025-09-13,1069437
1611,322,2025-12-17,757807
1612,418,2025-07-12,1051288
1613,877,2025-04-02,824709
1614,232,2025-01-12,435915
1615,313,2025-09-09,471539
1616,733,2025-03-20,449232
1617,972,2025-11-10,557676
1618,770,2025-08-18,419521
1619,700,2025-06-26,1330820
1620,314,2025-10-14,298138
1621,945,2025-12-24,820457
1622,714,2025-12-22,721923
1623,319,2025-01-02,714087
1624,723,2025-01-08,999185
1625,540,2025-06-27,1190045
1626,587,2025-08-06,1388785
1627,455,2025-06-20,477829
1628,520,2025-09-17,889898
1629,467,2025-02-01,626201
1630,688,2025-01-18,636331
1631,228,2025-04-20,675097
1632,891,2025-09-18,213991
1633,519,2025-11-26,565604
1634,809,2025-04-04,458111
1635,703,2025-05-07,544720
1636,666,2025-06-24,880809
1637,273,2025-05-23,914090
1638,314,2025-11-16,574377
1639,747,2025-01-19,187269
1640,254,2025-03-30,435758
1641,597,2025-04-23,498441
1642,614,2025-01-20,859010
1643,75,2025-12-09,1049904
1644,192,2025-05-27,552512
1645,899,2025-03-13,450921
1646,323,2025-10-09,637818
1647,771,2025-03-16,622010
1648,107,2025-02-17,380022
1649,902,2025-08-05,1055391
1650,6,2025-01-05,428403
1651,98,2025-07-21,557778
1652,34,2025-04-16,710244
1653,836,2025-07-18,647397
1654,485,2025-03-03,1268249
1655,575,2025-02-24,801254
1656,906,2025-01-01,803541
1657,801,2025-09-16,334878
1658,721,2025-01-04,970194
1659,849,2025-06-11,966832
1660,83,2025-06-20,715630
1661,963,2025-12-19,642779
1662,970,2025-06-13,278772
1663,616,2025-05-13,865618
1664,308,2025-08-25,712801
1665,141,2025-08-03,392729
1666,265,2025-03-25,988185
1667,646,2025-11-24,397690
1668,176,2025-03-08,707168
1669,95,2025-10-13,763987
1670,526,2025-05-02,1105245
1671,959,2025-07-25,707586
1672,173,2025-08-10,941000
1673,215,2025-03-11,803373
1674,513,2025-03-24,236785
1675,886,2025-06-29,297289
1676,832,2025-12-28,533235
1677,103,2025-04-24,532488
1678,552,2025-05-05,477333
1679,231,2025-11-01,683468
1680,697,2025-04-05,920907
1681,684,2025-04-03,756736
1682,364,2025-10-04,225908
1683,968,2025-06-30,246930
1684,57,2025-05-16,817916
1685,96,2025-03-17,519985
1686,814,2025-06-05,382077
1687,893,2025-01-06,493336
1688,457,2025-04-06,1055012
1689,522,2025-05-30,571808
1690,816,2025-02-16,358398
1691,118,2025-05-09,746768
1692,856,2025-03-23,998897
1693,358,2025-12-10,740055
1694,960,2025-05-06,639694
1695,112,2025-04-07,404138
1696,562,2025-06-17,1444602
1697,457,2025-10-16,1088670
1698,618,2025-03-25,1071059
1699,498,2025-11-28,984009
1700,978,2025-04-01,753167
1701,937,2025-03-27,1065068
1702,214,2025-05-01,1342007
1703,20,2025-12-07,764386
1704,965,2025-05-19,418733
1705,465,2025-04-18,882305
1706,982,2025-04-03,701582
1707,606,2025-04-06,243657
1708,352,2025-09-10,641653
1709,862,2025-05-12,225704
1710,710,2025-12-09,359467
1711,617,2025-06-20,1117142
1712,273,2025-07-10,409471
1713,124,2025-11-11,662280
1714,269,2025-12-25,221190
1715,358,2025-10-23,962519
1716,361,2025-09-08,389112
1717,781,2025-04-01,370539
1718,309,2025-09-27,306734
1719,140,2025-10-19,587010
1720,434,2025-07-13,616025
1721,932,2025-12-16,924789
1722,778,2025-05-13,753682
1723,211,2025-10-02,243372
1724,797,2025-07-27,482580
1725,91,2025-01-19,606978
1726,216,2025-03-17,431784
1727,109,2025-12-23,401532
1728,362,2025-09-11,884465
1729,766,2025-06-17,231185
1730,695,2025-08-31,824096
1731,837,2025-11-24,1006259
1732,312,2025-11-01,806971
1733,94,2025-01-08,682308
1734,905,2025-09-12,620415
1735,196,2025-05-30,711995
1736,235,2025-08-03,437997
1737,127,2025-09-09,1223103
1738,842,2025-11-19,941856
1739,624,2025-03-14,632004
1740,50,2025-05-03,297494
1741,514,2025-09-28,681646
1742,267,2025-04-18,483091
1743,417,2025-09-14,664221
1744,523,2025-05-11,750010
1745,854,2025-08-17,231328
1746,547,2025-05-06,708940
1747,969,2025-01-29,701396
1748,876,2025-04-20,370546
1749,498,2025-07-09,750949
1750,630,2025-09-25,541416
1751,115,2025-06-02,854027
1752,821,2025-05-18,508287
1753,710,2025-09-21,760790
1754,518,2025-01-20,614154
1755,919,2025-01-19,482950
1756,58,2025-12-27,1026868
1757,707,2025-10-03,832170
1758,85,2025-07-14,361430
1759,358,2025-11-10,637814
1760,150,2025-07-18,835083
1761,69,2025-12-18,1229213
1762,397,2025-09-22,1035872
1763,808,2025-07-04,804256
1764,700,2025-07-07,533275
1765,719,2025-11-25,354338
1766,329,2025-01-09,500668
1767,608,2025-10-21,549682
1768,843,2025-11-07,1043866
1769,365,2025-08-15,477205
1770,168,2025-12-08,532821
1771,526,2025-06-25,680549
1772,539,2025-10-24,709996
1773,484,2025-04-01,315544
1774,882,2025-06-22,1492088
1775,660,2025-06-15,600775
1776,222,2025-06-08,329729
1777,76,2025-12-01,372244
1778,803,2025-06-20,601945
1779,330,2025-01-28,895006
1780,103,2025-12-26,686512
1781,932,2025-08-03,678418
1782,241,2025-10-11,465456
1783,494,2025-05-04,293259
1784,737,2025-07-10,371765
1785,513,2025-04-01,827156
1786,439,2025-01-03,396954
1787,684,2025-12-09,881691
1788,968,2025-09-12,862045
1789,293,2025-01-28,571021
1790,230,2025-03-15,698139
1791,922,2025-04-29,616510
1792,827,2025-05-23,387496
1793,277,2025-08-18,778763
1794,915,2025-09-02,974834
1795,928,2025-04-21,719213
1796,889,2025-02-22,930230
1797,586,2025-11-03,734927
1798,970,2025-12-09,376251
1799,609,2025-06-29,520538
1800,718,2025-04-28,604159
1801,48,2025-11-16,737218
1802,361,2025-06-30,741683
1803,712,2025-02-16,221160
1804,869,2025-10-01,765086
1805,229,2025-07-28,561604
1806,32,2025-04-25,485031
1807,657,2025-07-14,305814
1808,383,2025-12-02,633480
1809,747,2025-08-04,555838
1810,138,2025-05-16,879477
1811,881,2025-03-12,778008
1812,497,2025-03-12,535864
1813,796,2025-06-20,259411
1814,936,2025-03-05,509225
1815,102,2025-04-28,450824
1816,174,2025-09-13,370002
1817,691,2025-06-30,254806
1818,907,2025-09-25,799979
1819,851,2025-11-08,485939
1820,130,2025-07-10,456283
1821,849,2025-10-15,625814
1822,522,2025-12-31,1264662
1823,115,2025-12-25,694061
1824,868,2025-02-22,526114
1825,413,2025-04-13,262203
1826,788,2025-09-16,339752
1827,822,2025-04-08,345131
1828,785,2025-04-11,396773
1829,80,2025-11-29,1203684
1830,18,2025-08-25,578031
1831,186,2025-06-17,922354
1832,433,2025-08-29,785250
1833,148,2025-12-07,155669
1834,645,2025-05-11,494310
1835,496,2025-07-29,756942
1836,441,2025-10-27,663312
1837,501,2025-01-09,435446
1838,238,2025-10-06,913288
1839,234,2025-07-11,706911
1840,459,2025-03-20,769099
1841,904,2025-04-21,785639
1842,466,2025-03-14,259201
1843,676,2025-10-25,391846
1844,956,2025-03-06,451524
1845,873,2025-06-14,694639
1846,206,2025-04-15,775888
1847,690,2025-09-09,1007435
1848,985,2025-03-17,570784
1849,617,2025-02-17,429920
1850,683,2025-04-18,274650
1851,391,2025-03-17,540636
1852,465,2025-01-05,445208
1853,511,2025-03-12,411474
1854,607,2025-10-24,661181
1855,276,2025-12-06,836604
1856,799,2025-01-03,927363
1857,131,2025-10-08,870048
1858,815,2025-08-02,390660
1859,397,2025-02-11,351765
1860,207,2025-05-27,992506
1861,280,2025-01-13,537786
1862,591,2025-11-26,767176
1863,235,2025-05-19,671765
1864,157,2025-05-11,416129
1865,26,2025-10-16,731732
1866,429,2025-09-13,623633
1867,795,2025-03-02,249026
1868,158,2025-03-12,748592
1869,588,2025-09-13,393479
1870,416,2025-05-21,1041652
1871,964,2025-11-28,893591
1872,58,2025-07-01,765710
1873,45,2025-03-25,504797
1874,946,2025-08-18,359902
1875,273,2025-08-25,578050
1876,92,2025-04-04,540611
1877,734,2025-03-30,226627
1878,785,2025-05-23,169146
1879,560,2025-12-17,839883
1880,764,2025-08-19,781169
1881,408,2025-12-16,526216
1882,344,2025-12-01,1131040
1883,376,2025-03-08,875105
1884,327,2025-05-27,860736
1885,982,2025-07-09,339892
1886,416,2025-02-21,425676
1887,431,2025-11-04,683243
1888,801,2025-08-11,812480
1889,173,2025-08-04,238449
1890,708,2025-09-20,641152
1891,56,2025-01-19,737439
1892,809,2025-03-14,420707
1893,391,2025-02-24,797121
1894,296,2025-01-24,361028
1895,887,2025-04-07,407970
1896,717,2025-06-15,568247
1897,286,2025-07-17,346128
1898,887,2025-07-23,538895
1899,536,2025-06-16,313141
1900,628,2025-04-27,1002754
1901,365,2025-09-27,1021115
1902,839,2025-10-13,480864
1903,851,2025-08-24,660841
1904,541,2025-10-09,493313
1905,906,2025-09-21,937255
1906,709,2025-05-16,525684
1907,326,2025-10-27,532920
1908,811,2025-01-29,979729
1909,986,2025-03-10,532450
1910,990,2025-12-06,769354
1911,432,2025-12-15,436844
1912,646,2025-05-14,438450
1913,633,2025-03-01,918799
1914,419,2025-07-27,701835
1915,723,2025-12-04,537538
1916,872,2025-05-11,164082
1917,43,2025-08-14,267491
1918,504,2025-07-21,297474
1919,627,2025-06-12,944325
1920,546,2025-09-01,701977
1921,575,2025-11-23,538225
1922,298,2025-11-20,674174
1923,6,2025-08-08,550217
1924,439,2025-04-08,503137
1925,309,2025-07-25,271213
1926,674,2025-11-20,579579
1927,93,2025-05-02,452606
1928,30,2025-05-11,823148
1929,13,2025-06-09,638626
1930,127,2025-01-22,616875
1931,963,2025-03-19,907251
1932,108,2025-03-02,331893
1933,736,2025-11-14,538876
1934,662,2025-06-23,369667
1935,57,2025-06-18,443218
1936,61,2025-10-23,537381
1937,415,2025-06-16,431262
1938,593,2025-01-17,386674
1939,325,2025-01-18,480682
1940,614,2025-11-17,392548
1941,128,2025-02-15,539914
1942,86,2025-09-24,357158
1943,834,2025-08-04,508069
1944,489,2025-03-22,732585
1945,220,2025-03-03,693233
1946,506,2025-04-15,416458
1947,233,2025-11-22,534133
1948,276,2025-05-26,401693
1949,309,2025-08-18,839742
1950,971,2025-09-18,514733
1951,908,2025-09-14,517642
1952,397,2025-04-01,876442
1953,930,2025-05-08,557667
1954,922,2025-09-24,869766
1955,770,2025-06-11,1069830
1956,259,2025-02-06,747227
1957,111,2025-02-27,1055628
1958,103,2025-05-04,689100
1959,99,2025-01-25,1153071
1960,87,2025-10-07,504018
1961,472,2025-02-07,734289
1962,882,2025-06-28,630975
1963,979,2025-05-03,390647
1964,209,2025-04-28,579145
1965,582,2025-12-30,392357
1966,713,2025-09-11,616537
1967,835,2025-08-09,559808
1968,297,2025-01-09,523772
1969,642,2025-08-01,423543
1970,659,2025-02-15,404327
1971,947,2025-10-04,810674
1972,357,2025-11-20,424865
1973,717,2025-12-31,526648
1974,999,2025-03-20,1107203
1975,684,2025-03-18,748563
1976,16,2025-08-01,417894
1977,828,2025-07-01,616080
1978,595,2025-05-12,395682
1979,266,2025-12-22,571487
1980,13,2025-01-19,798930
1981,997,2025-10-01,1095515
1982,153,2025-01-27,1179017
1983,777,2025-09-10,866939
1984,624,2025-09-24,478572
1985,442,2025-10-15,408513
1986,767,2025-04-04,275019
1987,956,2025-02-07,487410
1988,431,2025-09-04,597864
1989,285,2025-09-18,288580
1990,802,2025-05-26,685841
1991,687,2025-12-29,671331
1992,715,2025-02-16,806295
1993,731,2025-10-18,382580
1994,868,2025-09-18,701361
1995,660,2025-04-30,592587
1996,274,2025-04-22,663134
1997,751,2025-07-13,684945
1998,434,2025-11-05,880460
1999,735,2025-05-27,648574
2000,59,2025-03-18,178916
2001,835,2025-05-25,849178
2002,814,2025-12-23,512230
2003,541,2025-03-17,69713
2004,519,2025-01-12,451844
2005,485,2025-01-25,650030
2006,111,2025-11-03,244697
2007,347,2025-08-31,547555
2008,840,2025-04-21,875315
2009,837,2025-06-01,751706
2010,571,2025-12-08,498423
2011,144,2025-09-20,283788
2012,804,2025-07-07,310938
2013,974,2025-05-12,460667
2014,951,2025-11-06,337850
2015,182,2025-03-06,687147
2016,711,2025-08-05,529938
2017,684,2025-04-06,671271
2018,629,2025-08-16,433363
2019,156,2025-06-04,326240
2020,633,2025-08-22,1013886
2021,174,2025-09-11,889255
2022,778,2025-09-08,696991
2023,408,2025-12-22,481145
2024,474,2025-03-23,726819
2025,790,2025-01-29,1261380
2026,29,2025-02-28,746154
2027,977,2025-12-02,591540
2028,685,2025-02-22,436197
2029,282,2025-09-22,437401
2030,44,2025-11-06,297752
2031,776,2025-10-29,384609
2032,93,2025-10-29,581031
2033,83,2025-02-23,923788
2034,20,2025-03-15,643946
2035,700,2025-02-22,745802
2036,470,2025-01-04,353612
2037,580,2025-06-30,721604
2038,430,2025-08-05,542515
2039,312,2025-04-22,677693
2040,735,2025-09-04,349105
2041,653,2025-11-30,438525
2042,634,2025-10-31,258789
2043,833,2025-04-21,587022
2044,391,2025-06-04,259628
2045,776,2025-03-03,452177
2046,503,2025-07-07,557436
2047,18,2025-06-22,499422
2048,85,2025-06-19,455456
2049,748,2025-10-26,1028109
2050,191,2025-09-04,400575
2051,574,2025-04-22,284954
2052,988,2025-06-08,385517
2053,242,2025-12-09,738616
2054,7,2025-03-12,459792
2055,167,2025-01-23,791586
2056,631,2025-10-15,1114346
2057,444,2025-08-22,457826
2058,443,2025-11-29,670365
2059,520,2025-12-18,242464
2060,106,2025-03-24,362897
2061,286,2025-01-16,561452
2062,116,2025-08-07,414704
2063,586,2025-05-04,626882
2064,711,2025-04-04,559628
2065,935,2025-09-27,1192422
2066,340,2025-06-26,732751
2067,401,2025-08-16,489486
2068,1000,2025-12-10,585812
2069,661,2025-09-08,989610
2070,416,2025-10-02,752823
2071,128,2025-04-19,821393
2072,647,2025-11-01,680960
2073,989,2025-06-17,641145
2074,293,2025-01-11,697027
2075,674,2025-02-22,587041
2076,290,2025-10-28,498665
2077,317,2025-05-23,241501
2078,181,2025-03-25,908327
2079,389,2025-05-31,265323
2080,162,2025-04-04,542582
2081,316,2025-02-03,357838
2082,74,2025-04-02,929167
2083,551,2025-06-01,915862
2084,305,2025-07-03,500531
2085,612,2025-01-21,278083
2086,137,2025-06-15,900659
2087,461,2025-01-13,384908
2088,974,2025-12-26,772537
2089,992,2025-07-10,339901
2090,53,2025-01-12,1122573
2091,858,2025-11-27,594939
2092,925,2025-04-19,605202
2093,152,2025-07-29,411408
2094,378,2025-03-23,696408
2095,416,2025-05-24,1227178
2096,960,2025-09-30,670893
2097,316,2025-07-02,549833
2098,281,2025-02-06,645377
2099,925,2025-03-20,636968
2100,311,2025-05-12,992550
2101,249,2025-09-17,784525
2102,536,2025-03-30,391626
2103,130,2025-03-03,1323616
2104,302,2025-10-30,515929
2105,162,2025-02-21,357455
2106,695,2025-09-20,467568
2107,865,2025-06-29,614084
2108,2,2025-03-11,790481
2109,449,2025-09-27,559643
2110,223,2025-04-04,444799
2111,212,2025-02-07,807730
2112,910,2025-06-21,730420
2113,858,2025-09-18,885914
2114,296,2025-06-09,1162608
2115,185,2025-02-19,512343
2116,854,2025-12-15,890531
2117,57,2025-11-16,816681
2118,88,2025-01-25,1092158
2119,528,2025-10-11,319767
2120,357,2025-03-27,562728
2121,405,2025-04-15,291818
2122,19,2025-09-03,1257236
2123,849,2025-10-10,212944
2124,158,2025-03-17,1033317
2125,842,2025-10-10,1101923
2126,935,2025-08-25,718425
2127,464,2025-05-04,616386
2128,840,2025-03-09,563494
2129,915,2025-12-14,651272
2130,215,2025-12-09,462224
2131,12,2025-09-08,406259
2132,715,2025-03-16,701420
2133,516,2025-07-17,218625
2134,649,2025-06-09,628559
2135,398,2025-03-26,885462
2136,934,2025-04-03,457956
2137,242,2025-06-25,605612
2138,450,2025-11-03,917535
2139,912,2025-08-19,293416
2140,195,2025-03-23,628395
2141,514,2025-11-22,738622
2142,990,2025-09-03,696606
2143,190,2025-01-03,781770
2144,483,2025-10-31,597567
2145,317,2025-07-05,305028
2146,11,2025-02-06,618634
2147,879,2025-06-12,490867
2148,705,2025-10-21,713918
2149,743,2025-01-05,1078439
2150,956,2025-07-27,746114
2151,31,2025-03-28,728707
2152,587,2025-05-16,453833
2153,550,2025-05-05,158202
2154,901,2025-12-02,669087
2155,279,2025-08-01,572851
2156,48,2025-01-19,872047
2157,801,2025-06-15,766929
2158,987,2025-03-29,361741
2159,488,2025-07-30,451466
2160,841,2025-03-17,649443
2161,894,2025-05-22,499898
2162,586,2025-07-24,489604
2163,784,2025-10-05,584134
2164,26,2025-04-17,398222
2165,288,2025-06-07,994705
2166,889,2025-12-04,555117
2167,748,2025-10-31,752195
2168,516,2025-06-22,765273
2169,263,2025-05-07,809428
2170,354,2025-05-14,224193
2171,618,2025-11-17,545248
2172,267,2025-02-03,324227
2173,510,2025-11-27,1363286
2174,740,2025-02-14,797260
2175,350,2025-03-18,502413
2176,704,2025-12-27,859651
2177,657,2025-06-01,623900
2178,712,2025-03-11,865445
2179,701,2025-06-23,715381
2180,849,2025-07-16,570868
2181,581,2025-01-30,553430
2182,311,2025-04-17,643089
2183,325,2025-01-25,872662
2184,313,2025-10-03,262707
2185,579,2025-02-18,889324
2186,371,2025-10-23,673044
2187,764,2025-11-07,432943
2188,38,2025-03-08,866889
2189,194,2025-03-04,185151
2190,610,2025-01-09,517080
2191,856,2025-01-16,470220
2192,495,2025-11-27,530303
2193,884,2025-02-03,594543
2194,598,2025-07-15,303760
2195,794,2025-04-28,830556
2196,535,2025-11-09,499053
2197,813,2025-02-13,267037
2198,150,2025-06-09,755152
2199,642,2025-01-02,642252
2200,521,2025-06-18,509808
2201,453,2025-06-11,341110
2202,192,2025-01-04,614154
2203,463,2025-10-25,435990
2204,664,2025-05-26,852447
2205,955,2025-12-16,916482
2206,797,2025-03-12,423574
2207,707,2025-09-25,871064
2208,858,2025-02-24,595034
2209,626,2025-11-16,397065
2210,676,2025-03-13,561093
2211,621,2025-06-01,592934
2212,900,2025-08-16,504324
2213,487,2025-08-15,405762
2214,781,2025-06-14,932568
2215,215,2025-06-26,894489
2216,550,2025-02-14,272273
2217,767,2025-05-01,413107
2218,955,2025-04-06,883472
2219,443,2025-06-05,252208
2220,551,2025-12-25,497110
2221,387,2025-04-13,1032504
2222,256,2025-08-03,606915
2223,621,2025-10-19,321671
2224,236,2025-05-25,271593
2225,583,2025-07-23,1100395
2226,564,2025-06-21,649758
2227,93,2025-10-24,534250
2228,703,2025-07-12,704861
2229,601,2025-11-12,357098
2230,469,2025-11-29,1010608
2231,339,2025-11-01,1108314
2232,512,2025-10-11,417060
2233,121,2025-03-23,719129
2234,283,2025-01-25,1408354
2235,838,2025-01-14,850292
2236,263,2025-05-10,258376
2237,235,2025-10-30,433725
2238,344,2025-01-04,869778
2239,361,2025-10-19,307437
2240,426,2025-10-06,475797
2241,352,2025-01-31,815464
2242,810,2025-07-31,298288
2243,1,2025-02-01,470180
2244,496,2025-03-21,625431
2245,826,2025-05-19,610952
2246,842,2025-05-11,1269814
2247,63,2025-05-14,712274
2248,482,2025-06-19,338736
2249,367,2025-02-16,685907
2250,22,2025-07-24,601380
2251,700,2025-10-26,900443
2252,669,2025-03-23,570506
2253,284,2025-04-23,872292
2254,899,2025-09-11,607287
2255,410,2025-10-03,543466
2256,75,2025-09-10,441543
2257,632,2025-03-08,406381
2258,448,2025-05-16,571117
2259,236,2025-08-10,1143296
2260,840,2025-07-29,700265
2261,121,2025-06-29,698606
2262,273,2025-05-29,288774
2263,340,2025-08-13,1152677
2264,724,2025-11-20,380907
2265,413,2025-09-05,419751
2266,887,2025-04-12,298112
2267,804,2025-03-12,445386
2268,324,2025-08-15,912259
2269,816,2025-03-03,154703
2270,623,2025-07-19,1278714
2271,410,2025-08-03,403901
2272,507,2025-02-14,1341435
2273,224,2025-05-09,1116769
2274,975,2025-12-31,661034
2275,454,2025-11-30,524677
2276,952,2025-03-10,821394
2277,680,2025-12-23,339984
2278,253,2025-02-07,752691
2279,429,2025-10-22,1042425
2280,283,2025-02-28,633706
2281,374,2025-06-05,558260
2282,323,2025-05-20,448766
2283,354,2025-07-12,724689
2284,206,2025-07-04,574065
2285,723,2025-06-08,710208
2286,917,2025-04-19,712674
2287,807,2025-07-08,459674
2288,969,2025-02-02,739443
2289,991,2025-10-29,386317
2290,420,2025-05-31,437455
2291,681,2025-08-23,742307
2292,578,2025-05-01,573364
2293,946,2025-02-23,631954
2294,699,2025-06-23,429467
2295,12,2025-09-01,707549
2296,438,2025-03-26,734242
2297,144,2025-11-06,381632
2298,479,2025-01-10,832605
2299,762,2025-02-07,990543
2300,84,2025-03-12,514280
2301,360,2025-09-24,484358
2302,289,2025-08-26,956623
2303,140,2025-06-05,397170
2304,483,2025-09-02,366087
2305,754,2025-05-22,718081
2306,435,2025-01-17,714882
2307,533,2025-07-20,659566
2308,547,2025-08-13,869877
2309,265,2025-04-14,1002172
2310,170,2025-09-18,871582
2311,954,2025-11-25,391129
2312,298,2025-10-26,671890
2313,239,2025-12-17,1047687
2314,414,2025-11-21,186898
2315,284,2025-10-09,781801
2316,711,2025-12-17,408546
2317,981,2025-06-05,967529
2318,439,2025-09-13,479567
2319,182,2025-03-28,591079
2320,704,2025-02-24,365017
2321,809,2025-01-02,595848
2322,901,2025-05-14,393096
2323,411,2025-12-18,601665
2324,29,2025-04-27,427092
2325,286,2025-03-15,460769
2326,256,2025-10-24,291759
2327,16,2025-02-05,426529
2328,624,2025-11-25,743440
2329,518,2025-08-14,265899
2330,747,2025-02-21,559733
2331,40,2025-06-08,1134425
2332,994,2025-06-18,1115793
2333,196,2025-05-08,321148
2334,180,2025-04-14,748829
2335,414,2025-10-16,1328771
2336,206,2025-12-12,1005656
2337,725,2025-09-05,1018847
2338,15,2025-12-29,1028580
2339,272,2025-07-16,973034
2340,243,2025-10-24,437096
2341,698,2025-06-20,847114
2342,711,2025-08-23,983582
2343,971,2025-06-10,1111293
2344,993,2025-06-05,295411
2345,696,2025-05-05,447156
2346,652,2025-11-15,328530
2347,1,2025-02-23,356665
2348,726,2025-11-05,618922
2349,43,2025-02-01,353009
2350,522,2025-05-13,420265
2351,922,2025-05-27,730360
2352,927,2025-02-28,849295
2353,207,2025-01-08,317430
2354,131,2025-05-01,734979
2355,990,2025-05-24,1138438
2356,110,2025-05-10,1134472
2357,634,2025-02-23,784597
2358,820,2025-03-22,363502
2359,853,2025-11-21,660931
2360,512,2025-01-03,581514
2361,984,2025-07-29,1256368
2362,379,2025-11-20,704550
2363,775,2025-09-07,534612
2364,555,2025-07-28,282026
2365,913,2025-08-07,496374
2366,174,2025-09-27,1157040
2367,47,2025-01-29,821765
2368,175,2025-09-10,363639
2369,156,2025-02-21,732609
2370,782,2025-11-22,892224
2371,117,2025-03-18,609042
2372,2,2025-08-24,202728
2373,758,2025-08-03,541208
2374,759,2025-03-26,1177021
2375,333,2025-08-31,294372
2376,69,2025-09-27,729001
2377,449,2025-07-05,133067
2378,770,2025-02-01,412820
2379,763,2025-10-11,618353
2380,527,2025-02-20,642594
2381,776,2025-05-20,1049015
2382,681,2025-09-21,427477
2383,956,2025-03-05,762164
2384,55,2025-05-08,766166
2385,736,2025-02-28,957491
2386,630,2025-03-13,636155
2387,777,2025-03-17,884059
2388,231,2025-09-29,527043
2389,330,2025-01-03,732620
2390,14,2025-05-07,689529
2391,180,2025-11-24,451629
2392,469,2025-12-03,1074380
2393,474,2025-03-22,683573
2394,449,2025-01-28,646977
2395,925,2025-05-07,1163780
2396,406,2025-04-05,926733
2397,560,2025-09-29,496828
2398,429,2025-12-10,278102
2399,175,2025-08-30,397979
2400,799,2025-07-25,480606
2401,648,2025-05-23,419498
2402,561,2025-01-30,641226
2403,538,2025-04-21,1160718
2404,269,2025-06-27,687120
2405,405,2025-05-01,677843
2406,996,2025-02-08,580525
2407,319,2025-11-09,237597
2408,18,2025-03-20,529625
2409,256,2025-12-07,547643
2410,956,2025-03-08,877185
2411,613,2025-08-13,593972
2412,647,2025-05-10,589030
2413,919,2025-03-23,386520
2414,865,2025-07-22,546906
2415,572,2025-09-03,760592
2416,412,2025-07-09,484667
2417,332,2025-02-11,926216
2418,484,2025-06-20,539591
2419,414,2025-03-06,555855
2420,207,2025-08-17,503920
2421,842,2025-04-29,698223
2422,949,2025-08-08,444204
2423,602,2025-10-28,440369
2424,563,2025-12-04,668435
2425,647,2025-03-26,463229
2426,275,2025-05-06,507033
2427,958,2025-07-27,1236287
2428,636,2025-10-31,489001
2429,170,2025-04-23,442524
2430,893,2025-02-11,1178161
2431,149,2025-05-04,221733
2432,564,2025-01-05,564164
2433,85,2025-08-30,1043736
2434,451,2025-01-21,493724
2435,188,2025-05-12,277291
2436,720,2025-04-08,782181
2437,648,2025-11-20,503566
2438,700,2025-07-28,807936
2439,708,2025-08-09,326186
2440,234,2025-09-17,882543
2441,305,2025-07-09,432746
2442,223,2025-12-14,702583
2443,713,2025-06-29,600022
2444,229,2025-01-31,750268
2445,768,2025-08-28,1070776
2446,134,2025-12-20,427497
2447,538,2025-08-12,274787
2448,518,2025-10-14,499537
2449,430,2025-06-15,1243697
2450,903,2025-11-25,548045
2451,414,2025-12-29,215605
2452,734,2025-04-27,293778
2453,571,2025-06-15,344958
2454,606,2025-08-26,399164
2455,15,2025-10-26,444029
2456,146,2025-04-14,389566
2457,265,2025-05-23,385767
2458,620,2025-01-30,797130
2459,69,2025-02-16,289062
2460,201,2025-03-18,307235
2461,357,2025-10-01,561205
2462,366,2025-08-26,877053
2463,497,2025-09-23,706565
2464,691,2025-10-24,904561
2465,476,2025-07-02,449496
2466,242,2025-05-26,749912
2467,682,2025-10-22,151103
2468,806,2025-12-25,546357
2469,164,2025-06-25,792210
2470,322,2025-05-12,845767
2471,511,2025-10-21,507815
2472,261,2025-01-20,668797
2473,602,2025-01-14,769764
2474,375,2025-09-29,691669
2475,567,2025-09-30,879313
2476,865,2025-02-28,495626
2477,374,2025-06-06,814392
2478,517,2025-04-24,1368775
2479,43,2025-08-22,1591787
2480,795,2025-02-08,277300
2481,936,2025-07-02,606142
2482,686,2025-08-14,636562
2483,449,2025-05-25,886263
2484,612,2025-06-29,859201
2485,426,2025-01-11,310867
2486,492,2025-12-14,305136
2487,285,2025-09-27,995208
2488,593,2025-11-18,504790
2489,298,2025-09-05,614744
2490,180,2025-11-03,589154
2491,585,2025-01-02,369634
2492,369,2025-12-09,787515
2493,281,2025-07-31,346710
2494,160,2025-06-09,990328
2495,282,2025-02-25,236362
2496,830,2025-05-24,508816
2497,665,2025-06-13,412797
2498,444,2025-12-26,473949
2499,234,2025-04-13,1106991
2500,566,2025-12-12,899878
2501,313,2025-09-30,575462
2502,264,2025-11-30,334626
2503,224,2025-05-18,394191
2504,705,2025-10-03,162713
2505,793,2025-06-04,1176997
2506,932,2025-02-06,920587
2507,99,2025-12-16,1180397
2508,616,2025-07-08,930492
2509,636,2025-05-21,361524
2510,550,2025-10-01,825255
2511,228,2025-03-31,252170
2512,662,2025-08-26,591686
2513,977,2025-12-01,500430
2514,849,2025-04-27,533020
2515,414,2025-03-30,671431
2516,921,2025-11-13,653895
2517,801,2025-12-11,395611
2518,719,2025-07-31,378983
2519,654,2025-06-27,474852
2520,65,2025-01-22,755930
2521,499,2025-06-29,567245
2522,781,2025-05-12,578190
2523,109,2025-09-11,662274
2524,631,2025-09-30,647723
2525,749,2025-04-09,746508
2526,319,2025-04-22,404314
2527,808,2025-03-15,362266
2528,592,2025-09-02,737940
2529,47,2025-02-23,334980
2530,174,2025-05-01,412251
2531,410,2025-03-17,931243
2532,842,2025-09-21,682315
2533,319,2025-10-31,541432
2534,484,2025-10-30,285434
2535,970,2025-01-29,370988
2536,28,2025-06-11,539648
2537,24,2025-06-01,590337
2538,845,2025-03-04,496541
2539,125,2025-10-21,327990
2540,922,2025-05-03,551726
2541,341,2025-03-07,580994
2542,810,2025-10-20,443071
2543,158,2025-01-05,467747
2544,65,2025-01-08,638667
2545,916,2025-02-20,629851
2546,755,2025-11-21,137262
2547,331,2025-09-27,732258
2548,790,2025-07-07,434177
2549,511,2025-06-23,674071
2550,614,2025-08-06,355715
2551,766,2025-12-18,641232
2552,557,2025-10-13,231906
2553,30,2025-10-06,474175
2554,919,2025-01-11,800075
2555,159,2025-12-19,511281
2556,912,2025-09-23,673390
2557,660,2025-09-07,785437
2558,308,2025-12-22,1086023
2559,799,2025-03-12,710807
2560,425,2025-05-23,822828
2561,276,2025-11-15,411780
2562,493,2025-04-13,395115
2563,871,2025-10-26,428292
2564,66,2025-10-18,480286
2565,773,2025-04-15,486966
2566,377,2025-12-20,942870
2567,631,2025-03-20,472333
2568,468,2025-04-28,778547
2569,244,2025-07-09,369605
2570,933,2025-10-03,516431
2571,319,2025-01-02,1063833
2572,532,2025-03-20,776346
2573,656,2025-04-15,855237
2574,551,2025-03-01,637793
2575,154,2025-11-16,903021
2576,712,2025-09-30,609810
2577,524,2025-10-20,675607
2578,646,2025-04-14,651516
2579,262,2025-04-13,443499
2580,424,2025-09-01,547035
2581,948,2025-10-13,920210
2582,865,2025-05-16,1352525
2583,501,2025-09-01,395878
2584,363,2025-03-26,643499
2585,179,2025-05-22,567356
2586,672,2025-01-13,632773
2587,451,2025-04-11,845828
2588,879,2025-04-21,363760
2589,687,2025-08-11,524484
2590,706,2025-04-28,708569
2591,428,2025-09-15,400821
2592,91,2025-01-09,726560
2593,773,2025-08-24,495674
2594,473,2025-09-06,744936
2595,377,2025-04-12,244195
2596,256,2025-11-03,706948
2597,363,2025-07-10,290677
2598,515,2025-07-17,1116509
2599,37,2025-12-24,700791
2600,405,2025-06-15,156713
2601,122,2025-10-20,379521
2602,787,2025-08-21,620202
2603,42,2025-05-13,429682
2604,499,2025-07-23,861313
2605,630,2025-02-10,792457
2606,822,2025-12-20,629894
2607,514,2025-06-04,700621
2608,383,2025-05-05,602503
2609,541,2025-06-03,413838
2610,715,2025-03-11,345650
2611,691,2025-09-22,712029
2612,237,2025-09-02,661422
2613,279,2025-06-06,472778
2614,926,2025-08-21,570967
2615,679,2025-07-12,832147
2616,549,2025-06-18,656132
2617,790,2025-03-27,544488
2618,786,2025-05-23,893031
2619,909,2025-11-25,842352
2620,63,2025-07-22,750251
2621,362,2025-06-15,457385
2622,28,2025-11-20,308360
2623,931,2025-11-25,513299
2624,62,2025-12-24,603964
2625,749,2025-05-25,397020
2626,712,2025-02-28,836079
2627,219,2025-08-13,562730
2628,477,2025-03-14,353353
2629,23,2025-05-08,808274
2630,652,2025-10-31,453366
2631,543,2025-03-24,1122907
2632,300,2025-01-16,500581
2633,67,2025-02-10,700951
2634,37,2025-10-01,467873
2635,326,2025-05-13,1074400
2636,505,2025-11-27,762928
2637,399,2025-05-04,677481
2638,407,2025-02-25,576986
2639,986,2025-02-12,777745
2640,191,2025-08-13,543833
2641,570,2025-12-17,714401
2642,335,2025-01-02,625531
2643,934,2025-11-22,470022
2644,281,2025-03-08,945228
2645,674,2025-12-26,889184
2646,469,2025-02-20,837846
2647,38,2025-04-13,691353
2648,413,2025-09-14,669628
2649,359,2025-06-22,843878
2650,117,2025-01-13,602474
2651,39,2025-04-13,341996
2652,121,2025-11-04,508327
2653,59,2025-04-28,890797
2654,713,2025-07-26,531746
2655,943,2025-06-21,273718
2656,472,2025-06-29,453119
2657,539,2025-10-20,477114
2658,678,2025-02-01,397873
2659,645,2025-04-16,251170
2660,994,2025-04-02,718022
2661,200,2025-05-16,726457
2662,52,2025-05-11,587819
2663,104,2025-11-14,393390
2664,90,2025-12-16,845005
2665,542,2025-04-07,1087100
2666,152,2025-03-05,728439
2667,823,2025-12-20,375898
2668,101,2025-12-26,576616
2669,516,2025-03-09,484100
2670,147,2025-06-08,1043465
2671,801,2025-06-02,973795
2672,184,2025-10-07,365976
2673,675,2025-09-23,286111
2674,21,2025-09-08,564648
2675,116,2025-09-15,807041
2676,183,2025-05-12,486958
2677,174,2025-11-28,392658
2678,741,2025-04-27,766434
2679,930,2025-01-14,391763
2680,709,2025-04-25,513135
2681,895,2025-06-26,988444
2682,623,2025-07-04,598634
2683,575,2025-10-16,931755
2684,690,2025-12-02,918812
2685,167,2025-04-11,615963
2686,166,2025-07-11,912988
2687,461,2025-05-09,444950
2688,153,2025-08-07,272596
2689,496,2025-08-16,473632
2690,112,2025-02-11,507649
2691,664,2025-01-10,468640
2692,51,2025-09-05,531268
2693,528,2025-04-18,725454
2694,454,2025-08-19,611363
2695,814,2025-01-19,833024
2696,146,2025-06-08,521324
2697,713,2025-07-31,1365023
2698,313,2025-08-20,1119576
2699,401,2025-11-28,934355
2700,450,2025-03-20,579585
2701,426,2025-08-09,359531
2702,707,2025-03-08,801419
2703,463,2025-08-20,382658
2704,578,2025-03-27,355799
2705,346,2025-05-27,262119
2706,611,2025-01-06,594975
2707,397,2025-11-22,756785
2708,903,2025-07-23,431249
2709,607,2025-12-12,586795
2710,208,2025-01-20,617704
2711,788,2025-11-08,607687
2712,485,2025-08-27,501112
2713,812,2025-06-11,588511
2714,740,2025-09-02,1311562
2715,264,2025-08-31,467853
2716,529,2025-05-08,563355
2717,407,2025-07-17,1121992
2718,6,2025-06-11,461174
2719,970,2025-06-25,1069332
2720,754,2025-09-24,448746
2721,353,2025-10-27,506983
2722,71,2025-07-19,750023
2723,491,2025-03-24,912782
2724,783,2025-05-15,1324061
2725,222,2025-12-03,714068
2726,801,2025-05-25,454874
2727,879,2025-10-16,843863
2728,174,2025-09-09,752124
2729,946,2025-01-14,771342
2730,73,2025-12-26,162032
2731,141,2025-01-18,601929
2732,197,2025-05-02,636892
2733,743,2025-03-13,915293
2734,155,2025-12-20,424042
2735,513,2025-07-27,228390
2736,138,2025-11-05,619719
2737,614,2025-08-16,586319
2738,260,2025-05-04,996893
2739,520,2025-12-16,386756
2740,93,2025-08-21,1038623
2741,168,2025-08-21,657686
2742,719,2025-05-18,693324
2743,738,2025-10-03,586470
2744,237,2025-06-01,236882
2745,127,2025-12-03,1091811
2746,449,2025-07-10,382311
2747,639,2025-09-22,605542
2748,253,2025-08-13,713172
2749,319,2025-09-02,572306
2750,421,2025-03-22,468197
2751,324,2025-07-04,835986
2752,657,2025-02-19,496629
2753,822,2025-06-16,496789
2754,238,2025-04-08,565718
2755,521,2025-01-22,449170
2756,247,2025-09-03,690625
2757,945,2025-02-17,906729
2758,303,2025-05-07,732332
2759,64,2025-06-08,957003
2760,107,2025-01-03,337417
2761,586,2025-01-10,648766
2762,678,2025-11-12,670487
2763,578,2025-06-28,512436
2764,827,2025-07-15,994126
2765,327,2025-07-25,447915
2766,781,2025-07-11,580225
2767,261,2025-08-23,995884
2768,493,2025-11-14,426501
2769,759,2025-11-12,856351
2770,332,2025-08-15,1185968
2771,117,2025-06-02,339471
2772,556,2025-01-05,852235
2773,904,2025-07-21,894706
2774,430,2025-03-25,555129
2775,348,2025-10-29,756104
2776,254,2025-02-19,690539
2777,995,2025-07-01,823901
2778,484,2025-06-05,795866
2779,944,2025-01-17,495435
2780,143,2025-04-17,511755
2781,776,2025-08-19,433691
2782,283,2025-07-13,353194
2783,292,2025-06-21,861298
2784,828,2025-09-30,656084
2785,247,2025-03-22,931436
2786,814,2025-06-08,96499
2787,115,2025-06-17,665536
2788,176,2025-08-19,442885
2789,84,2025-08-15,295335
2790,813,2025-09-26,988271
2791,378,2025-12-07,332607
2792,929,2025-08-26,232992
2793,854,2025-08-23,448937
2794,641,2025-01-05,375905
2795,147,2025-04-17,487656
2796,86,2025-03-10,521532
2797,544,2025-05-17,954749
2798,229,2025-11-18,600409
2799,891,2025-10-12,538377
2800,458,2025-12-14,676979
2801,26,2025-04-22,936946
2802,548,2025-05-30,672851
2803,985,2025-08-07,1020851
2804,518,2025-01-09,674440
2805,81,2025-05-24,1016057
2806,409,2025-01-06,734727
2807,882,2025-03-15,966947
2808,374,2025-02-19,1007175
2809,661,2025-08-12,537218
2810,296,2025-10-15,1243565
2811,740,2025-07-06,806538
2812,493,2025-08-01,740586
2813,44,2025-10-07,371534
2814,139,2025-08-09,880446
2815,296,2025-12-16,755282
2816,792,2025-09-05,564286
2817,889,2025-07-06,720087
2818,21,2025-04-08,780145
2819,359,2025-02-16,581487
2820,486,2025-12-08,1149451
2821,342,2025-06-30,813750
2822,736,2025-05-11,686801
2823,70,2025-10-23,1094480
2824,358,2025-11-13,532335
2825,646,2025-03-04,658793
2826,372,2025-07-13,823746
2827,826,2025-05-23,445783
2828,464,2025-06-29,542055
2829,192,2025-08-21,618930
2830,300,2025-09-14,562147
2831,332,2025-09-29,268174
2832,93,2025-05-14,204469
2833,314,2025-04-18,1154997
2834,349,2025-03-16,246862
2835,266,2025-02-17,632449
2836,221,2025-01-22,513421
2837,462,2025-04-01,1003585
2838,411,2025-11-01,827433
2839,845,2025-08-03,1090759
2840,577,2025-08-30,537596
2841,999,2025-04-10,565125
2842,677,2025-04-21,592827
2843,513,2025-04-21,352162
2844,795,2025-01-02,777480
2845,541,2025-07-21,1320891
2846,770,2025-11-01,618760
2847,636,2025-07-22,642044
2848,781,2025-11-27,620829
2849,841,2025-05-11,1075000
2850,515,2025-06-27,770747
2851,644,2025-02-18,504947
2852,496,2025-08-22,654239
2853,963,2025-02-20,729512
2854,275,2025-02-20,654327
2855,148,2025-04-26,334212
2856,788,2025-11-19,255056
2857,397,2025-12-13,618202
2858,483,2025-10-31,722848
2859,945,2025-05-14,340930
2860,233,2025-02-04,753384
2861,335,2025-11-18,409933
2862,782,2025-07-06,314853
2863,71,2025-07-09,631059
2864,99,2025-11-22,490514
2865,488,2025-06-07,725517
2866,102,2025-08-20,839827
2867,601,2025-06-30,853927
2868,159,2025-07-01,462640
2869,308,2025-03-29,241767
2870,401,2025-10-29,889134
2871,641,2025-10-10,498973
2872,276,2025-06-15,613270
2873,512,2025-07-23,737025
2874,585,2025-11-19,552192
2875,609,2025-08-02,457282
2876,3,2025-07-20,458921
2877,862,2025-05-28,415603
2878,617,2025-05-03,402088
2879,359,2025-07-04,798579
2880,724,2025-01-13,793014
2881,904,2025-07-11,874639
2882,275,2025-10-25,710202
2883,489,2025-01-23,919556
2884,532,2025-03-20,180668
2885,354,2025-02-16,721869
2886,848,2025-07-27,635187
2887,525,2025-01-11,912917
2888,695,2025-07-07,546027
2889,423,2025-02-10,583489
2890,151,2025-05-12,296487
2891,83,2025-11-10,588555
2892,217,2025-06-07,510865
2893,466,2025-04-02,603492
2894,32,2025-11-28,565813
2895,511,2025-01-01,787071
2896,632,2025-01-21,476252
2897,472,2025-10-12,321255
2898,874,2025-03-21,1087614
2899,956,2025-04-20,367383
2900,43,2025-04-03,873237
2901,69,2025-07-25,512730
2902,143,2025-05-10,646691
2903,467,2025-12-01,693163
2904,366,2025-02-27,975553
2905,268,2025-12-12,1037501
2906,383,2025-05-05,788509
2907,61,2025-06-21,665015
2908,470,2025-01-03,429991
2909,57,2025-11-28,515526
2910,341,2025-08-20,685918
2911,141,2025-03-27,688738
2912,951,2025-02-15,562633
2913,866,2025-12-30,649782
2914,732,2025-11-27,889601
2915,523,2025-07-05,532718
2916,945,2025-07-02,956226
2917,810,2025-03-04,920062
2918,192,2025-04-19,131648
2919,208,2025-02-19,335076
2920,280,2025-09-03,745701
2921,776,2025-02-15,408549
2922,378,2025-05-25,246224
2923,575,2025-05-26,417048
2924,674,2025-03-09,545538
2925,569,2025-12-01,884258
2926,774,2025-07-07,464241
2927,663,2025-08-23,643754
2928,766,2025-05-24,800756
2929,626,2025-07-18,650882
2930,809,2025-09-07,1091379
2931,341,2025-04-17,241195
2932,359,2025-04-04,1136021
2933,581,2025-08-27,729697
2934,205,2025-04-23,520560
2935,138,2025-08-28,476367
2936,474,2025-12-01,607882
2937,675,2025-09-04,587683
2938,943,2025-04-17,256400
2939,396,2025-09-07,377531
2940,134,2025-01-14,718644
2941,626,2025-12-07,932335
2942,576,2025-04-15,866844
2943,847,2025-02-01,926072
2944,890,2025-07-06,620429
2945,675,2025-04-23,709240
2946,274,2025-12-07,881316
2947,151,2025-08-08,428282
2948,391,2025-05-04,319161
2949,721,2025-08-10,462464
2950,835,2025-05-08,1152345
2951,384,2025-12-13,416963
2952,669,2025-09-30,269293
2953,606,2025-12-21,498122
2954,485,2025-02-27,218077
2955,942,2025-08-29,831898
2956,709,2025-10-23,211132
2957,458,2025-07-13,758354
2958,511,2025-12-22,120057
2959,87,2025-05-04,1251858
2960,791,2025-06-03,967782
2961,117,2025-10-31,626288
2962,212,2025-03-13,828939
2963,586,2025-06-22,998062
2964,816,2025-11-14,822329
2965,998,2025-06-28,717307
2966,250,2025-03-25,842441
2967,711,2025-07-28,999510
2968,597,2025-04-12,662576
2969,547,2025-03-18,336276
2970,517,2025-01-06,581856
2971,518,2025-08-24,330195
2972,883,2025-07-19,308321
2973,115,2025-05-20,421583
2974,760,2025-01-17,417519
2975,223,2025-01-18,201543
2976,584,2025-08-28,235588
2977,66,2025-07-18,687134
2978,819,2025-04-22,744567
2979,755,2025-01-08,460829
2980,755,2025-11-10,513349
2981,309,2025-06-13,575420
2982,592,2025-10-01,728224
2983,934,2025-08-04,701624
2984,313,2025-07-15,398573
2985,225,2025-08-04,974527
2986,909,2025-10-28,453911
2987,76,2025-02-09,974907
2988,10,2025-10-13,216590
2989,352,2025-07-17,616266
2990,299,2025-04-28,585677
2991,957,2025-05-19,800993
2992,764,2025-10-17,772016
2993,10,2025-04-23,809341
2994,694,2025-07-23,1152828
2995,178,2025-04-28,640091
2996,806,2025-12-13,780240
2997,46,2025-04-05,436889
2998,340,2025-01-04,359224
2999,207,2025-02-09,347015
3000,762,2025-09-19,642215
3001,756,2025-02-25,369410
3002,412,2025-10-25,911966
3003,422,2025-04-16,678166
3004,561,2025-08-11,873999
3005,993,2025-02-02,353531
3006,710,2025-03-09,610267
3007,720,2025-08-29,961298
3008,563,2025-12-29,408964
3009,166,2025-04-05,645342
3010,737,2025-11-15,702598
3011,196,2025-03-22,988542
3012,783,2025-09-07,673347
3013,674,2025-03-11,460189
3014,944,2025-10-21,847608
3015,881,2025-08-06,259861
3016,57,2025-09-26,622114
3017,339,2025-11-01,487107
3018,518,2025-04-23,1054381
3019,912,2025-10-08,713084
3020,423,2025-05-24,324714
3021,450,2025-04-23,917855
3022,907,2025-11-02,623917
3023,585,2025-08-28,842148
3024,461,2025-05-03,641569
3025,464,2025-08-25,644753
3026,285,2025-02-10,642455
3027,522,2025-07-18,1031522
3028,663,2025-02-25,640748
3029,509,2025-07-30,910639
3030,210,2025-11-11,580899
3031,661,2025-03-31,447639
3032,322,2025-09-20,510044
3033,196,2025-02-09,424870
3034,416,2025-07-31,485609
3035,543,2025-07-16,1082046
3036,140,2025-10-06,782684
3037,492,2025-12-04,429057
3038,365,2025-02-24,474304
3039,820,2025-09-14,646213
3040,34,2025-04-01,435296
3041,78,2025-05-02,852002
3042,58,2025-12-30,249024
3043,241,2025-04-26,645270
3044,922,2025-09-25,478714
3045,397,2025-01-03,541265
3046,239,2025-05-22,672187
3047,684,2025-08-18,277938
3048,603,2025-06-18,1041655
3049,733,2025-04-10,683516
3050,444,2025-03-05,457106
3051,247,2025-08-12,265669
3052,96,2025-09-17,798668
3053,939,2025-05-22,382933
3054,553,2025-03-18,403155
3055,316,2025-05-05,367703
3056,791,2025-10-03,1162076
3057,644,2025-07-03,659560
3058,31,2025-08-24,701554
3059,2,2025-12-07,786441
3060,813,2025-09-12,830898
3061,63,2025-06-25,519382
3062,767,2025-08-31,334863
3063,217,2025-05-13,583081
3064,160,2025-07-12,852519
3065,151,2025-11-07,1215679
3066,547,2025-11-07,911552
3067,3,2025-04-20,406272
3068,88,2025-02-11,682349
3069,932,2025-09-01,959437
3070,90,2025-05-28,618370
3071,611,2025-07-17,707001
3072,218,2025-11-30,822796
3073,446,2025-08-14,717123
3074,912,2025-11-17,402456
3075,781,2025-11-10,615981
3076,196,2025-11-01,451706
3077,527,2025-09-17,158104
3078,55,2025-08-16,246793
3079,580,2025-12-06,643701
3080,551,2025-10-18,1161111
3081,300,2025-02-15,1077527
3082,749,2025-07-22,389064
3083,510,2025-06-21,588436
3084,303,2025-11-20,687500
3085,911,2025-02-26,870097
3086,47,2025-02-22,859255
3087,365,2025-06-27,577024
3088,87,2025-08-11,493549
3089,175,2025-02-03,143017
3090,665,2025-12-14,544943
3091,143,2025-07-01,537931
3092,535,2025-03-24,779314
3093,330,2025-03-16,480294
3094,679,2025-03-20,872286
3095,220,2025-03-31,1217104
3096,892,2025-02-14,849615
3097,558,2025-09-22,957295
3098,60,2025-02-22,248663
3099,799,2025-09-02,499308
3100,231,2025-07-26,851565
3101,492,2025-08-13,536401
3102,87,2025-02-21,155910
3103,298,2025-11-26,1054156
3104,913,2025-06-30,309198
3105,178,2025-01-15,595296
3106,279,2025-08-03,694834
3107,188,2025-08-25,366745
3108,555,2025-03-24,879116
3109,570,2025-07-31,525004
3110,333,2025-04-11,260996
3111,731,2025-10-25,456473
3112,987,2025-09-07,749448
3113,734,2025-10-30,905858
3114,537,2025-12-14,927807
3115,504,2025-01-03,444049
3116,929,2025-12-18,373531
3117,525,2025-03-14,708182
3118,881,2025-05-14,458895
3119,249,2025-03-19,309764
3120,338,2025-07-09,572573
3121,325,2025-08-06,689614
3122,670,2025-07-21,858584
3123,557,2025-02-09,794055
3124,773,2025-05-08,502006
3125,526,2025-02-14,850335
3126,842,2025-10-11,737714
3127,829,2025-08-04,586819
3128,39,2025-07-10,685716
3129,831,2025-12-18,569838
3130,101,2025-02-10,915016
3131,640,2025-10-07,1035877
3132,156,2025-01-15,685254
3133,365,2025-07-26,554494
3134,293,2025-05-27,502444
3135,730,2025-10-31,623633
3136,882,2025-04-16,441661
3137,898,2025-08-01,910643
3138,405,2025-11-03,332112
3139,54,2025-10-15,300945
3140,622,2025-04-08,517882
3141,148,2025-08-05,1055717
3142,605,2025-01-25,930501
3143,593,2025-06-26,429055
3144,886,2025-10-28,933527
3145,986,2025-10-18,737532
3146,828,2025-08-12,850274
3147,846,2025-10-06,342031
3148,460,2025-06-21,730182
3149,463,2025-05-20,1598875
3150,600,2025-03-29,714952
3151,188,2025-08-20,579460
3152,849,2025-07-22,288566
3153,37,2025-07-24,712568
3154,942,2025-08-23,883352
3155,937,2025-07-01,328684
3156,913,2025-03-12,1031413
3157,507,2025-01-15,422177
3158,728,2025-05-11,1012044
3159,460,2025-04-27,507415
3160,388,2025-12-17,660681
3161,297,2025-01-05,518118
3162,311,2025-03-12,738914
3163,883,2025-09-23,326531
3164,982,2025-06-01,988559
3165,290,2025-12-19,628257
3166,839,2025-06-22,479091
3167,155,2025-02-24,449136
3168,915,2025-11-09,832535
3169,854,2025-05-18,1042398
3170,461,2025-02-11,614996
3171,794,2025-06-30,574342
3172,532,2025-07-05,441281
3173,794,2025-09-16,290175
3174,287,2025-03-27,711556
3175,265,2025-04-26,402517
3176,751,2025-08-22,486296
3177,335,2025-05-27,1046030
3178,426,2025-04-12,402687
3179,375,2025-04-01,664765
3180,974,2025-08-21,619879
3181,66,2025-06-12,596186
3182,979,2025-10-15,237080
3183,863,2025-03-26,674927
3184,10,2025-12-09,376853
3185,689,2025-05-06,1099088
3186,445,2025-05-25,363713
3187,719,2025-04-15,909186
3188,227,2025-10-09,413676
3189,880,2025-05-18,262804
3190,622,2025-10-06,839443
3191,135,2025-03-21,475760
3192,603,2025-08-10,354402
3193,78,2025-11-30,327656
3194,306,2025-09-06,195458
3195,771,2025-10-14,753331
3196,463,2025-03-25,248950
3197,105,2025-07-30,516633
3198,714,2025-02-21,1005840
3199,798,2025-05-16,543889
3200,565,2025-05-08,218530
3201,758,2025-12-04,722208
3202,745,2025-05-05,635106
3203,687,2025-08-07,638984
3204,343,2025-07-14,578617
3205,673,2025-07-07,438210
3206,259,2025-09-26,731559
3207,600,2025-09-23,344112
3208,416,2025-09-13,508974
3209,528,2025-10-11,544791
3210,890,2025-12-03,785758
3211,233,2025-06-15,466194
3212,552,2025-01-16,779290
3213,292,2025-09-26,273273
3214,610,2025-11-02,750254
3215,671,2025-11-30,547923
3216,494,2025-05-30,406299
3217,976,2025-02-19,357491
3218,399,2025-03-11,522199
3219,722,2025-09-27,633700
3220,829,2025-07-13,1059706
3221,644,2025-05-16,579269
3222,565,2025-11-22,809165
3223,173,2025-06-29,533428
3224,297,2025-07-16,1032995
3225,623,2025-05-08,673648
3226,114,2025-07-09,299093
3227,304,2025-07-18,900851
3228,388,2025-03-29,703573
3229,726,2025-11-07,147618
3230,90,2025-05-30,987154
3231,52,2025-01-01,580624
3232,269,2025-08-22,468193
3233,107,2025-09-09,589864
3234,951,2025-12-26,580748
3235,706,2025-02-15,250782
3236,328,2025-05-03,617798
3237,915,2025-09-02,760725
3238,122,2025-04-21,446296
3239,574,2025-03-02,445508
3240,116,2025-03-05,864071
3241,739,2025-08-30,452940
3242,784,2025-01-21,811156
3243,411,2025-07-16,716486
3244,195,2025-03-28,792858
3245,13,2025-01-06,620261
3246,938,2025-12-18,253210
3247,764,2025-07-23,564158
3248,356,2025-04-27,916035
3249,553,2025-11-07,904266
3250,178,2025-02-25,644324
3251,89,2025-11-16,478575
3252,683,2025-01-04,386259
3253,840,2025-05-23,520421
3254,256,2025-07-08,449791
3255,695,2025-03-21,892257
3256,552,2025-03-17,587639
3257,366,2025-08-29,428257
3258,61,2025-03-30,330922
3259,136,2025-09-08,328277
3260,890,2025-06-14,544509
3261,253,2025-06-25,926587
3262,667,2025-12-03,1071392
3263,572,2025-01-07,1250621
3264,139,2025-11-29,1246235
3265,20,2025-06-18,900675
3266,341,2025-11-17,630306
3267,99,2025-09-22,933394
3268,369,2025-08-13,547259
3269,667,2025-12-17,411426
3270,917,2025-12-29,578659
3271,224,2025-12-13,723655
3272,141,2025-12-01,703389
3273,413,2025-09-17,590031
3274,777,2025-04-21,685562
3275,240,2025-08-28,1251807
3276,575,2025-09-12,717872
3277,980,2025-04-07,349235
3278,360,2025-09-17,619114
3279,927,2025-10-08,533721
3280,970,2025-08-10,787130
3281,319,2025-04-16,411719
3282,799,2025-01-19,780658
3283,161,2025-08-03,351200
3284,635,2025-04-19,920377
3285,522,2025-11-25,313772
3286,130,2025-07-08,700262
3287,753,2025-06-20,545200
3288,221,2025-06-01,949093
3289,173,2025-02-06,423873
3290,111,2025-11-20,577701
3291,421,2025-11-15,840660
3292,901,2025-10-20,622430
3293,47,2025-11-19,893600
3294,878,2025-03-26,199756
3295,683,2025-10-21,214224
3296,404,2025-12-15,602520
3297,435,2025-08-25,430628
3298,920,2025-04-04,585196
3299,191,2025-03-04,385939
3300,264,2025-10-24,693804
3301,738,2025-07-07,394744
3302,654,2025-08-25,1169261
3303,67,2025-12-02,682703
3304,253,2025-06-22,510590
3305,524,2025-04-07,675573
3306,444,2025-08-05,590957
3307,703,2025-02-27,557783
3308,345,2025-09-08,300560
3309,437,2025-12-06,1347356
3310,971,2025-03-21,450408
3311,889,2025-05-29,556655
3312,521,2025-11-08,787278
3313,229,2025-12-28,564260
3314,771,2025-01-12,565570
3315,367,2025-03-07,114403
3316,751,2025-11-05,889481
3317,426,2025-08-24,1012531
3318,732,2025-01-02,788383
3319,387,2025-06-11,781330
3320,718,2025-11-10,419774
3321,19,2025-02-19,785336
3322,476,2025-10-07,746619
3323,762,2025-01-19,778047
3324,558,2025-01-20,546159
3325,300,2025-01-05,571257
3326,508,2025-11-12,921495
3327,357,2025-10-05,1239414
3328,603,2025-11-27,1175801
3329,976,2025-09-27,450190
3330,524,2025-08-09,297751
3331,595,2025-02-05,384720
3332,584,2025-09-27,293918
3333,506,2025-06-17,520092
3334,314,2025-04-17,369417
3335,144,2025-03-04,698048
3336,769,2025-03-13,671784
3337,308,2025-09-01,789165
3338,51,2025-07-20,860091
3339,130,2025-07-27,1061204
3340,53,2025-02-01,541716
3341,146,2025-06-13,387061
3342,713,2025-05-24,662908
3343,595,2025-10-30,797524
3344,622,2025-12-07,553588
3345,194,2025-04-25,439711
3346,82,2025-07-09,704163
3347,833,2025-03-01,576250
3348,193,2025-10-23,869361
3349,664,2025-03-10,359366
3350,673,2025-11-23,825449
3351,791,2025-06-29,892100
3352,786,2025-02-06,523668
3353,19,2025-04-09,291075
3354,971,2025-12-10,247291
3355,274,2025-12-17,771936
3356,239,2025-12-28,1274080
3357,533,2025-07-18,545025
3358,41,2025-06-07,844760
3359,976,2025-05-30,597754
3360,407,2025-10-12,469373
3361,28,2025-12-28,542083
3362,898,2025-01-21,481289
3363,495,2025-01-28,648817
3364,967,2025-07-17,1007838
3365,735,2025-05-22,364315
3366,285,2025-04-03,391837
3367,793,2025-12-28,982930
3368,606,2025-12-11,469207
3369,532,2025-04-10,1124102
3370,19,2025-08-06,762298
3371,675,2025-08-12,1129678
3372,509,2025-07-31,372561
3373,188,2025-01-19,177209
3374,413,2025-01-16,442358
3375,999,2025-04-30,475680
3376,64,2025-05-06,772739
3377,698,2025-10-11,295899
3378,373,2025-05-24,432474
3379,799,2025-07-11,830009
3380,195,2025-04-21,668747
3381,306,2025-04-26,758830
3382,952,2025-06-12,839701
3383,679,2025-06-04,772439
3384,326,2025-04-19,662550
3385,192,2025-07-21,594488
3386,605,2025-11-26,558894
3387,40,2025-11-06,629007
3388,137,2025-06-15,275867
3389,421,2025-08-02,837768
3390,201,2025-01-02,208344
3391,613,2025-11-21,1137547
3392,830,2025-02-05,647049
3393,529,2025-01-23,1199325
3394,10,2025-10-21,732857
3395,452,2025-05-01,870055
3396,745,2025-06-25,922434
3397,15,2025-07-31,518397
3398,195,2025-03-18,555267
3399,178,2025-05-08,736296
3400,238,2025-01-10,674721
3401,578,2025-10-03,369975
3402,464,2025-01-14,1302865
3403,123,2025-03-23,929625
3404,503,2025-12-04,792234
3405,393,2025-06-13,602346
3406,687,2025-04-04,723144
3407,709,2025-08-11,1035135
3408,292,2025-06-12,807556
3409,994,2025-01-30,559447
3410,636,2025-02-14,730568
3411,178,2025-01-28,520795
3412,767,2025-04-21,614679
3413,274,2025-04-03,665771
3414,427,2025-08-25,726664
3415,312,2025-01-02,720418
3416,699,2025-08-15,871861
3417,866,2025-04-18,1279273
3418,676,2025-05-15,675638
3419,435,2025-01-30,788941
3420,733,2025-10-06,683534
3421,936,2025-04-21,395270
3422,624,2025-12-13,338944
3423,965,2025-10-29,589273
3424,928,2025-02-17,153646
3425,665,2025-07-28,839145
3426,635,2025-01-03,1062485
3427,909,2025-09-07,534013
3428,141,2025-03-13,497146
3429,626,2025-11-25,294917
3430,844,2025-02-18,746742
3431,6,2025-04-24,730000
3432,346,2025-11-12,940409
3433,897,2025-01-13,598270
3434,181,2025-04-04,903740
3435,686,2025-07-02,341684
3436,620,2025-03-16,479691
3437,866,2025-08-29,622108
3438,203,2025-02-22,673047
3439,234,2025-10-29,675654
3440,507,2025-03-29,1131631
3441,902,2025-08-26,194183
3442,547,2025-01-11,916412
3443,228,2025-05-23,550679
3444,386,2025-08-28,493127
3445,6,2025-04-24,322593
3446,491,2025-08-09,1203241
3447,191,2025-04-12,289012
3448,565,2025-04-24,407983
3449,76,2025-12-23,805085
3450,617,2025-08-02,534863
3451,946,2025-04-05,812281
3452,1,2025-02-24,604769
3453,63,2025-01-22,163129
3454,602,2025-04-15,877663
3455,268,2025-07-13,639521
3456,174,2025-07-31,722790
3457,870,2025-07-11,185399
3458,92,2025-09-28,361925
3459,262,2025-05-18,1075856
3460,947,2025-10-10,611436
3461,677,2025-07-03,357413
3462,340,2025-07-26,610666
3463,545,2025-08-31,594194
3464,226,2025-02-27,596808
3465,544,2025-03-28,286923
3466,678,2025-09-05,867624
3467,335,2025-11-14,638017
3468,374,2025-04-19,602220
3469,771,2025-10-26,466671
3470,747,2025-12-11,801194
3471,207,2025-01-09,870546
3472,283,2025-07-16,920652
3473,494,2025-09-09,867410
3474,602,2025-08-26,868545
3475,625,2025-02-06,613244
3476,39,2025-06-13,1141548
3477,989,2025-07-26,283728
3478,850,2025-02-23,979749
3479,290,2025-10-29,719350
3480,973,2025-08-09,293591
3481,492,2025-10-12,914380
3482,123,2025-09-02,247560
3483,265,2025-09-13,937951
3484,494,2025-02-25,403491
3485,328,2025-09-26,433202
3486,61,2025-04-14,1577180
3487,83,2025-02-09,546955
3488,54,2025-12-16,975702
3489,65,2025-06-04,1363386
3490,158,2025-03-16,748583
3491,877,2025-07-18,248116
3492,573,2025-02-09,430420
3493,466,2025-10-13,622524
3494,819,2025-05-31,487781
3495,144,2025-05-13,478543
3496,504,2025-09-05,585223
3497,204,2025-05-30,332035
3498,918,2025-02-26,556444
3499,540,2025-11-05,662715
3500,65,2025-12-20,593423
3501,662,2025-01-02,413671
3502,327,2025-08-28,719894
3503,118,2025-06-05,439830
3504,26,2025-04-19,398887
3505,950,2025-11-11,735404
3506,349,2025-09-14,585829
3507,988,2025-02-06,874149
3508,258,2025-04-01,645678
3509,590,2025-12-04,1486123
3510,780,2025-05-25,741175
3511,799,2025-05-30,561216
3512,316,2025-05-14,785014
3513,475,2025-03-05,1286400
3514,536,2025-05-20,269031
3515,755,2025-07-24,539761
3516,596,2025-06-21,526533
3517,568,2025-12-24,394639
3518,928,2025-10-08,991377
3519,225,2025-04-08,547652
3520,898,2025-09-10,465314
3521,850,2025-08-04,720578
3522,569,2025-04-30,730423
3523,378,2025-04-22,1301327
3524,71,2025-05-23,517237
3525,256,2025-03-01,1195742
3526,886,2025-05-19,692210
3527,800,2025-09-10,254468
3528,558,2025-10-22,510266
3529,977,2025-01-16,331306
3530,735,2025-04-07,245390
3531,101,2025-04-11,456633
3532,939,2025-01-28,424230
3533,167,2025-12-14,633523
3534,425,2025-11-18,893316
3535,829,2025-01-28,585245
3536,457,2025-07-21,618771
3537,727,2025-11-30,299241
3538,233,2025-03-06,428682
3539,3,2025-02-21,255993
3540,989,2025-07-21,460937
3541,849,2025-07-29,355473
3542,887,2025-04-17,441824
3543,170,2025-01-28,153282
3544,457,2025-01-18,1051639
3545,626,2025-09-17,1002500
3546,779,2025-05-22,684629
3547,910,2025-01-03,303117
3548,861,2025-01-29,224192
3549,320,2025-01-31,720315
3550,608,2025-05-30,889474
3551,798,2025-07-05,803477
3552,62,2025-02-06,417209
3553,185,2025-02-09,757077
3554,401,2025-10-04,650019
3555,859,2025-12-02,668557
3556,230,2025-03-23,361159
3557,464,2025-08-01,692613
3558,368,2025-03-30,882837
3559,246,2025-03-10,616104
3560,668,2025-07-12,949769
3561,21,2025-05-05,577070
3562,213,2025-08-17,963002
3563,859,2025-02-13,144349
3564,734,2025-10-11,978012
3565,248,2025-04-05,248739
3566,188,2025-09-12,883671
3567,179,2025-06-11,479979
3568,746,2025-08-05,226287
3569,296,2025-12-19,1054645
3570,943,2025-12-28,746063
3571,586,2025-02-04,230160
3572,713,2025-09-20,1067612
3573,403,2025-11-20,385775
3574,154,2025-09-03,837100
3575,727,2025-02-10,837093
3576,185,2025-06-07,526809
3577,945,2025-09-26,261635
3578,229,2025-09-25,675548
3579,360,2025-07-30,686346
3580,79,2025-01-10,493784
3581,447,2025-10-07,1445084
3582,622,2025-04-10,755788
3583,845,2025-07-27,502416
3584,359,2025-12-27,1204551
3585,464,2025-01-09,577238
3586,318,2025-01-22,724773
3587,751,2025-04-13,803287
3588,95,2025-06-05,940913
3589,537,2025-09-06,643395
3590,627,2025-02-02,567780
3591,57,2025-03-09,1025380
3592,348,2025-06-19,446909
3593,339,2025-01-22,375953
3594,597,2025-10-14,681391
3595,236,2025-11-10,341207
3596,209,2025-06-13,598045
3597,774,2025-11-11,235840
3598,539,2025-07-23,698329
3599,713,2025-04-05,1046028
3600,916,2025-09-29,1181927
3601,34,2025-08-01,667797
3602,778,2025-10-16,725794
3603,509,2025-05-12,382254
3604,70,2025-12-29,517260
3605,403,2025-11-24,588041
3606,832,2025-06-04,739859
3607,893,2025-10-14,196160
3608,162,2025-08-04,840721
3609,374,2025-11-29,448088
3610,730,2025-08-15,812476
3611,431,2025-03-19,660745
3612,399,2025-05-27,335469
3613,554,2025-10-25,806758
3614,473,2025-08-17,784313
3615,620,2025-09-03,859729
3616,868,2025-05-15,715349
3617,546,2025-07-15,580573
3618,275,2025-08-27,412012
3619,272,2025-03-17,778409
3620,893,2025-08-23,428982
3621,576,2025-05-24,872151
3622,446,2025-06-01,529709
3623,840,2025-04-08,447535
3624,970,2025-03-10,313481
3625,385,2025-05-29,482989
3626,776,2025-08-23,414251
3627,507,2025-11-09,654321
3628,635,2025-06-22,1219454
3629,295,2025-03-10,560926
3630,654,2025-01-15,651133
3631,119,2025-10-11,280547
3632,591,2025-06-28,532313
3633,453,2025-02-14,401967
3634,701,2025-01-01,749042
3635,394,2025-10-01,693194
3636,125,2025-03-14,306120
3637,58,2025-05-11,1240832
3638,340,2025-04-10,444368
3639,123,2025-11-15,518892
3640,745,2025-06-22,346918
3641,566,2025-09-04,962040
3642,768,2025-07-10,982515
3643,718,2025-07-12,248471
3644,683,2025-03-01,838841
3645,916,2025-01-14,967413
3646,710,2025-08-09,1066233
3647,451,2025-01-29,436326
3648,745,2025-08-11,795777
3649,110,2025-01-23,624136
3650,907,2025-07-05,938619
3651,676,2025-05-08,1038206
3652,556,2025-10-31,1191472
3653,964,2025-08-04,534015
3654,44,2025-11-12,1024162
3655,409,2025-06-12,570843
3656,984,2025-10-06,716318
3657,103,2025-02-21,706679
3658,427,2025-01-08,696264
3659,119,2025-11-05,1087709
3660,838,2025-08-09,1039945
3661,377,2025-12-05,738693
3662,785,2025-10-23,881705
3663,50,2025-05-23,662649
3664,512,2025-03-12,540367
3665,146,2025-11-18,987611
3666,597,2025-10-05,744595
3667,558,2025-05-20,528192
3668,992,2025-05-24,1111158
3669,622,2025-11-05,327118
3670,667,2025-02-04,1022347
3671,333,2025-10-23,359694
3672,724,2025-09-21,858987
3673,559,2025-01-31,771924
3674,129,2025-07-21,471952
3675,185,2025-06-18,245390
3676,528,2025-01-10,264284
3677,111,2025-11-22,785038
3678,676,2025-02-05,976262
3679,231,2025-02-02,728153
3680,137,2025-02-03,610352
3681,564,2025-11-19,406986
3682,255,2025-08-11,691461
3683,477,2025-04-27,662840
3684,990,2025-06-13,748553
3685,370,2025-01-02,720435
3686,307,2025-03-02,539726
3687,244,2025-01-25,777902
3688,713,2025-03-05,575877
3689,75,2025-03-21,511677
3690,897,2025-03-02,628680
3691,171,2025-02-22,350882
3692,371,2025-06-06,546757
3693,938,2025-02-19,596139
3694,937,2025-05-16,541877
3695,695,2025-05-09,529726
3696,299,2025-10-27,933246
3697,262,2025-06-01,438640
3698,681,2025-01-20,379472
3699,835,2025-09-30,651084
3700,978,2025-06-21,803321
3701,404,2025-03-23,300189
3702,74,2025-05-06,614884
3703,329,2025-07-15,815863
3704,457,2025-08-09,775769
3705,453,2025-06-23,877637
3706,503,2025-01-28,561086
3707,574,2025-02-10,395000
3708,999,2025-08-20,557127
3709,190,2025-06-23,570262
3710,349,2025-07-24,288502
3711,684,2025-11-19,661304
3712,712,2025-07-09,910073
3713,44,2025-03-23,915213
3714,810,2025-12-06,620165
3715,390,2025-10-30,390386
3716,476,2025-11-03,373315
3717,494,2025-02-24,874831
3718,416,2025-01-05,1192652
3719,14,2025-05-22,351269
3720,654,2025-01-18,263338
3721,208,2025-07-29,257484
3722,454,2025-10-12,304440
3723,690,2025-08-06,1054498
3724,512,2025-08-07,483450
3725,389,2025-12-09,821143
3726,162,2025-07-16,405768
3727,962,2025-08-24,187208
3728,378,2025-06-19,475643
3729,870,2025-08-21,390583
3730,407,2025-04-21,1223039
3731,479,2025-12-11,503762
3732,950,2025-07-30,541091
3733,390,2025-10-07,234146
3734,845,2025-06-28,290078
3735,761,2025-12-13,379248
3736,240,2025-09-22,482106
3737,995,2025-01-02,147481
3738,867,2025-09-01,305796
3739,319,2025-06-11,766718
3740,950,2025-11-25,495648
3741,793,2025-11-22,1094994
3742,376,2025-02-20,162892
3743,424,2025-05-17,182977
3744,770,2025-02-23,770027
3745,726,2025-10-23,404754
3746,457,2025-02-27,411577
3747,9,2025-02-20,548925
3748,688,2025-05-30,801228
3749,578,2025-09-25,388784
3750,734,2025-12-08,502298
3751,202,2025-04-14,618392
3752,751,2025-03-14,575469
3753,346,2025-09-01,432919
3754,854,2025-07-17,1119098
3755,705,2025-01-18,662639
3756,768,2025-09-19,316743
3757,220,2025-02-12,448959
3758,941,2025-05-01,929254
3759,708,2025-12-21,810105
3760,334,2025-09-01,780323
3761,203,2025-12-03,812475
3762,49,2025-07-18,654391
3763,808,2025-11-21,266769
3764,968,2025-02-19,1185536
3765,607,2025-09-16,888794
3766,438,2025-11-08,702693
3767,258,2025-04-17,689760
3768,944,2025-03-26,850644
3769,13,2025-01-25,590987
3770,215,2025-02-28,864759
3771,158,2025-06-12,547742
3772,746,2025-04-28,551320
3773,933,2025-08-10,599459
3774,713,2025-01-21,577920
3775,686,2025-03-06,955803
3776,292,2025-11-26,618678
3777,671,2025-03-11,960184
3778,65,2025-02-13,306903
3779,934,2025-04-04,653655
3780,623,2025-04-28,744695
3781,133,2025-08-27,626819
3782,133,2025-10-05,683300
3783,574,2025-02-21,645505
3784,698,2025-04-29,1011256
3785,996,2025-10-28,904486
3786,591,2025-04-24,941165
3787,360,2025-07-07,958199
3788,17,2025-10-22,786021
3789,299,2025-06-25,305046
3790,571,2025-01-01,262780
3791,224,2025-07-30,187205
3792,590,2025-10-05,876131
3793,706,2025-10-09,1117688
3794,933,2025-03-18,130583
3795,65,2025-09-10,669583
3796,337,2025-08-09,236561
3797,588,2025-11-04,435051
3798,559,2025-02-10,547239
3799,454,2025-01-12,426027
3800,713,2025-06-29,853050
3801,858,2025-08-24,618482
3802,667,2025-07-07,666143
3803,164,2025-07-10,1009407
3804,202,2025-09-30,288753
3805,631,2025-09-08,460344
3806,845,2025-03-24,661605
3807,25,2025-10-07,604282
3808,796,2025-06-29,371162
3809,327,2025-06-11,568384
3810,821,2025-04-27,572550
3811,915,2025-11-19,852010
3812,412,2025-09-16,230452
3813,576,2025-08-05,403419
3814,620,2025-10-18,1171983
3815,726,2025-06-16,448698
3816,462,2025-12-06,177984
3817,368,2025-11-13,807975
3818,249,2025-08-04,628685
3819,59,2025-07-26,376723
3820,817,2025-10-27,1300451
3821,342,2025-11-22,830922
3822,687,2025-09-13,549272
3823,783,2025-10-05,660507
3824,778,2025-04-27,979393
3825,905,2025-10-09,547072
3826,317,2025-01-18,686936
3827,644,2025-12-28,550876
3828,469,2025-10-10,809855
3829,350,2025-12-18,1017240
3830,318,2025-09-05,701764
3831,567,2025-04-04,995222
3832,4,2025-08-12,1309488
3833,700,2025-02-08,279657
3834,49,2025-01-06,507614
3835,197,2025-08-31,1229481
3836,655,2025-07-12,640929
3837,645,2025-08-05,557251
3838,419,2025-10-27,749641
3839,741,2025-10-25,959482
3840,465,2025-05-08,574035
3841,282,2025-01-08,568667
3842,682,2025-05-07,1098183
3843,206,2025-12-31,628732
3844,204,2025-08-20,547345
3845,705,2025-08-21,650774
3846,257,2025-01-17,670633
3847,216,2025-12-12,765247
3848,436,2025-09-17,560160
3849,442,2025-12-31,932266
3850,503,2025-01-16,450924
3851,929,2025-07-23,771226
3852,658,2025-12-01,931460
3853,733,2025-01-05,856354
3854,889,2025-08-05,518851
3855,977,2025-08-02,1473339
3856,159,2025-06-26,723979
3857,183,2025-01-24,275429
3858,593,2025-05-20,389654
3859,606,2025-06-15,613413
3860,193,2025-06-05,527656
3861,332,2025-09-17,380312
3862,510,2025-12-07,867965
3863,525,2025-12-12,570466
3864,550,2025-01-06,768396
3865,703,2025-06-11,332821
3866,887,2025-12-06,826856
3867,739,2025-03-23,408756
3868,474,2025-07-27,506796
3869,966,2025-12-20,230877
3870,152,2025-01-01,357497
3871,289,2025-10-19,359507
3872,233,2025-07-15,627216
3873,214,2025-09-16,967073
3874,233,2025-12-15,315196
3875,560,2025-05-24,519321
3876,298,2025-07-03,658249
3877,674,2025-06-01,362672
3878,612,2025-07-23,1036297
3879,405,2025-08-18,776525
3880,445,2025-06-30,800744
3881,93,2025-01-26,681242
3882,321,2025-11-25,364993
3883,531,2025-12-26,877953
3884,184,2025-08-28,704613
3885,501,2025-05-23,590933
3886,991,2025-03-26,354531
3887,397,2025-06-10,569395
3888,175,2025-01-04,305834
3889,64,2025-06-09,875259
3890,83,2025-09-23,969017
3891,877,2025-09-30,956461
3892,517,2025-02-17,671442
3893,766,2025-04-16,1027532
3894,93,2025-06-26,799360
3895,782,2025-11-17,639856
3896,465,2025-12-23,930222
3897,452,2025-11-28,732110
3898,672,2025-01-06,479754
3899,257,2025-06-29,1166932
3900,373,2025-03-15,298476
3901,308,2025-03-30,313658
3902,694,2025-05-07,280405
3903,326,2025-09-09,519100
3904,99,2025-03-25,359912
3905,168,2025-03-01,362514
3906,993,2025-04-26,581515
3907,721,2025-09-11,608338
3908,899,2025-03-05,761828
3909,910,2025-01-09,819531
3910,8,2025-11-06,879171
3911,755,2025-08-02,553168
3912,301,2025-11-22,496478
3913,548,2025-07-24,363755
3914,65,2025-01-29,310045
3915,525,2025-03-31,481196
3916,345,2025-07-01,596358
3917,804,2025-04-19,266686
3918,953,2025-04-04,491098
3919,666,2025-08-20,267991
3920,479,2025-04-24,492889
3921,249,2025-03-11,445634
3922,578,2025-12-04,1162235
3923,448,2025-08-02,595146
3924,857,2025-01-14,233660
3925,186,2025-05-17,369091
3926,490,2025-02-18,679211
3927,707,2025-08-31,810123
3928,62,2025-08-06,394196
3929,654,2025-11-27,435722
3930,34,2025-09-15,593863
3931,885,2025-09-21,592394
3932,632,2025-03-15,817154
3933,911,2025-09-04,166064
3934,202,2025-07-19,458975
3935,165,2025-12-23,624633
3936,70,2025-10-20,561829
3937,188,2025-07-12,479175
3938,835,2025-09-29,754854
3939,845,2025-07-11,409639
3940,336,2025-01-26,413457
3941,801,2025-12-21,394757
3942,64,2025-12-21,283350
3943,700,2025-12-03,1407620
3944,969,2025-05-11,941132
3945,438,2025-08-24,1047441
3946,605,2025-07-01,397645
3947,282,2025-05-24,741485
3948,730,2025-02-03,633184
3949,713,2025-04-16,458034
3950,669,2025-03-27,603018
3951,105,2025-09-07,600540
3952,613,2025-08-23,794498
3953,875,2025-05-13,938531
3954,199,2025-06-21,930268
3955,934,2025-02-06,721762
3956,426,2025-02-16,267394
3957,622,2025-05-06,235953
3958,965,2025-01-26,461691
3959,459,2025-05-09,839550
3960,653,2025-08-18,871823
3961,263,2025-10-16,643720
3962,815,2025-08-31,250860
3963,738,2025-02-21,672632
3964,405,2025-01-04,529343
3965,286,2025-03-12,697721
3966,684,2025-06-19,687276
3967,343,2025-12-18,850848
3968,574,2025-09-27,727711
3969,12,2025-04-13,441156
3970,593,2025-05-25,420180
3971,594,2025-07-23,877005
3972,841,2025-02-08,840816
3973,488,2025-01-24,877232
3974,58,2025-12-08,346517
3975,468,2025-03-25,405324
3976,287,2025-08-05,927910
3977,474,2025-01-19,592941
3978,352,2025-11-26,501363
3979,886,2025-12-23,214445
3980,84,2025-03-08,707134
3981,133,2025-02-07,719763
3982,644,2025-01-15,665016
3983,207,2025-08-13,1112642
3984,250,2025-02-05,598623
3985,502,2025-06-25,842825
3986,755,2025-06-14,468388
3987,852,2025-03-02,880717
3988,468,2025-10-28,254667
3989,316,2025-02-02,410991
3990,689,2025-05-22,478598
3991,164,2025-02-25,119389
3992,117,2025-02-03,561298
3993,21,2025-07-09,260679
3994,469,2025-01-06,247694
3995,587,2025-04-16,482727
3996,295,2025-06-15,976283
3997,976,2025-07-29,535904
3998,488,2025-11-18,240020
3999,784,2025-02-26,998109
4000,763,2025-07-21,390512
4001,347,2025-04-22,574901
4002,46,2025-02-26,750668
4003,206,2025-04-29,822577
4004,468,2025-06-06,191658
4005,637,2025-04-23,226732
4006,623,2025-09-08,953068
4007,494,2025-04-17,999497
4008,940,2025-08-14,1238945
4009,787,2025-09-04,506767
4010,439,2025-03-17,993536
4011,860,2025-02-25,476977
4012,789,2025-05-01,315861
4013,107,2025-09-02,678666
4014,314,2025-12-25,704209
4015,64,2025-11-25,671274
4016,715,2025-04-06,1049331
4017,213,2025-10-13,346859
4018,124,2025-08-21,960939
4019,857,2025-05-20,666992
4020,696,2025-06-29,326276
4021,974,2025-09-21,1317904
4022,184,2025-02-02,260736
4023,756,2025-07-04,858142
4024,775,2025-07-19,440813
4025,766,2025-03-03,723173
4026,977,2025-05-29,680125
4027,694,2025-05-11,608331
4028,98,2025-12-15,325947
4029,265,2025-11-19,590321
4030,366,2025-08-01,892096
4031,776,2025-09-09,719504
4032,391,2025-08-13,506251
4033,106,2025-08-12,891329
4034,342,2025-10-09,520189
4035,227,2025-11-12,696761
4036,454,2025-12-29,445483
4037,659,2025-06-25,1105385
4038,481,2025-08-22,693801
4039,754,2025-06-24,1009974
4040,873,2025-04-27,462780
4041,134,2025-12-01,1149834
4042,278,2025-09-21,1219808
4043,650,2025-02-07,1145325
4044,72,2025-01-04,556794
4045,323,2025-06-02,671748
4046,176,2025-12-07,251480
4047,235,2025-09-01,514174
4048,687,2025-06-20,679453
4049,385,2025-11-04,353592
4050,816,2025-08-28,160007
4051,83,2025-06-26,839083
4052,383,2025-03-13,733761
4053,881,2025-02-02,623800
4054,820,2025-02-21,607432
4055,831,2025-09-09,769233
4056,894,2025-10-25,475505
4057,436,2025-05-19,1158203
4058,777,2025-02-19,632773
4059,566,2025-03-24,465031
4060,40,2025-06-04,861365
4061,369,2025-11-04,1384796
4062,968,2025-08-27,520455
4063,111,2025-12-09,426584
4064,726,2025-10-11,890738
4065,78,2025-11-27,513551
4066,891,2025-06-03,414885
4067,94,2025-10-17,233676
4068,550,2025-05-07,783444
4069,590,2025-11-28,446870
4070,204,2025-04-05,756525
4071,125,2025-12-17,768069
4072,671,2025-07-04,906978
4073,580,2025-06-16,777345
4074,155,2025-07-17,233350
4075,76,2025-06-05,856027
4076,316,2025-11-23,920308
4077,245,2025-08-07,547255
4078,378,2025-06-08,406753
4079,941,2025-05-01,313770
4080,35,2025-07-26,687347
4081,283,2025-06-05,651263
4082,403,2025-06-25,1084867
4083,132,2025-10-23,999238
4084,654,2025-06-30,708172
4085,498,2025-07-26,619743
4086,517,2025-05-18,367881
4087,933,2025-07-09,926417
4088,202,2025-01-03,1004360
4089,997,2025-11-07,348454
4090,928,2025-03-13,811022
4091,207,2025-05-06,271099
4092,411,2025-08-15,874470
4093,791,2025-09-05,311177
4094,129,2025-11-25,646609
4095,53,2025-06-01,553985
4096,136,2025-12-22,992447
4097,599,2025-10-07,296220
4098,645,2025-12-05,397992
4099,909,2025-07-17,414746
4100,32,2025-06-09,1035727
4101,458,2025-04-30,920696
4102,175,2025-10-03,1294421
4103,764,2025-11-16,765123
4104,635,2025-02-06,358012
4105,556,2025-03-25,596088
4106,120,2025-01-03,379969
4107,172,2025-03-29,609802
4108,435,2025-02-27,767399
4109,750,2025-07-04,488819
4110,29,2025-01-05,370290
4111,808,2025-04-15,224049
4112,201,2025-10-19,262690
4113,128,2025-07-20,386759
4114,719,2025-09-16,287534
4115,613,2025-10-14,715062
4116,313,2025-03-16,1270294
4117,559,2025-01-10,625898
4118,129,2025-07-29,484734
4119,831,2025-06-26,892997
4120,854,2025-08-22,536237
4121,451,2025-01-22,377938
4122,435,2025-07-17,323857
4123,347,2025-04-02,803897
4124,834,2025-05-21,252147
4125,155,2025-06-01,589413
4126,710,2025-12-20,758636
4127,134,2025-07-03,535737
4128,83,2025-04-12,909183
4129,632,2025-12-07,393404
4130,149,2025-10-31,578707
4131,405,2025-03-13,307095
4132,434,2025-05-03,527047
4133,859,2025-09-28,1252704
4134,89,2025-03-21,449285
4135,917,2025-02-24,698293
4136,641,2025-12-31,858066
4137,639,2025-01-16,457586
4138,602,2025-09-05,399307
4139,924,2025-11-22,250623
4140,538,2025-08-31,507759
4141,113,2025-04-18,304670
4142,327,2025-06-03,140441
4143,400,2025-01-02,225848
4144,904,2025-03-26,1144624
4145,449,2025-12-09,1272468
4146,786,2025-07-01,362671
4147,352,2025-09-28,351154
4148,442,2025-11-12,1218204
4149,517,2025-05-13,1112117
4150,106,2025-12-15,862157
4151,106,2025-09-14,392778
4152,915,2025-07-20,242191
4153,491,2025-02-22,336309
4154,766,2025-08-18,187256
4155,820,2025-11-02,762772
4156,733,2025-09-04,312824
4157,699,2025-06-24,560163
4158,152,2025-03-01,905281
4159,700,2025-04-02,892165
4160,866,2025-11-18,966347
4161,94,2025-05-10,394078
4162,499,2025-08-13,436189
4163,717,2025-11-14,857489
4164,451,2025-11-10,775465
4165,587,2025-03-17,672343
4166,304,2025-01-30,676230
4167,838,2025-02-19,399349
4168,517,2025-07-08,1338147
4169,51,2025-07-02,561621
4170,889,2025-06-10,599423
4171,298,2025-08-27,209910
4172,291,2025-04-22,419785
4173,971,2025-09-10,411445
4174,76,2025-06-18,499741
4175,963,2025-09-07,438340
4176,508,2025-11-29,538235
4177,835,2025-02-21,727083
4178,967,2025-12-11,507504
4179,852,2025-06-24,806260
4180,135,2025-06-04,890586
4181,837,2025-05-14,277307
4182,773,2025-02-28,784497
4183,856,2025-10-07,439790
4184,903,2025-05-12,564216
4185,445,2025-12-22,719002
4186,677,2025-02-28,576233
4187,927,2025-11-30,620306
4188,34,2025-02-06,345228
4189,123,2025-01-16,463043
4190,434,2025-07-23,469541
4191,544,2025-07-29,211514
4192,96,2025-12-14,586999
4193,175,2025-01-12,794579
4194,288,2025-07-02,474269
4195,778,2025-03-27,867997
4196,995,2025-09-30,633115
4197,93,2025-08-28,501340
4198,809,2025-08-02,499303
4199,300,2025-05-10,142390
4200,258,2025-10-31,662662
4201,881,2025-04-19,509997
4202,723,2025-04-01,665838
4203,315,2025-12-05,595744
4204,737,2025-12-30,1127496
4205,430,2025-05-09,516057
4206,468,2025-10-05,925066
4207,944,2025-08-18,1651619
4208,979,2025-02-01,871099
4209,395,2025-08-31,480304
4210,180,2025-01-15,390645
4211,243,2025-04-19,807499
4212,391,2025-07-24,1407084
4213,936,2025-07-15,1163316
4214,684,2025-12-04,395868
4215,755,2025-11-08,739220
4216,692,2025-12-09,506917
4217,663,2025-03-23,854744
4218,153,2025-01-11,581062
4219,687,2025-08-28,724127
4220,294,2025-04-27,447695
4221,833,2025-04-02,543391
4222,318,2025-11-17,279333
4223,249,2025-04-11,1139251
4224,322,2025-02-04,678861
4225,823,2025-02-22,514245
4226,329,2025-08-23,869368
4227,258,2025-12-30,346475
4228,529,2025-05-29,488367
4229,492,2025-05-05,254162
4230,814,2025-09-14,314181
4231,949,2025-05-29,638562
4232,986,2025-06-29,608539
4233,652,2025-09-09,583477
4234,673,2025-07-04,698332
4235,124,2025-11-11,740851
4236,547,2025-10-22,209938
4237,279,2025-06-22,671236
4238,505,2025-02-09,694263
4239,69,2025-07-25,459876
4240,26,2025-08-18,633373
4241,433,2025-06-10,378154
4242,82,2025-01-14,557418
4243,607,2025-11-08,238512
4244,11,2025-06-29,849084
4245,257,2025-03-05,498380
4246,933,2025-02-24,542478
4247,706,2025-12-19,527164
4248,789,2025-09-11,679737
4249,574,2025-11-27,153736
4250,910,2025-03-18,775141
4251,781,2025-10-27,487250
4252,966,2025-10-12,869485
4253,250,2025-11-05,528579
4254,454,2025-07-03,1023700
4255,755,2025-03-30,253697
4256,252,2025-05-28,1495598
4257,903,2025-01-19,581679
4258,596,2025-06-27,851202
4259,651,2025-12-12,911105
4260,228,2025-02-13,393502
4261,951,2025-10-17,513861
4262,62,2025-09-28,1181580
4263,415,2025-09-24,499200
4264,48,2025-06-21,482470
4265,187,2025-04-01,486447
4266,681,2025-11-24,227356
4267,954,2025-07-17,685645
4268,506,2025-01-31,575038
4269,38,2025-05-05,780194
4270,650,2025-09-04,481066
4271,983,2025-11-30,616335
4272,175,2025-06-19,422428
4273,126,2025-08-22,411735
4274,513,2025-09-25,745669
4275,388,2025-08-08,437009
4276,2,2025-01-13,789319
4277,25,2025-11-03,1012950
4278,736,2025-03-16,852771
4279,843,2025-11-06,722625
4280,366,2025-02-15,557669
4281,884,2025-10-31,754508
4282,860,2025-11-25,780215
4283,909,2025-09-19,799296
4284,580,2025-04-18,744527
4285,665,2025-04-18,829674
4286,598,2025-12-18,746058
4287,342,2025-04-05,664785
4288,751,2025-05-03,985593
4289,877,2025-03-22,337945
4290,878,2025-08-18,613274
4291,564,2025-06-10,619847
4292,991,2025-07-09,386663
4293,541,2025-01-24,1005703
4294,953,2025-01-27,617268
4295,782,2025-09-23,1084569
4296,538,2025-09-25,870862
4297,724,2025-02-11,524250
4298,118,2025-05-10,502937
4299,520,2025-02-14,265192
4300,257,2025-03-20,292859
4301,784,2025-11-08,419311
4302,623,2025-09-18,191667
4303,170,2025-05-25,716448
4304,742,2025-02-09,547665
4305,1000,2025-11-17,855425
4306,519,2025-12-10,640675
4307,851,2025-12-24,602083
4308,999,2025-06-20,720739
4309,850,2025-06-20,362545
4310,669,2025-12-07,737630
4311,845,2025-02-23,348865
4312,290,2025-11-08,266565
4313,142,2025-09-10,446264
4314,127,2025-12-28,549290
4315,937,2025-06-06,546442
4316,114,2025-03-05,239220
4317,287,2025-04-01,777486
4318,363,2025-10-12,333137
4319,578,2025-11-22,695501
4320,504,2025-10-14,410693
4321,220,2025-11-07,617265
4322,705,2025-07-12,265778
4323,125,2025-03-01,902938
4324,183,2025-08-05,526201
4325,616,2025-08-14,711096
4326,152,2025-01-02,192868
4327,510,2025-07-18,168846
4328,741,2025-02-07,406599
4329,605,2025-01-28,490457
4330,30,2025-11-17,817419
4331,252,2025-09-06,290171
4332,755,2025-04-17,719592
4333,834,2025-06-20,938082
4334,645,2025-03-29,497907
4335,434,2025-05-11,478448
4336,58,2025-04-15,542520
4337,939,2025-04-12,268114
4338,361,2025-06-06,566897
4339,884,2025-11-15,809295
4340,740,2025-09-07,829908
4341,502,2025-07-13,329494
4342,667,2025-10-11,601498
4343,532,2025-05-27,316817
4344,755,2025-10-27,903743
4345,907,2025-02-12,407791
4346,809,2025-07-22,1056308
4347,621,2025-05-22,620430
4348,390,2025-09-21,586677
4349,312,2025-04-28,1086550
4350,383,2025-07-02,258174
4351,988,2025-11-20,745751
4352,310,2025-09-30,671408
4353,256,2025-04-23,326412
4354,904,2025-10-09,376290
4355,245,2025-07-02,267976
4356,773,2025-01-04,469333
4357,392,2025-06-22,466219
4358,473,2025-02-08,790918
4359,714,2025-11-12,816489
4360,912,2025-12-03,1011218
4361,816,2025-12-01,496333
4362,778,2025-11-02,350282
4363,947,2025-05-19,1138219
4364,963,2025-01-25,880897
4365,195,2025-06-16,268283
4366,556,2025-09-12,696894
4367,488,2025-07-02,783365
4368,279,2025-08-01,311650
4369,111,2025-09-05,430311
4370,605,2025-09-11,936804
4371,321,2025-05-05,886952
4372,171,2025-04-12,771652
4373,326,2025-12-07,692536
4374,104,2025-08-04,832893
4375,924,2025-06-21,296784
4376,936,2025-12-27,516789
4377,4,2025-09-28,792271
4378,402,2025-07-07,334264
4379,417,2025-03-27,617978
4380,452,2025-08-02,731872
4381,476,2025-08-14,504270
4382,952,2025-03-23,1117483
4383,406,2025-08-09,926193
4384,629,2025-11-06,690964
4385,541,2025-04-26,842928
4386,235,2025-12-13,527135
4387,390,2025-05-04,299131
4388,425,2025-02-20,701044
4389,33,2025-01-13,581601
4390,6,2025-03-31,799978
4391,212,2025-06-30,541784
4392,849,2025-12-30,106844
4393,575,2025-04-08,477615
4394,493,2025-01-10,651749
4395,544,2025-03-02,709900
4396,85,2025-06-19,983509
4397,580,2025-09-04,405159
4398,315,2025-07-25,593223
4399,525,2025-04-25,501291
4400,858,2025-04-06,389839
4401,149,2025-11-05,414114
4402,809,2025-06-12,511144
4403,695,2025-05-20,161994
4404,917,2025-08-16,566563
4405,677,2025-12-11,382583
4406,815,2025-02-28,908552
4407,445,2025-04-11,1020560
4408,649,2025-12-21,750384
4409,213,2025-01-02,470189
4410,276,2025-09-20,319998
4411,103,2025-07-10,229385
4412,114,2025-04-26,705625
4413,768,2025-03-13,368320
4414,316,2025-09-05,431918
4415,325,2025-11-22,241884
4416,669,2025-05-08,399834
4417,657,2025-02-03,399728
4418,320,2025-03-31,801781
4419,247,2025-06-29,652912
4420,816,2025-04-01,207758
4421,790,2025-11-22,617072
4422,35,2025-08-21,402920
4423,346,2025-10-10,1307003
4424,96,2025-09-16,882372
4425,159,2025-07-24,847102
4426,204,2025-12-01,497214
4427,911,2025-10-16,314631
4428,407,2025-05-16,941777
4429,4,2025-09-05,881988
4430,152,2025-10-01,462903
4431,699,2025-12-20,915465
4432,542,2025-01-31,1087763
4433,876,2025-03-26,279734
4434,400,2025-02-13,636896
4435,69,2025-06-01,1266862
4436,638,2025-11-15,1072427
4437,637,2025-11-10,1411884
4438,606,2025-03-15,844374
4439,230,2025-10-22,205985
4440,555,2025-01-26,475724
4441,772,2025-05-04,912725
4442,679,2025-03-31,446067
4443,529,2025-05-21,814297
4444,551,2025-07-08,150432
4445,97,2025-12-27,1240325
4446,828,2025-10-31,600460
4447,342,2025-05-25,543694
4448,164,2025-12-15,662288
4449,845,2025-12-01,571355
4450,687,2025-08-09,855055
4451,805,2025-12-24,286158
4452,605,2025-06-24,638624
4453,639,2025-04-14,566055
4454,174,2025-12-22,888498
4455,369,2025-03-31,721121
4456,935,2025-05-27,495914
4457,853,2025-04-26,716094
4458,271,2025-01-16,1258377
4459,662,2025-05-12,1117857
4460,894,2025-10-17,827032
4461,999,2025-05-23,1141569
4462,60,2025-08-15,196588
4463,411,2025-04-08,450442
4464,760,2025-12-07,388956
4465,529,2025-08-03,867751
4466,279,2025-09-13,965171
4467,428,2025-03-30,416379
4468,836,2025-08-05,425338
4469,229,2025-03-26,793051
4470,648,2025-03-28,530303
4471,324,2025-07-06,304876
4472,966,2025-08-11,500718
4473,764,2025-03-22,468622
4474,284,2025-10-07,615435
4475,455,2025-07-19,190007
4476,1000,2025-08-22,419128
4477,909,2025-03-04,873834
4478,982,2025-11-12,699168
4479,577,2025-04-20,235647
4480,986,2025-04-06,944919
4481,967,2025-11-01,1219189
4482,855,2025-03-28,681346
4483,507,2025-01-27,845450
4484,515,2025-04-19,583174
4485,968,2025-02-22,779361
4486,750,2025-11-21,600087
4487,802,2025-10-01,950586
4488,846,2025-12-27,232403
4489,819,2025-05-09,472568
4490,877,2025-08-03,776542
4491,903,2025-08-27,685983
4492,881,2025-07-31,850272
4493,225,2025-11-06,351754
4494,100,2025-12-08,506372
4495,331,2025-04-01,526209
4496,480,2025-02-25,345193
4497,584,2025-06-17,766508
4498,933,2025-03-10,1042856
4499,530,2025-03-27,405491
4500,487,2025-12-27,689916
4501,733,2025-02-25,879557
4502,675,2025-12-09,1103114
4503,301,2025-04-08,807988
4504,835,2025-12-06,258333
4505,505,2025-04-13,463006
4506,19,2025-04-28,816560
4507,380,2025-08-01,603993
4508,337,2025-10-04,536558
4509,693,2025-11-08,565439
4510,130,2025-08-17,368547
4511,364,2025-04-19,247238
4512,892,2025-07-29,906516
4513,136,2025-06-25,883812
4514,915,2025-06-24,591297
4515,226,2025-11-14,440477
4516,929,2025-01-05,887640
4517,450,2025-04-15,773276
4518,798,2025-03-13,535854
4519,731,2025-09-08,708914
4520,950,2025-12-20,981610
4521,157,2025-05-04,773367
4522,939,2025-04-25,703273
4523,856,2025-08-22,838710
4524,269,2025-09-02,283902
4525,508,2025-11-09,616057
4526,634,2025-01-24,525082
4527,519,2025-04-02,838168
4528,968,2025-12-01,741818
4529,47,2025-03-04,646805
4530,214,2025-03-11,550152
4531,565,2025-02-24,235037
4532,312,2025-01-26,406060
4533,307,2025-08-10,914394
4534,307,2025-08-12,299960
4535,948,2025-10-24,689459
4536,463,2025-04-21,557368
4537,701,2025-12-27,698500
4538,797,2025-08-30,583860
4539,721,2025-07-29,402428
4540,619,2025-12-16,651297
4541,292,2025-05-30,402572
4542,150,2025-01-01,707780
4543,898,2025-12-14,623434
4544,273,2025-11-14,671440
4545,616,2025-04-12,491306
4546,945,2025-03-21,895423
4547,615,2025-02-08,916423
4548,967,2025-05-21,490707
4549,579,2025-09-18,587476
4550,951,2025-10-12,1133024
4551,982,2025-12-09,627263
4552,967,2025-03-18,108857
4553,9,2025-08-31,550151
4554,928,2025-07-23,476310
4555,630,2025-09-20,436923
4556,508,2025-12-27,779353
4557,292,2025-09-07,701658
4558,763,2025-07-17,1010239
4559,945,2025-04-24,585106
4560,852,2025-12-19,594850
4561,45,2025-11-30,299138
4562,207,2025-07-03,671414
4563,718,2025-08-11,945615
4564,986,2025-05-15,523921
4565,661,2025-05-26,456147
4566,351,2025-12-07,804168
4567,154,2025-05-20,347234
4568,654,2025-01-08,530197
4569,949,2025-03-29,125928
4570,860,2025-04-04,325989
4571,489,2025-01-06,1035826
4572,836,2025-05-24,318842
4573,312,2025-02-12,237714
4574,48,2025-01-04,790855
4575,679,2025-02-06,495531
4576,218,2025-12-07,514944
4577,86,2025-02-06,381565
4578,486,2025-11-03,215534
4579,376,2025-09-01,609536
4580,905,2025-08-20,537067
4581,284,2025-09-24,903678
4582,428,2025-09-06,744738
4583,427,2025-06-04,587319
4584,267,2025-06-14,548961
4585,667,2025-06-21,999424
4586,117,2025-06-10,524884
4587,957,2025-02-05,989087
4588,281,2025-01-30,683658
4589,313,2025-11-06,700205
4590,196,2025-05-11,379204
4591,936,2025-02-23,612087
4592,819,2025-05-04,886028
4593,721,2025-01-12,228678
4594,433,2025-03-14,504164
4595,835,2025-05-14,207261
4596,61,2025-03-08,913625
4597,154,2025-10-30,606304
4598,537,2025-07-15,699063
4599,861,2025-03-26,550125
4600,575,2025-11-03,636977
4601,14,2025-04-16,523072
4602,301,2025-03-08,369365
4603,800,2025-01-15,898279
4604,329,2025-10-25,800049
4605,191,2025-07-08,889721
4606,286,2025-04-21,313595
4607,507,2025-11-26,999836
4608,427,2025-03-22,335978
4609,99,2025-05-06,707562
4610,686,2025-10-14,995017
4611,962,2025-05-05,841725
4612,107,2025-11-23,455574
4613,653,2025-03-11,510646
4614,262,2025-07-13,834128
4615,709,2025-05-13,609042
4616,273,2025-04-14,862064
4617,38,2025-12-14,617633
4618,833,2025-03-12,149056
4619,564,2025-04-29,582476
4620,406,2025-04-19,739097
4621,300,2025-09-04,820304
4622,320,2025-11-19,534594
4623,87,2025-05-02,451761
4624,722,2025-05-12,678801
4625,344,2025-10-29,762895
4626,678,2025-01-14,628357
4627,707,2025-07-11,531927
4628,414,2025-11-15,609276
4629,446,2025-12-18,1094051
4630,186,2025-10-08,1017344
4631,496,2025-01-20,752322
4632,722,2025-06-10,240299
4633,677,2025-05-11,799808
4634,577,2025-06-29,1014503
4635,764,2025-12-12,136620
4636,581,2025-04-21,578078
4637,293,2025-09-29,927475
4638,121,2025-01-10,638410
4639,904,2025-12-06,545785
4640,934,2025-03-30,512706
4641,578,2025-11-16,628746
4642,42,2025-07-01,753857
4643,55,2025-04-07,1475767
4644,19,2025-05-22,714496
4645,741,2025-06-30,369892
4646,93,2025-10-25,473652
4647,757,2025-06-03,905465
4648,683,2025-09-07,788612
4649,963,2025-09-27,322620
4650,421,2025-02-16,567993
4651,406,2025-10-24,633690
4652,852,2025-12-09,577490
4653,392,2025-04-21,473295
4654,299,2025-07-19,734140
4655,593,2025-06-09,565698
4656,116,2025-10-31,305864
4657,385,2025-12-22,624688
4658,376,2025-11-06,443817
4659,647,2025-05-06,557019
4660,907,2025-12-26,427177
4661,791,2025-01-28,525941
4662,679,2025-07-05,636055
4663,932,2025-01-23,854617
4664,749,2025-01-09,316015
4665,161,2025-09-29,785835
4666,950,2025-12-29,799105
4667,451,2025-05-08,479575
4668,909,2025-09-19,341835
4669,682,2025-10-31,775432
4670,187,2025-02-10,627487
4671,962,2025-10-02,401224
4672,833,2025-04-28,686103
4673,679,2025-04-27,628859
4674,786,2025-06-14,835259
4675,429,2025-07-19,976625
4676,328,2025-11-22,491305
4677,444,2025-10-25,571281
4678,172,2025-10-02,772558
4679,8,2025-12-22,335980
4680,965,2025-12-03,738126
4681,26,2025-10-03,1011965
4682,157,2025-09-02,459387
4683,907,2025-10-04,267749
4684,833,2025-03-03,625405
4685,690,2025-08-04,1082883
4686,497,2025-10-17,590306
4687,621,2025-08-03,415122
4688,20,2025-08-27,628125
4689,589,2025-12-19,469532
4690,869,2025-09-23,964867
4691,753,2025-06-30,674241
4692,131,2025-08-02,490050
4693,963,2025-12-17,453668
4694,532,2025-01-29,683839
4695,114,2025-05-18,338683
4696,752,2025-03-04,627779
4697,870,2025-07-01,449218
4698,200,2025-08-29,506177
4699,951,2025-12-14,1061593
4700,150,2025-04-28,393361
4701,792,2025-11-23,428344
4702,280,2025-08-29,455597
4703,443,2025-03-02,1297565
4704,122,2025-02-14,1059648
4705,790,2025-12-21,623440
4706,132,2025-06-20,461364
4707,671,2025-01-02,810009
4708,263,2025-06-30,908594
4709,578,2025-03-02,825512
4710,437,2025-08-18,557996
4711,495,2025-12-30,898113
4712,980,2025-11-04,269248
4713,915,2025-07-27,246616
4714,410,2025-06-06,722815
4715,912,2025-04-05,864957
4716,970,2025-01-01,382133
4717,44,2025-05-22,641898
4718,815,2025-11-30,559909
4719,721,2025-10-31,641742
4720,25,2025-08-24,373418
4721,528,2025-10-21,933435
4722,935,2025-10-17,895115
4723,79,2025-06-18,281141
4724,969,2025-04-24,587150
4725,317,2025-04-25,575532
4726,767,2025-12-15,635430
4727,726,2025-08-04,171206
4728,54,2025-09-29,613873
4729,323,2025-10-10,737341
4730,138,2025-12-06,168106
4731,228,2025-11-10,618832
4732,471,2025-04-26,820502
4733,1000,2025-11-04,286869
4734,781,2025-04-30,474331
4735,807,2025-10-03,501309
4736,366,2025-09-27,660047
4737,164,2025-07-13,660597
4738,140,2025-10-14,625095
4739,990,2025-11-20,274213
4740,982,2025-04-09,384169
4741,256,2025-08-08,556746
4742,188,2025-10-11,1051239
4743,865,2025-02-08,402906
4744,771,2025-08-01,476854
4745,690,2025-09-19,552244
4746,510,2025-10-15,662238
4747,557,2025-01-08,229057
4748,730,2025-10-23,1153177
4749,983,2025-07-08,263676
4750,708,2025-03-08,433660
4751,52,2025-10-11,624153
4752,338,2025-03-19,459122
4753,574,2025-06-18,783715
4754,152,2025-04-24,1114255
4755,285,2025-08-23,750226
4756,166,2025-01-22,1000672
4757,194,2025-11-18,1142144
4758,571,2025-09-05,606313
4759,585,2025-01-08,735375
4760,769,2025-01-06,998810
4761,825,2025-12-10,644148
4762,599,2025-02-26,438439
4763,216,2025-04-18,469411
4764,67,2025-09-20,955461
4765,590,2025-12-02,310557
4766,701,2025-04-05,1019670
4767,836,2025-11-01,517598
4768,821,2025-11-09,298515
4769,158,2025-03-11,559066
4770,192,2025-07-31,527730
4771,400,2025-11-28,739503
4772,912,2025-06-02,903127
4773,925,2025-01-02,465015
4774,705,2025-03-20,604395
4775,403,2025-09-25,645710
4776,652,2025-07-04,549612
4777,254,2025-09-17,705291
4778,489,2025-08-06,470689
4779,115,2025-08-05,770208
4780,502,2025-05-11,791535
4781,734,2025-06-14,711538
4782,195,2025-03-27,672173
4783,295,2025-11-02,561316
4784,187,2025-01-22,561441
4785,951,2025-04-14,521643
4786,750,2025-01-06,857148
4787,924,2025-08-07,541432
4788,939,2025-10-23,950378
4789,459,2025-05-03,1011534
4790,55,2025-12-05,265698
4791,372,2025-10-04,521266
4792,774,2025-03-02,343376
4793,297,2025-09-03,704479
4794,185,2025-03-24,536896
4795,516,2025-10-17,1273284
4796,202,2025-02-14,670265
4797,767,2025-11-03,822297
4798,852,2025-12-28,643035
4799,501,2025-05-07,587092
4800,185,2025-08-28,540091
4801,243,2025-07-04,889301
4802,880,2025-10-29,881125
4803,331,2025-05-19,482886
4804,981,2025-12-03,264128
4805,2,2025-01-22,416542
4806,879,2025-01-15,766257
4807,651,2025-10-17,258862
4808,611,2025-03-29,273358
4809,898,2025-08-19,1065256
4810,908,2025-12-16,481786
4811,427,2025-03-22,453177
4812,493,2025-01-14,526710
4813,985,2025-11-10,658833
4814,540,2025-02-14,846607
4815,878,2025-02-16,623693
4816,916,2025-05-14,474052
4817,408,2025-09-25,770900
4818,910,2025-01-05,421047
4819,265,2025-07-11,877099
4820,906,2025-08-04,543251
4821,526,2025-12-14,660276
4822,568,2025-10-28,317118
4823,393,2025-04-26,642600
4824,699,2025-09-19,433264
4825,242,2025-11-04,986944
4826,571,2025-07-29,457216
4827,764,2025-11-24,276206
4828,328,2025-06-24,973852
4829,650,2025-04-23,731228
4830,287,2025-11-07,769433
4831,848,2025-10-13,840667
4832,398,2025-01-11,822516
4833,203,2025-05-21,511379
4834,785,2025-01-17,339689
4835,564,2025-09-13,516286
4836,841,2025-07-17,1082944
4837,918,2025-08-09,692149
4838,204,2025-10-07,960712
4839,554,2025-07-30,562220
4840,326,2025-03-17,285705
4841,574,2025-06-09,701060
4842,802,2025-05-10,761098
4843,534,2025-08-08,723978
4844,696,2025-08-30,861668
4845,164,2025-07-28,514321
4846,169,2025-09-13,755065
4847,764,2025-09-04,521751
4848,382,2025-11-30,579705
4849,209,2025-11-01,386403
4850,556,2025-03-10,690844
4851,146,2025-05-17,672959
4852,884,2025-12-25,879290
4853,139,2025-05-04,788540
4854,386,2025-09-09,1062827
4855,834,2025-11-27,542329
4856,651,2025-06-18,884104
4857,663,2025-12-31,536514
4858,293,2025-12-14,361084
4859,717,2025-06-25,567709
4860,157,2025-08-10,503985
4861,42,2025-10-27,376553
4862,800,2025-11-14,460100
4863,226,2025-04-01,536776
4864,392,2025-03-10,731462
4865,10,2025-01-12,565737
4866,220,2025-04-07,408936
4867,38,2025-03-09,547025
4868,747,2025-09-09,516451
4869,647,2025-08-03,341522
4870,553,2025-02-05,431864
4871,296,2025-05-16,747806
4872,187,2025-04-06,1017028
4873,633,2025-07-03,716250
4874,737,2025-11-08,365290
4875,886,2025-01-22,291983
4876,368,2025-08-26,616493
4877,880,2025-09-27,699708
4878,128,2025-04-08,1240661
4879,795,2025-01-26,403155
4880,47,2025-04-22,732921
4881,859,2025-07-25,862602
4882,821,2025-02-26,477537
4883,346,2025-03-08,849345
4884,310,2025-04-08,463118
4885,968,2025-05-01,599638
4886,683,2025-05-10,1239269
4887,850,2025-01-16,382277
4888,739,2025-08-12,555960
4889,554,2025-09-04,1011841
4890,585,2025-07-06,630856
4891,130,2025-03-27,367800
4892,427,2025-12-13,765955
4893,9,2025-06-07,786853
4894,711,2025-03-09,243362
4895,924,2025-01-12,804959
4896,577,2025-11-14,283284
4897,553,2025-12-28,624724
4898,369,2025-08-24,1267932
4899,688,2025-12-12,757145
4900,918,2025-01-05,1035420
4901,968,2025-01-28,487337
4902,354,2025-03-10,677405
4903,740,2025-07-24,541240
4904,691,2025-07-10,545550
4905,601,2025-07-06,209042
4906,649,2025-07-06,547446
4907,923,2025-06-25,387564
4908,277,2025-12-25,632177
4909,557,2025-02-11,582984
4910,632,2025-12-02,1010969
4911,271,2025-10-05,715927
4912,156,2025-12-19,335877
4913,508,2025-01-26,732217
4914,187,2025-09-25,1227405
4915,851,2025-07-10,563390
4916,994,2025-07-27,955288
4917,968,2025-01-09,656969
4918,316,2025-06-25,626898
4919,631,2025-11-22,372161
4920,383,2025-10-16,800801
4921,295,2025-10-05,407008
4922,104,2025-08-21,553263
4923,637,2025-10-03,650150
4924,590,2025-10-20,956629
4925,245,2025-01-31,383707
4926,336,2025-03-10,416143
4927,634,2025-01-13,1107530
4928,248,2025-07-17,644120
4929,579,2025-07-22,751949
4930,1,2025-10-09,1377771
4931,986,2025-12-16,1037860
4932,760,2025-11-05,1142971
4933,674,2025-09-04,502334
4934,915,2025-08-11,436484
4935,758,2025-08-06,856512
4936,594,2025-09-04,937167
4937,292,2025-12-12,301249
4938,752,2025-12-18,994777
4939,708,2025-04-15,311141
4940,701,2025-10-09,328921
4941,838,2025-09-27,962974
4942,840,2025-04-19,537718
4943,248,2025-05-03,786121
4944,394,2025-08-03,336574
4945,623,2025-09-26,881740
4946,659,2025-05-14,617493
4947,96,2025-11-28,629486
4948,194,2025-05-30,1309882
4949,806,2025-05-25,442368
4950,155,2025-09-17,467526
4951,501,2025-10-18,691594
4952,698,2025-12-20,303225
4953,26,2025-05-24,534438
4954,153,2025-02-04,293373
4955,533,2025-07-18,613138
4956,140,2025-03-14,1165843
4957,586,2025-09-09,634500
4958,234,2025-06-17,657249
4959,473,2025-01-20,700424
4960,292,2025-04-29,438558
4961,693,2025-06-04,660182
4962,348,2025-03-21,926992
4963,193,2025-04-09,375940
4964,730,2025-11-18,738576
4965,814,2025-08-15,805211
4966,883,2025-06-15,594245
4967,147,2025-02-23,713353
4968,339,2025-04-11,688791
4969,493,2025-01-31,1070261
4970,348,2025-07-18,728089
4971,252,2025-04-17,618329
4972,258,2025-11-18,521991
4973,150,2025-03-29,497434
4974,280,2025-05-27,777858
4975,5,2025-02-19,396665
4976,393,2025-12-06,904130
4977,378,2025-02-07,469551
4978,429,2025-10-03,732111
4979,178,2025-10-03,316725
4980,670,2025-07-04,508162
4981,646,2025-07-11,651273
4982,854,2025-07-20,599299
4983,103,2025-01-04,497830
4984,568,2025-02-24,341763
4985,732,2025-11-14,724596
4986,672,2025-11-26,690969
4987,506,2025-06-19,400228
4988,922,2025-06-21,342153
4989,215,2025-10-29,430115
4990,546,2025-12-23,500509
4991,36,2025-06-15,529258
4992,378,2025-05-17,901640
4993,820,2025-05-19,290545
4994,811,2025-11-16,406740
4995,27,2025-11-17,984328
4996,383,2025-03-23,440083
4997,572,2025-09-03,1107983
4998,812,2025-03-23,430787
4999,888,2025-05-15,780905
5000,385,2025-08-07,367315
5001,181,2025-12-22,365946
5002,379,2025-01-05,487631
5003,845,2025-09-12,714572
5004,628,2025-07-11,1239925
5005,232,2025-09-21,504851
5006,303,2025-09-29,375320
5007,432,2025-12-25,561002
5008,426,2025-11-03,441150
5009,534,2025-11-04,861652
5010,283,2025-01-24,627641
5011,903,2025-03-13,764455
5012,135,2025-06-27,617913
5013,560,2025-07-22,211636
5014,769,2025-01-16,793852
5015,225,2025-04-07,324710
5016,355,2025-12-15,279077
5017,154,2025-06-25,230848
5018,830,2025-04-20,769145
5019,373,2025-03-09,502642
5020,827,2025-12-17,499852
5021,953,2025-09-08,226878
5022,385,2025-05-05,479866
5023,932,2025-02-21,1278093
5024,837,2025-08-21,693867
5025,333,2025-06-05,735001
5026,89,2025-02-02,1548135
5027,12,2025-10-20,603817
5028,194,2025-11-25,483822
5029,912,2025-08-09,552537
5030,146,2025-03-16,813531
5031,679,2025-12-07,883073
5032,828,2025-08-31,501551
5033,657,2025-02-26,786676
5034,410,2025-01-23,788385
5035,57,2025-12-12,478598
5036,217,2025-01-04,223268
5037,772,2025-12-23,671524
5038,317,2025-05-09,425107
5039,720,2025-03-29,544048
5040,143,2025-06-27,551630
5041,838,2025-07-13,349584
5042,705,2025-07-20,1040324
5043,616,2025-02-03,756592
5044,23,2025-12-02,1158929
5045,211,2025-08-19,419068
5046,345,2025-07-10,1342024
5047,768,2025-04-04,796735
5048,962,2025-01-02,644542
5049,616,2025-06-26,427427
5050,262,2025-11-20,262173
5051,375,2025-07-07,325998
5052,21,2025-11-22,656255
5053,890,2025-12-24,632225
5054,471,2025-03-15,311707
5055,163,2025-06-02,293476
5056,226,2025-01-10,899602
5057,354,2025-05-11,559625
5058,557,2025-05-26,328158
5059,741,2025-12-15,380412
5060,74,2025-10-14,364203
5061,723,2025-12-20,650968
5062,768,2025-10-05,872446
5063,4,2025-01-01,748643
5064,395,2025-01-18,865402
5065,882,2025-12-16,739247
5066,898,2025-03-29,780268
5067,112,2025-04-24,403680
5068,590,2025-03-18,174122
5069,941,2025-05-31,1056501
5070,185,2025-03-31,724644
5071,221,2025-02-18,821681
5072,612,2025-10-05,791679
5073,470,2025-04-16,228561
5074,321,2025-10-19,952625
5075,790,2025-05-17,516240
5076,295,2025-07-28,1070078
5077,407,2025-09-09,629860
5078,866,2025-08-01,441542
5079,396,2025-11-29,868838
5080,838,2025-04-06,382203
5081,780,2025-01-23,1096489
5082,287,2025-11-18,410348
5083,58,2025-10-06,699721
5084,742,2025-08-02,975286
5085,653,2025-02-26,1035085
5086,775,2025-11-02,866964
5087,661,2025-09-14,881550
5088,527,2025-06-07,667038
5089,862,2025-11-29,208999
5090,626,2025-05-04,745095
5091,343,2025-10-11,546431
5092,962,2025-05-08,1223178
5093,161,2025-08-01,701290
5094,517,2025-06-16,655548
5095,198,2025-08-26,331089
5096,255,2025-08-22,247299
5097,498,2025-02-24,742053
5098,29,2025-01-23,680966
5099,673,2025-08-31,918004
5100,760,2025-03-26,586155
5101,609,2025-11-18,424070
5102,237,2025-02-01,866705
5103,680,2025-05-08,619744
5104,243,2025-06-15,495296
5105,684,2025-12-11,625956
5106,692,2025-11-27,388550
5107,677,2025-12-17,591811
5108,365,2025-01-17,163246
5109,297,2025-04-02,571407
5110,701,2025-01-22,492018
5111,929,2025-01-05,417303
5112,904,2025-08-10,1183223
5113,89,2025-06-06,735096
5114,43,2025-07-19,436930
5115,949,2025-07-25,852679
5116,33,2025-08-10,365043
5117,860,2025-01-08,358583
5118,72,2025-12-13,599869
5119,286,2025-08-22,436938
5120,637,2025-09-16,355992
5121,683,2025-02-05,727017
5122,275,2025-03-04,544777
5123,358,2025-04-20,602514
5124,4,2025-01-02,774075
5125,129,2025-01-21,822511
5126,760,2025-03-15,230905
5127,631,2025-11-09,783762
5128,191,2025-10-23,934308
5129,873,2025-11-15,500998
5130,971,2025-08-20,443058
5131,803,2025-12-07,849206
5132,230,2025-04-11,479000
5133,197,2025-06-09,1105453
5134,453,2025-05-31,733489
5135,868,2025-06-30,200076
5136,42,2025-04-29,860475
5137,125,2025-03-20,336832
5138,771,2025-01-22,913722
5139,23,2025-03-07,634289
5140,971,2025-12-15,583246
5141,181,2025-06-13,648781
5142,512,2025-09-06,724996
5143,621,2025-06-25,703106
5144,840,2025-10-04,422812
5145,160,2025-06-14,1219749
5146,419,2025-04-16,920078
5147,677,2025-05-12,597813
5148,757,2025-08-20,813875
5149,914,2025-01-31,483515
5150,150,2025-12-08,610580
5151,928,2025-12-21,1295878
5152,178,2025-09-28,1262194
5153,504,2025-04-11,450795
5154,110,2025-10-17,516697
5155,573,2025-09-07,939089
5156,622,2025-10-01,452878
5157,243,2025-07-15,747256
5158,860,2025-01-03,929488
5159,657,2025-01-27,855695
5160,336,2025-10-27,301728
5161,557,2025-10-08,806236
5162,151,2025-01-09,631552
5163,427,2025-09-12,616211
5164,917,2025-06-10,521498
5165,726,2025-02-09,275864
5166,919,2025-08-05,472877
5167,758,2025-01-21,1251423
5168,334,2025-01-30,727308
5169,334,2025-03-14,1101826
5170,433,2025-10-01,757162
5171,800,2025-12-23,475770
5172,45,2025-12-12,421186
5173,526,2025-01-11,963755
5174,352,2025-12-01,734482
5175,977,2025-07-21,621032
5176,574,2025-09-23,829135
5177,148,2025-04-07,560343
5178,325,2025-06-10,817834
5179,619,2025-08-15,354597
5180,341,2025-06-19,301687
5181,204,2025-06-01,465076
5182,697,2025-07-17,637132
5183,747,2025-04-24,418767
5184,961,2025-05-21,412933
5185,983,2025-04-02,349540
5186,226,2025-11-21,549742
5187,539,2025-12-27,653440
5188,769,2025-03-07,640898
5189,600,2025-12-05,852059
5190,615,2025-08-06,240987
5191,169,2025-04-19,161765
5192,682,2025-08-09,1013183
5193,546,2025-12-07,648287
5194,763,2025-06-17,772162
5195,894,2025-12-05,624747
5196,131,2025-01-18,1169367
5197,791,2025-07-07,695059
5198,93,2025-02-28,937924
5199,203,2025-10-18,212541
5200,110,2025-11-19,759617
5201,372,2025-11-20,706632
5202,702,2025-01-05,741133
5203,449,2025-12-09,532262
5204,270,2025-01-11,503896
5205,9,2025-09-28,615439
5206,528,2025-09-12,252234
5207,17,2025-02-27,548735
5208,78,2025-06-28,167274
5209,453,2025-09-01,670906
5210,871,2025-07-28,549659
5211,43,2025-01-09,560639
5212,795,2025-06-24,1001131
5213,878,2025-01-07,898288
5214,547,2025-05-08,549892
5215,255,2025-04-11,1121423
5216,920,2025-07-10,530813
5217,837,2025-09-09,383724
5218,350,2025-02-26,764027
5219,556,2025-06-05,617812
5220,216,2025-06-27,470445
5221,576,2025-12-04,262879
5222,905,2025-08-10,450918
5223,330,2025-10-31,410113
5224,771,2025-01-27,1029096
5225,870,2025-01-19,1035690
5226,668,2025-10-02,1089034
5227,971,2025-04-06,385763
5228,143,2025-08-24,412494
5229,682,2025-09-02,685963
5230,382,2025-12-13,627616
5231,987,2025-01-18,364338
5232,930,2025-07-01,880111
5233,81,2025-03-28,573846
5234,139,2025-04-13,657708
5235,541,2025-04-17,1126700
5236,542,2025-05-11,900194
5237,56,2025-11-02,447594
5238,186,2025-12-20,450283
5239,1000,2025-01-17,958047
5240,233,2025-08-15,249395
5241,490,2025-07-19,536902
5242,502,2025-01-16,604552
5243,610,2025-02-12,201798
5244,291,2025-08-08,831229
5245,590,2025-11-17,887101
5246,985,2025-07-14,540391
5247,363,2025-03-10,704661
5248,973,2025-06-23,534847
5249,352,2025-02-27,544124
5250,300,2025-09-10,674290
5251,610,2025-08-10,516064
5252,207,2025-09-18,504201
5253,587,2025-04-01,957821
5254,168,2025-10-09,128918
5255,555,2025-08-04,882720
5256,885,2025-02-22,672204
5257,108,2025-07-05,755689
5258,365,2025-07-19,737190
5259,964,2025-12-13,833104
5260,762,2025-04-05,425295
5261,418,2025-04-04,331593
5262,798,2025-11-09,496589
5263,535,2025-05-12,810641
5264,526,2025-07-20,884981
5265,494,2025-12-11,592749
5266,625,2025-09-14,226708
5267,798,2025-05-19,1220704
5268,603,2025-10-29,743314
5269,738,2025-02-17,702393
5270,982,2025-08-04,1073894
5271,565,2025-03-11,589261
5272,425,2025-10-15,799277
5273,663,2025-10-28,805595
5274,847,2025-09-15,987246
5275,731,2025-06-04,386035
5276,416,2025-10-20,391574
5277,90,2025-02-07,613976
5278,50,2025-03-31,376038
5279,381,2025-07-03,169289
5280,205,2025-12-29,609873
5281,197,2025-12-22,458044
5282,731,2025-04-21,333479
5283,721,2025-12-12,620162
5284,817,2025-01-19,481442
5285,619,2025-02-17,294207
5286,176,2025-02-23,316021
5287,467,2025-11-01,673115
5288,339,2025-09-15,534985
5289,656,2025-01-19,919589
5290,712,2025-03-12,333921
5291,769,2025-10-21,478225
5292,934,2025-12-01,166343
5293,225,2025-03-21,426522
5294,803,2025-02-11,793101
5295,357,2025-11-01,643875
5296,302,2025-10-15,348457
5297,620,2025-05-30,745849
5298,84,2025-01-12,735572
5299,108,2025-09-14,549511
5300,449,2025-03-06,373990
5301,600,2025-07-12,661144
5302,76,2025-06-30,499774
5303,321,2025-03-16,634626
5304,391,2025-09-05,579994
5305,304,2025-03-30,627439
5306,874,2025-05-02,465640
5307,705,2025-07-19,944190
5308,507,2025-05-03,233496
5309,449,2025-07-02,734641
5310,6,2025-08-11,279082
5311,623,2025-02-12,431882
5312,815,2025-05-05,498641
5313,759,2025-03-13,618326
5314,708,2025-02-27,465897
5315,905,2025-08-13,983586
5316,422,2025-09-30,265989
5317,710,2025-11-10,342318
5318,821,2025-12-02,876699
5319,331,2025-04-15,843565
5320,687,2025-03-26,1003383
5321,28,2025-04-27,475196
5322,506,2025-08-29,687331
5323,64,2025-09-18,580102
5324,258,2025-11-16,972932
5325,34,2025-08-30,804591
5326,87,2025-12-20,678194
5327,133,2025-11-27,375116
5328,31,2025-10-18,485343
5329,33,2025-02-23,719989
5330,900,2025-03-19,513696
5331,866,2025-08-22,614456
5332,95,2025-08-31,1122272
5333,663,2025-01-12,416200
5334,31,2025-02-24,1083472
5335,128,2025-04-27,601806
5336,124,2025-06-13,352067
5337,19,2025-11-24,566585
5338,36,2025-11-21,495376
5339,513,2025-05-28,369129
5340,368,2025-08-13,422916
5341,961,2025-08-18,807224
5342,658,2025-07-28,495215
5343,128,2025-11-13,672307
5344,772,2025-04-21,573641
5345,410,2025-02-11,531320
5346,269,2025-08-26,262635
5347,510,2025-12-30,660163
5348,457,2025-05-06,755899
5349,51,2025-05-16,306943
5350,1000,2025-12-27,570519
5351,582,2025-05-26,640304
5352,355,2025-11-25,1125191
5353,354,2025-01-19,1066933
5354,761,2025-11-10,399791
5355,670,2025-02-13,913890
5356,247,2025-04-19,693875
5357,633,2025-02-26,701810
5358,158,2025-08-28,1184493
5359,796,2025-10-05,800615
5360,794,2025-02-02,794434
5361,91,2025-01-24,392000
5362,121,2025-01-22,444459
5363,779,2025-10-25,466727
5364,462,2025-07-18,436549
5365,13,2025-07-13,559874
5366,926,2025-01-25,582416
5367,139,2025-02-18,1053323
5368,552,2025-04-19,434275
5369,175,2025-10-13,563659
5370,603,2025-08-24,193461
5371,947,2025-11-03,371081
5372,880,2025-08-22,830295
5373,198,2025-02-05,439237
5374,215,2025-01-18,851475
5375,752,2025-05-14,311156
5376,15,2025-12-30,596610
5377,238,2025-08-31,467976
5378,381,2025-12-21,466632
5379,331,2025-07-28,1145553
5380,342,2025-10-12,540497
5381,807,2025-06-24,185481
5382,670,2025-10-29,803034
5383,37,2025-09-17,273041
5384,970,2025-07-29,316416
5385,261,2025-11-18,825848
5386,598,2025-10-06,1078968
5387,883,2025-07-05,707592
5388,127,2025-09-27,630085
5389,614,2025-02-03,301295
5390,711,2025-07-10,731460
5391,509,2025-12-05,942869
5392,162,2025-05-28,905434
5393,450,2025-02-14,334698
5394,492,2025-06-19,283449
5395,253,2025-07-31,886255
5396,470,2025-05-21,734336
5397,122,2025-04-30,827021
5398,605,2025-03-08,646554
5399,959,2025-02-28,374749
5400,421,2025-02-26,204213
5401,713,2025-01-09,529738
5402,753,2025-07-24,392864
5403,58,2025-12-27,553725
5404,539,2025-05-25,1036744
5405,299,2025-10-06,873016
5406,75,2025-12-21,371535
5407,913,2025-08-06,599929
5408,482,2025-11-01,361196
5409,888,2025-12-29,551863
5410,393,2025-04-03,452769
5411,91,2025-02-18,553217
5412,587,2025-05-26,733809
5413,386,2025-07-04,533103
5414,126,2025-10-08,396005
5415,510,2025-11-13,465838
5416,183,2025-09-22,285221
5417,662,2025-03-10,613646
5418,821,2025-09-03,690056
5419,68,2025-07-13,382968
5420,966,2025-11-28,183495
5421,249,2025-10-05,671275
5422,978,2025-01-03,872642
5423,929,2025-11-12,300127
5424,582,2025-10-08,598658
5425,510,2025-04-06,1098879
5426,308,2025-04-23,356726
5427,137,2025-10-07,488064
5428,679,2025-06-23,834551
5429,380,2025-06-02,667741
5430,819,2025-04-01,888819
5431,170,2025-12-17,773512
5432,293,2025-08-16,454336
5433,874,2025-10-30,902103
5434,549,2025-10-29,1144453
5435,837,2025-10-07,550816
5436,165,2025-09-09,876567
5437,194,2025-02-27,877328
5438,846,2025-02-14,427387
5439,957,2025-12-15,893959
5440,330,2025-11-28,507537
5441,236,2025-11-14,701044
5442,531,2025-08-31,519925
5443,775,2025-12-23,496301
5444,118,2025-11-22,420355
5445,64,2025-03-27,633016
5446,707,2025-07-11,1219482
5447,71,2025-08-22,689192
5448,120,2025-04-17,729683
5449,65,2025-02-01,777353
5450,93,2025-05-12,1286737
5451,337,2025-02-08,247466
5452,376,2025-09-19,914039
5453,697,2025-06-09,719412
5454,739,2025-03-31,340857
5455,37,2025-12-30,645054
5456,504,2025-03-12,309311
5457,729,2025-10-30,720498
5458,427,2025-03-24,1179116
5459,979,2025-08-28,643071
5460,322,2025-12-08,789371
5461,787,2025-09-06,350815
5462,40,2025-09-06,708090
5463,528,2025-08-11,649910
5464,799,2025-07-19,333096
5465,785,2025-08-30,620680
5466,511,2025-10-06,1045470
5467,133,2025-04-08,412543
5468,280,2025-11-02,683179
5469,513,2025-12-17,362558
5470,723,2025-06-06,447053
5471,518,2025-06-10,651090
5472,772,2025-03-10,640953
5473,980,2025-11-17,969692
5474,393,2025-06-02,894174
5475,563,2025-03-05,1154731
5476,505,2025-09-21,636578
5477,783,2025-04-30,684672
5478,720,2025-01-02,532655
5479,480,2025-06-08,330279
5480,42,2025-06-22,354962
5481,189,2025-11-02,555734
5482,486,2025-11-09,782187
5483,458,2025-06-10,508426
5484,253,2025-02-04,797354
5485,423,2025-08-22,759785
5486,303,2025-12-12,400834
5487,772,2025-10-05,545057
5488,417,2025-11-13,332514
5489,689,2025-08-23,474384
5490,522,2025-07-10,662979
5491,977,2025-08-09,390300
5492,814,2025-02-15,704023
5493,438,2025-03-04,465126
5494,550,2025-01-12,406443
5495,612,2025-02-11,949224
5496,612,2025-10-14,868056
5497,434,2025-07-02,885057
5498,7,2025-04-05,1165815
5499,333,2025-10-04,838412
5500,355,2025-04-18,702836
5501,872,2025-10-26,767084
5502,768,2025-10-25,365907
5503,469,2025-11-06,775810
5504,34,2025-06-18,711688
5505,479,2025-02-10,368910
5506,349,2025-11-26,446329
5507,24,2025-06-27,446902
5508,932,2025-10-26,1031147
5509,654,2025-07-20,884255
5510,117,2025-02-22,493610
5511,711,2025-05-05,497441
5512,316,2025-04-13,1010024
5513,632,2025-12-20,608849
5514,928,2025-10-01,482544
5515,357,2025-10-04,610027
5516,41,2025-09-01,329205
5517,958,2025-08-18,497911
5518,331,2025-11-18,309642
5519,918,2025-08-04,865778
5520,739,2025-01-05,607853
5521,281,2025-09-30,974627
5522,42,2025-12-19,477436
5523,853,2025-08-03,516508
5524,444,2025-09-15,1158129
5525,615,2025-04-11,970276
5526,271,2025-12-28,618845
5527,429,2025-06-10,843048
5528,72,2025-01-30,589604
5529,295,2025-06-29,193125
5530,296,2025-10-23,495760
5531,706,2025-01-30,296428
5532,813,2025-06-27,480190
5533,763,2025-12-12,780138
5534,479,2025-09-29,740063
5535,583,2025-04-18,694814
5536,991,2025-09-26,953045
5537,104,2025-06-07,454407
5538,378,2025-05-11,231540
5539,74,2025-12-30,920196
5540,624,2025-01-01,591930
5541,65,2025-09-30,606071
5542,166,2025-09-30,999900
5543,598,2025-04-17,652483
5544,113,2025-09-17,394436
5545,153,2025-11-18,993403
5546,976,2025-05-14,468060
5547,132,2025-12-14,931297
5548,405,2025-05-31,495594
5549,658,2025-04-21,811176
5550,214,2025-06-17,216729
5551,429,2025-10-16,703363
5552,754,2025-03-26,938540
5553,81,2025-07-05,584703
5554,593,2025-08-02,386498
5555,393,2025-04-22,956089
5556,294,2025-12-24,755519
5557,800,2025-03-26,614088
5558,762,2025-07-16,642639
5559,774,2025-12-30,712985
5560,66,2025-05-30,740627
5561,81,2025-05-23,860481
5562,922,2025-08-14,561403
5563,855,2025-08-29,710529
5564,705,2025-11-03,538232
5565,995,2025-10-29,1083325
5566,508,2025-01-06,386083
5567,500,2025-12-03,815744
5568,41,2025-04-04,875722
5569,107,2025-04-20,402964
5570,965,2025-02-15,319239
5571,244,2025-12-04,586796
5572,431,2025-05-29,181258
5573,344,2025-12-18,818824
5574,124,2025-02-03,402016
5575,57,2025-11-09,328863
5576,431,2025-12-11,869414
5577,846,2025-05-18,598012
5578,767,2025-03-08,464395
5579,352,2025-08-22,785888
5580,612,2025-01-05,683657
5581,207,2025-06-15,531413
5582,912,2025-11-23,673875
5583,439,2025-10-14,969368
5584,295,2025-01-21,910400
5585,681,2025-02-03,872761
5586,197,2025-12-06,628310
5587,825,2025-03-14,986144
5588,992,2025-05-07,575948
5589,923,2025-04-09,722783
5590,949,2025-12-30,625934
5591,323,2025-09-17,449645
5592,562,2025-01-10,392599
5593,368,2025-03-25,704210
5594,315,2025-09-22,1093528
5595,995,2025-10-25,768299
5596,623,2025-04-15,1034882
5597,110,2025-09-10,530713
5598,861,2025-06-07,435481
5599,12,2025-07-14,241654
5600,664,2025-02-12,448390
5601,919,2025-06-04,854018
5602,670,2025-05-23,488089
5603,866,2025-09-09,390411
5604,355,2025-01-30,860702
5605,674,2025-11-07,740026
5606,312,2025-06-25,818691
5607,687,2025-11-26,1281044
5608,715,2025-01-10,272049
5609,486,2025-11-24,525184
5610,44,2025-12-11,329267
5611,923,2025-11-23,807155
5612,515,2025-01-26,835941
5613,498,2025-04-28,767274
5614,914,2025-10-30,508938
5615,660,2025-06-14,535272
5616,590,2025-08-22,890091
5617,234,2025-04-10,630135
5618,484,2025-03-16,519740
5619,39,2025-09-08,903185
5620,865,2025-09-24,655499
5621,824,2025-03-04,531755
5622,802,2025-09-20,405470
5623,909,2025-04-11,444892
5624,778,2025-03-06,515395
5625,626,2025-05-16,1238334
5626,463,2025-03-31,580509
5627,714,2025-10-12,921455
5628,993,2025-07-09,615096
5629,9,2025-05-20,636514
5630,229,2025-04-27,599488
5631,807,2025-11-17,706402
5632,99,2025-02-12,433545
5633,172,2025-08-17,859589
5634,191,2025-09-23,461658
5635,150,2025-02-28,171801
5636,414,2025-02-08,1166693
5637,936,2025-04-15,586940
5638,938,2025-12-24,770351
5639,988,2025-09-21,639309
5640,301,2025-08-28,500525
5641,790,2025-08-14,941004
5642,190,2025-12-23,421568
5643,999,2025-11-19,700051
5644,231,2025-02-12,739097
5645,852,2025-03-17,534818
5646,71,2025-11-24,976067
5647,891,2025-06-20,515431
5648,987,2025-06-12,523613
5649,951,2025-10-30,443827
5650,999,2025-10-23,409981
5651,726,2025-02-10,1173520
5652,141,2025-05-20,994352
5653,458,2025-05-16,451764
5654,631,2025-08-27,312136
5655,918,2025-07-03,754415
5656,903,2025-07-11,359823
5657,860,2025-05-19,546850
5658,722,2025-07-05,948369
5659,131,2025-02-21,375864
5660,935,2025-10-12,861581
5661,583,2025-11-10,849431
5662,144,2025-09-24,340678
5663,361,2025-09-21,621940
5664,347,2025-02-03,881404
5665,50,2025-01-05,711120
5666,711,2025-10-31,332450
5667,19,2025-07-11,527038
5668,951,2025-11-04,604546
5669,671,2025-05-19,485142
5670,941,2025-12-16,277615
5671,727,2025-02-21,1012516
5672,368,2025-11-03,691139
5673,165,2025-02-02,380271
5674,775,2025-11-24,363208
5675,856,2025-09-07,538192
5676,913,2025-08-31,561331
5677,957,2025-07-16,252535
5678,999,2025-07-29,184598
5679,468,2025-07-07,260380
5680,451,2025-07-06,795308
5681,416,2025-08-08,867828
5682,995,2025-02-18,613955
5683,197,2025-01-27,295857
5684,159,2025-01-05,631810
5685,192,2025-05-03,408897
5686,635,2025-10-23,483157
5687,126,2025-07-12,1252751
5688,570,2025-03-01,523509
5689,73,2025-04-18,524804
5690,9,2025-03-01,774173
5691,613,2025-03-06,976128
5692,60,2025-09-08,905900
5693,432,2025-03-26,559732
5694,921,2025-11-19,416867
5695,68,2025-09-27,659537
5696,47,2025-03-13,623899
5697,545,2025-01-05,669715
5698,178,2025-06-10,247186
5699,863,2025-04-16,1169483
5700,754,2025-07-17,590918
5701,443,2025-06-09,525122
5702,110,2025-02-24,895897
5703,691,2025-10-29,480460
5704,39,2025-06-01,844999
5705,722,2025-11-27,706293
5706,973,2025-04-04,451129
5707,857,2025-03-23,401491
5708,709,2025-09-08,393063
5709,561,2025-06-13,629413
5710,755,2025-07-21,325540
5711,664,2025-09-13,735286
5712,817,2025-12-31,283262
5713,281,2025-07-21,617389
5714,98,2025-04-03,704504
5715,695,2025-09-13,435881
5716,797,2025-02-05,504112
5717,689,2025-09-07,317109
5718,458,2025-04-15,184131
5719,690,2025-07-09,590636
5720,9,2025-02-12,564236
5721,467,2025-10-03,936216
5722,55,2025-08-27,835644
5723,348,2025-11-11,1163817
5724,624,2025-04-25,266722
5725,942,2025-11-15,311215
5726,298,2025-12-23,392399
5727,316,2025-03-02,631483
5728,166,2025-05-23,667003
5729,151,2025-05-22,335968
5730,482,2025-10-25,315626
5731,924,2025-03-11,921278
5732,474,2025-05-17,856982
5733,156,2025-07-20,343465
5734,359,2025-11-22,716108
5735,898,2025-11-11,736939
5736,176,2025-10-18,661451
5737,653,2025-08-30,1110207
5738,856,2025-04-17,465660
5739,138,2025-08-02,870907
5740,242,2025-10-06,841455
5741,962,2025-07-26,245107
5742,969,2025-04-24,1037705
5743,398,2025-08-09,988893
5744,457,2025-06-11,727265
5745,979,2025-03-12,711950
5746,501,2025-11-09,668602
5747,717,2025-08-06,729373
5748,829,2025-09-17,470289
5749,317,2025-12-05,491991
5750,135,2025-01-22,1018847
5751,555,2025-05-10,493080
5752,762,2025-05-07,322810
5753,250,2025-01-31,432124
5754,470,2025-03-16,882715
5755,680,2025-03-30,636117
5756,277,2025-05-27,851802
5757,199,2025-05-23,672764
5758,15,2025-06-03,894876
5759,331,2025-08-05,523948
5760,562,2025-05-02,564812
5761,572,2025-10-29,541784
5762,627,2025-02-19,719466
5763,108,2025-05-19,377582
5764,786,2025-02-25,701770
5765,285,2025-10-23,611576
5766,850,2025-12-19,309672
5767,155,2025-06-08,617309
5768,661,2025-03-01,358807
5769,147,2025-03-07,450129
5770,460,2025-12-31,282600
5771,775,2025-10-22,406697
5772,67,2025-10-19,645365
5773,204,2025-11-25,900436
5774,819,2025-09-24,423471
5775,600,2025-10-18,207036
5776,129,2025-03-16,316423
5777,887,2025-08-22,657328
5778,657,2025-09-22,418835
5779,714,2025-05-13,574270
5780,731,2025-04-04,268860
5781,608,2025-03-17,654122
5782,552,2025-08-08,451805
5783,747,2025-09-03,169382
5784,836,2025-02-08,514678
5785,835,2025-10-05,630904
5786,329,2025-02-26,375334
5787,151,2025-06-11,736771
5788,184,2025-05-05,671636
5789,10,2025-12-04,282354
5790,164,2025-03-19,630270
5791,809,2025-01-22,480392
5792,615,2025-11-27,542138
5793,787,2025-09-24,374956
5794,637,2025-02-24,949618
5795,780,2025-04-21,734117
5796,546,2025-05-27,165358
5797,863,2025-03-02,814292
5798,985,2025-07-09,1098510
5799,456,2025-10-09,677276
5800,165,2025-10-24,627999
5801,955,2025-05-27,132529
5802,144,2025-02-16,625145
5803,808,2025-08-16,776181
5804,444,2025-09-30,622608
5805,526,2025-06-11,272764
5806,227,2025-03-08,252334
5807,535,2025-06-09,557430
5808,359,2025-12-21,539128
5809,914,2025-07-16,161051
5810,529,2025-12-16,401219
5811,349,2025-05-27,642549
5812,882,2025-03-23,599159
5813,14,2025-08-04,705592
5814,596,2025-08-02,618429
5815,851,2025-05-07,665278
5816,909,2025-10-14,447637
5817,948,2025-01-02,410910
5818,511,2025-12-27,722466
5819,621,2025-09-10,837506
5820,620,2025-02-27,486826
5821,550,2025-11-05,818990
5822,478,2025-04-16,271726
5823,750,2025-01-10,778770
5824,509,2025-05-06,895738
5825,943,2025-05-12,896154
5826,634,2025-07-05,321354
5827,967,2025-02-16,776336
5828,78,2025-01-17,796241
5829,960,2025-11-07,578794
5830,100,2025-02-16,323256
5831,437,2025-10-20,837546
5832,402,2025-08-27,817097
5833,407,2025-08-18,1020632
5834,733,2025-11-02,1324460
5835,501,2025-12-06,628219
5836,382,2025-11-07,388731
5837,76,2025-01-17,838478
5838,223,2025-11-19,473850
5839,642,2025-11-05,755945
5840,668,2025-01-28,468160
5841,143,2025-04-25,1322066
5842,157,2025-01-29,915193
5843,702,2025-07-22,254975
5844,720,2025-02-11,526943
5845,959,2025-10-25,617358
5846,242,2025-02-01,294843
5847,248,2025-03-19,591912
5848,399,2025-10-31,341045
5849,46,2025-11-11,563943
5850,970,2025-02-27,783309
5851,83,2025-06-14,414462
5852,153,2025-06-15,798815
5853,167,2025-10-12,646124
5854,255,2025-10-22,294146
5855,956,2025-10-09,446531
5856,204,2025-07-03,551304
5857,665,2025-05-04,843264
5858,394,2025-11-12,729415
5859,734,2025-04-27,247681
5860,645,2025-06-23,819565
5861,774,2025-02-05,852249
5862,65,2025-05-10,753476
5863,701,2025-03-13,277394
5864,571,2025-12-19,794733
5865,994,2025-12-15,889244
5866,845,2025-02-16,875466
5867,458,2025-01-06,518992
5868,216,2025-04-11,541474
5869,360,2025-08-07,449833
5870,398,2025-08-22,478898
5871,465,2025-01-09,757005
5872,272,2025-01-10,470208
5873,572,2025-06-14,965620
5874,677,2025-12-11,786017
5875,35,2025-10-30,459500
5876,340,2025-08-22,706862
5877,310,2025-06-05,250646
5878,988,2025-12-10,672154
5879,703,2025-05-18,357939
5880,116,2025-02-15,455730
5881,86,2025-10-23,1011559
5882,961,2025-10-29,928752
5883,439,2025-01-08,637500
5884,930,2025-03-15,884046
5885,906,2025-03-06,633257
5886,284,2025-10-22,785919
5887,885,2025-06-12,577568
5888,171,2025-12-18,653720
5889,637,2025-01-13,774803
5890,96,2025-12-28,545362
5891,704,2025-05-21,804070
5892,14,2025-07-18,331910
5893,3,2025-07-18,758477
5894,770,2025-07-12,665697
5895,525,2025-06-07,418442
5896,321,2025-11-28,1026847
5897,265,2025-09-23,492303
5898,354,2025-03-13,724413
5899,78,2025-04-01,181720
5900,88,2025-11-27,377961
5901,534,2025-01-15,817827
5902,404,2025-03-14,532262
5903,55,2025-02-19,521593
5904,492,2025-10-10,608905
5905,32,2025-05-09,274480
5906,579,2025-01-18,737484
5907,721,2025-02-14,453818
5908,601,2025-07-24,741983
5909,922,2025-08-14,908033
5910,931,2025-09-20,787665
5911,951,2025-07-12,457451
5912,144,2025-01-04,363573
5913,575,2025-08-23,562164
5914,858,2025-08-25,615462
5915,324,2025-11-03,510357
5916,299,2025-09-22,713928
5917,65,2025-03-19,591553
5918,112,2025-03-30,504758
5919,24,2025-08-26,438517
5920,169,2025-07-16,827167
5921,193,2025-04-03,740048
5922,724,2025-06-27,383498
5923,343,2025-08-15,305840
5924,855,2025-03-01,556387
5925,803,2025-02-18,499230
5926,30,2025-03-23,726274
5927,914,2025-06-18,920749
5928,860,2025-07-01,1058309
5929,515,2025-10-14,461489
5930,680,2025-01-02,675846
5931,436,2025-12-09,204948
5932,366,2025-08-25,1120668
5933,625,2025-04-01,519353
5934,824,2025-01-09,576064
5935,190,2025-10-07,356030
5936,150,2025-10-23,660334
5937,91,2025-03-27,620112
5938,126,2025-05-06,756772
5939,11,2025-01-23,542436
5940,233,2025-01-30,342055
5941,922,2025-03-25,554455
5942,719,2025-07-21,458425
5943,865,2025-05-06,670496
5944,478,2025-05-27,551196
5945,791,2025-09-01,459832
5946,888,2025-07-04,644485
5947,361,2025-08-19,1169854
5948,85,2025-04-03,824173
5949,885,2025-12-19,1145946
5950,77,2025-11-02,352773
5951,686,2025-03-17,742897
5952,663,2025-10-17,1432283
5953,327,2025-01-06,334420
5954,42,2025-01-06,690120
5955,548,2025-01-26,376750
5956,856,2025-09-25,882492
5957,185,2025-11-07,246352
5958,334,2025-11-16,1116960
5959,795,2025-05-05,441510
5960,845,2025-10-14,956143
5961,392,2025-09-04,236816
5962,536,2025-04-03,524364
5963,632,2025-06-09,883503
5964,284,2025-02-23,733422
5965,768,2025-10-20,342996
5966,411,2025-01-21,217470
5967,529,2025-12-05,572794
5968,238,2025-12-21,794452
5969,380,2025-12-22,251888
5970,252,2025-01-12,462130
5971,84,2025-01-26,978052
5972,72,2025-07-10,459153
5973,153,2025-08-22,200126
5974,466,2025-04-27,840032
5975,607,2025-06-27,953360
5976,892,2025-08-10,553290
5977,228,2025-04-11,692993
5978,471,2025-10-20,374219
5979,947,2025-08-30,526291
5980,859,2025-12-13,625668
5981,477,2025-01-06,430402
5982,84,2025-12-17,584835
5983,1,2025-09-27,618865
5984,821,2025-03-06,724782
5985,451,2025-08-21,897882
5986,728,2025-08-18,335337
5987,358,2025-06-13,660370
5988,585,2025-08-25,661059
5989,162,2025-04-21,637517
5990,873,2025-12-05,484903
5991,4,2025-09-24,710854
5992,529,2025-05-02,404087
5993,183,2025-02-05,351421
5994,368,2025-06-15,630344
5995,207,2025-09-27,677231
5996,536,2025-06-18,838894
5997,707,2025-11-07,527512
5998,87,2025-11-08,410018
5999,623,2025-06-29,472897
6000,541,2025-04-02,430211
6001,458,2025-03-26,716255
6002,539,2025-10-20,801888
6003,493,2025-11-13,220057
6004,345,2025-04-23,532761
6005,51,2025-03-02,598567
6006,305,2025-03-07,255321
6007,814,2025-01-30,788269
6008,697,2025-04-28,639991
6009,542,2025-09-20,1216646
6010,576,2025-11-04,876441
6011,489,2025-05-13,247633
6012,793,2025-12-06,278789
6013,689,2025-11-27,796094
6014,315,2025-08-04,895068
6015,891,2025-03-12,806115
6016,369,2025-10-03,460193
6017,284,2025-05-06,1128994
6018,182,2025-07-22,459294
6019,190,2025-12-10,324833
6020,917,2025-12-06,727541
6021,597,2025-06-06,759750
6022,268,2025-05-21,747347
6023,172,2025-02-17,352798
6024,305,2025-11-23,695497
6025,485,2025-11-30,589549
6026,378,2025-05-20,183640
6027,411,2025-12-19,301654
6028,637,2025-04-08,428851
6029,622,2025-10-11,683857
6030,802,2025-09-24,484100
6031,922,2025-12-13,270808
6032,103,2025-07-27,582531
6033,717,2025-06-02,369363
6034,948,2025-03-04,545603
6035,795,2025-07-07,404524
6036,11,2025-05-04,239205
6037,352,2025-08-22,179376
6038,19,2025-01-17,1040745
6039,692,2025-06-02,762905
6040,808,2025-10-17,738672
6041,827,2025-07-02,615622
6042,297,2025-09-26,853070
6043,415,2025-08-08,606655
6044,961,2025-08-06,545659
6045,754,2025-05-23,414149
6046,632,2025-08-13,121063
6047,248,2025-06-29,605069
6048,301,2025-01-14,1055122
6049,766,2025-07-01,414184
6050,687,2025-01-17,731028
6051,553,2025-06-03,587651
6052,365,2025-01-15,647546
6053,767,2025-05-19,229735
6054,932,2025-02-28,1047851
6055,171,2025-01-17,394041
6056,646,2025-04-13,987687
6057,794,2025-05-26,489831
6058,460,2025-04-11,723839
6059,401,2025-10-03,895044
6060,412,2025-07-15,527213
6061,516,2025-10-20,514039
6062,843,2025-12-12,873591
6063,505,2025-05-24,738175
6064,753,2025-03-28,715149
6065,22,2025-11-06,459738
6066,986,2025-02-03,495652
6067,340,2025-10-18,287346
6068,268,2025-01-31,684488
6069,784,2025-06-05,572296
6070,852,2025-02-10,536525
6071,525,2025-01-30,654353
6072,290,2025-11-17,963689
6073,706,2025-08-23,556260
6074,485,2025-11-10,726884
6075,992,2025-04-21,614418
6076,810,2025-05-26,147539
6077,175,2025-08-15,671894
6078,981,2025-01-06,669690
6079,818,2025-12-20,948620
6080,140,2025-08-22,844232
6081,666,2025-05-19,498410
6082,262,2025-05-16,1412293
6083,453,2025-05-20,927121
6084,918,2025-09-27,803584
6085,470,2025-08-14,627237
6086,621,2025-03-23,865694
6087,813,2025-04-29,531025
6088,126,2025-03-24,1190785
6089,127,2025-06-15,1257427
6090,453,2025-06-03,843751
6091,943,2025-04-17,735103
6092,521,2025-05-25,524671
6093,869,2025-10-14,1012804
6094,451,2025-12-09,305956
6095,467,2025-07-01,472924
6096,579,2025-01-23,759379
6097,983,2025-12-05,417839
6098,175,2025-04-13,318883
6099,884,2025-06-11,485321
6100,979,2025-08-14,674188
6101,498,2025-06-09,771159
6102,709,2025-08-16,428671
6103,712,2025-10-26,616384
6104,303,2025-08-24,548471
6105,604,2025-11-19,677839
6106,142,2025-06-05,539128
6107,669,2025-11-30,245533
6108,296,2025-02-14,688046
6109,313,2025-09-17,465500
6110,916,2025-04-21,568786
6111,700,2025-11-27,464863
6112,855,2025-05-03,1027422
6113,239,2025-01-13,477749
6114,63,2025-05-07,540395
6115,60,2025-06-21,1237894
6116,22,2025-06-04,687154
6117,318,2025-10-03,609204
6118,882,2025-09-25,941374
6119,311,2025-02-26,740996
6120,27,2025-01-31,574893
6121,396,2025-10-17,833396
6122,105,2025-06-09,552718
6123,206,2025-12-05,346626
6124,97,2025-05-10,269513
6125,425,2025-07-27,697691
6126,217,2025-04-10,310665
6127,293,2025-05-01,88026
6128,273,2025-07-17,970431
6129,358,2025-01-19,668668
6130,388,2025-08-08,841163
6131,637,2025-02-10,217380
6132,331,2025-08-20,395466
6133,918,2025-09-26,766752
6134,110,2025-06-13,709877
6135,363,2025-02-05,617254
6136,805,2025-03-07,134731
6137,329,2025-06-20,774416
6138,288,2025-03-05,594874
6139,582,2025-09-03,1176626
6140,370,2025-07-30,632469
6141,212,2025-10-11,248694
6142,963,2025-10-20,586039
6143,367,2025-08-11,834087
6144,454,2025-03-22,678578
6145,514,2025-09-02,673833
6146,533,2025-12-18,339527
6147,226,2025-08-13,508396
6148,258,2025-07-10,479614
6149,195,2025-02-02,676277
6150,121,2025-09-29,706251
6151,433,2025-06-25,393603
6152,309,2025-07-01,1072635
6153,541,2025-08-15,258438
6154,556,2025-12-27,443945
6155,820,2025-08-13,569100
6156,217,2025-12-27,454171
6157,887,2025-03-03,754390
6158,382,2025-07-02,657750
6159,335,2025-12-29,512224
6160,118,2025-04-07,627419
6161,972,2025-03-14,913810
6162,19,2025-06-12,489226
6163,429,2025-02-06,298755
6164,542,2025-04-01,321891
6165,384,2025-04-20,546271
6166,654,2025-03-26,873267
6167,582,2025-08-25,437152
6168,730,2025-06-25,497511
6169,432,2025-01-26,521867
6170,941,2025-12-09,954919
6171,261,2025-03-15,654928
6172,745,2025-01-19,188019
6173,182,2025-05-18,372472
6174,813,2025-10-12,494943
6175,542,2025-09-15,1139967
6176,987,2025-12-02,380349
6177,987,2025-05-04,617754
6178,808,2025-04-11,289713
6179,298,2025-06-25,540226
6180,604,2025-08-20,774852
6181,771,2025-08-12,432749
6182,612,2025-05-29,670801
6183,587,2025-01-19,595306
6184,203,2025-10-26,646666
6185,255,2025-08-02,277558
6186,807,2025-11-30,253512
6187,217,2025-09-25,912338
6188,628,2025-12-26,342549
6189,752,2025-01-07,576840
6190,391,2025-07-23,347604
6191,199,2025-03-03,434202
6192,421,2025-09-24,651641
6193,86,2025-11-10,364504
6194,541,2025-09-22,220820
6195,473,2025-12-15,622781
6196,599,2025-01-25,373708
6197,351,2025-09-08,848120
6198,447,2025-09-12,727623
6199,890,2025-05-17,710475
6200,571,2025-10-03,1236494
6201,167,2025-06-19,932237
6202,204,2025-10-06,288662
6203,790,2025-10-11,231726
6204,663,2025-04-09,747628
6205,851,2025-04-27,516899
6206,724,2025-03-25,781502
6207,588,2025-09-16,440611
6208,741,2025-09-26,252969
6209,194,2025-08-02,377645
6210,426,2025-09-26,981867
6211,74,2025-12-04,500684
6212,943,2025-03-20,598856
6213,227,2025-01-18,458088
6214,879,2025-05-13,1124249
6215,444,2025-02-18,689790
6216,791,2025-02-09,481001
6217,621,2025-06-22,373598
6218,509,2025-09-14,986351
6219,943,2025-10-27,242277
6220,901,2025-09-13,437687
6221,895,2025-04-02,787404
6222,107,2025-07-19,963246
6223,190,2025-06-03,968569
6224,662,2025-10-28,746550
6225,5,2025-07-20,1325896
6226,521,2025-04-28,1100132
6227,182,2025-06-04,221527
6228,347,2025-10-28,254116
6229,7,2025-04-08,549764
6230,944,2025-06-18,491870
6231,554,2025-02-14,598169
6232,919,2025-06-09,287425
6233,681,2025-06-19,800922
6234,821,2025-10-24,412391
6235,160,2025-08-16,885967
6236,178,2025-03-02,515703
6237,533,2025-08-16,943400
6238,999,2025-05-22,364287
6239,634,2025-08-04,1276917
6240,52,2025-08-26,361138
6241,726,2025-07-01,752862
6242,82,2025-10-13,719493
6243,764,2025-01-03,422839
6244,60,2025-12-31,618927
6245,172,2025-11-12,634866
6246,163,2025-05-18,679915
6247,387,2025-11-24,449836
6248,214,2025-09-22,370712
6249,2,2025-05-03,733219
6250,401,2025-06-10,627439
6251,873,2025-11-17,749915
6252,743,2025-02-14,561232
6253,744,2025-10-07,591965
6254,826,2025-09-02,928157
6255,880,2025-07-22,835758
6256,865,2025-10-03,950898
6257,902,2025-12-16,627180
6258,517,2025-01-23,766717
6259,763,2025-08-08,695505
6260,532,2025-09-03,1044111
6261,508,2025-11-02,424751
6262,867,2025-12-27,594595
6263,850,2025-01-20,405720
6264,294,2025-03-06,980372
6265,620,2025-06-26,1105080
6266,87,2025-07-15,938950
6267,973,2025-10-18,250460
6268,544,2025-01-13,592149
6269,214,2025-10-01,490926
6270,963,2025-12-01,458265
6271,40,2025-07-07,891139
6272,443,2025-01-01,919509
6273,269,2025-09-26,429912
6274,451,2025-12-12,697719
6275,519,2025-04-06,817629
6276,691,2025-09-13,219796
6277,618,2025-10-19,542764
6278,31,2025-05-26,741117
6279,397,2025-09-23,342232
6280,354,2025-02-05,417902
6281,663,2025-06-28,1174261
6282,624,2025-10-04,941711
6283,222,2025-09-24,371121
6284,9,2025-04-21,584154
6285,598,2025-07-07,534274
6286,211,2025-02-07,842532
6287,305,2025-08-16,307622
6288,348,2025-12-11,725602
6289,365,2025-04-17,336735
6290,53,2025-08-26,440682
6291,574,2025-02-28,735897
6292,63,2025-12-10,519314
6293,358,2025-05-10,525898
6294,693,2025-06-24,648042
6295,355,2025-06-21,412842
6296,671,2025-09-30,1278810
6297,471,2025-05-23,426357
6298,343,2025-12-13,566065
6299,683,2025-09-06,431004
6300,899,2025-04-23,496512
6301,884,2025-03-07,469256
6302,932,2025-04-01,745611
6303,613,2025-02-04,870441
6304,212,2025-03-06,484270
6305,507,2025-07-23,536646
6306,788,2025-05-02,638458
6307,11,2025-03-02,952510
6308,42,2025-03-09,592903
6309,141,2025-05-18,378142
6310,520,2025-05-30,875905
6311,718,2025-07-08,239150
6312,89,2025-09-16,546199
6313,901,2025-01-16,476252
6314,601,2025-06-08,485246
6315,130,2025-01-27,578511
6316,930,2025-03-03,520351
6317,735,2025-09-02,730746
6318,770,2025-12-09,841009
6319,561,2025-11-23,686848
6320,658,2025-11-09,648429
6321,99,2025-12-21,461252
6322,823,2025-03-29,473251
6323,794,2025-07-09,720566
6324,577,2025-03-07,401458
6325,165,2025-12-29,284512
6326,987,2025-10-22,458275
6327,406,2025-01-03,352796
6328,808,2025-03-24,1290145
6329,648,2025-01-01,528310
6330,766,2025-04-19,728456
6331,584,2025-04-16,602440
6332,252,2025-07-10,791930
6333,976,2025-01-24,839329
6334,356,2025-07-30,1126106
6335,664,2025-04-19,276405
6336,97,2025-07-30,707723
6337,250,2025-06-21,457285
6338,696,2025-01-25,974268
6339,154,2025-07-03,1057517
6340,406,2025-02-10,741269
6341,82,2025-12-23,1023458
6342,969,2025-01-18,905861
6343,817,2025-01-21,497575
6344,219,2025-09-19,881580
6345,447,2025-09-03,1026637
6346,6,2025-09-29,786707
6347,574,2025-06-28,465727
6348,27,2025-11-03,779675
6349,240,2025-12-22,589472
6350,31,2025-12-12,580729
6351,572,2025-01-02,307858
6352,426,2025-11-18,719762
6353,309,2025-07-02,449884
6354,493,2025-09-21,451877
6355,61,2025-05-29,524362
6356,205,2025-12-26,983537
6357,549,2025-05-31,400429
6358,280,2025-12-20,427963
6359,505,2025-08-14,614488
6360,408,2025-09-05,506027
6361,271,2025-12-13,276252
6362,314,2025-08-15,671067
6363,86,2025-06-19,466612
6364,622,2025-12-06,870787
6365,512,2025-06-30,1138159
6366,928,2025-07-27,537125
6367,814,2025-07-29,568443
6368,964,2025-01-13,620709
6369,935,2025-01-01,958546
6370,219,2025-03-03,954708
6371,131,2025-10-05,706147
6372,97,2025-04-10,623706
6373,655,2025-05-12,379586
6374,995,2025-06-20,1127821
6375,571,2025-08-02,516449
6376,525,2025-12-30,491066
6377,590,2025-02-17,637842
6378,653,2025-01-21,911374
6379,397,2025-06-10,915211
6380,115,2025-02-04,609661
6381,986,2025-04-02,419930
6382,588,2025-04-10,692517
6383,964,2025-02-21,726315
6384,203,2025-02-11,870683
6385,696,2025-05-30,728062
6386,385,2025-07-10,207089
6387,960,2025-08-13,393675
6388,949,2025-03-28,655430
6389,977,2025-01-01,448671
6390,398,2025-10-19,94842
6391,656,2025-11-12,608609
6392,348,2025-10-08,950747
6393,153,2025-07-05,658468
6394,202,2025-09-08,852378
6395,514,2025-01-28,262494
6396,960,2025-09-01,396740
6397,469,2025-08-08,346588
6398,461,2025-04-21,738326
6399,814,2025-06-17,586140
6400,277,2025-03-07,497423
6401,243,2025-05-05,646912
6402,103,2025-01-10,260320
6403,882,2025-01-14,620146
6404,752,2025-06-26,758821
6405,975,2025-06-10,450597
6406,871,2025-11-17,464760
6407,379,2025-08-02,405528
6408,813,2025-12-26,288292
6409,762,2025-12-07,180272
6410,509,2025-04-13,746616
6411,502,2025-07-05,298857
6412,114,2025-09-13,555058
6413,544,2025-07-22,864876
6414,312,2025-04-06,570139
6415,874,2025-10-22,733027
6416,197,2025-09-06,378373
6417,300,2025-03-21,203185
6418,528,2025-06-19,207902
6419,26,2025-03-03,521006
6420,950,2025-07-26,446775
6421,526,2025-06-10,734296
6422,423,2025-08-06,179958
6423,661,2025-01-16,489421
6424,33,2025-10-31,468803
6425,357,2025-01-03,552388
6426,103,2025-04-22,558052
6427,436,2025-07-07,881042
6428,314,2025-05-02,192291
6429,189,2025-05-20,523681
6430,233,2025-04-12,463152
6431,320,2025-08-14,490932
6432,187,2025-04-23,1246194
6433,482,2025-08-17,543562
6434,529,2025-03-29,551300
6435,573,2025-07-15,723554
6436,169,2025-02-15,1083285
6437,601,2025-12-06,776028
6438,503,2025-04-23,980144
6439,527,2025-08-20,678360
6440,825,2025-05-05,459736
6441,99,2025-11-23,312394
6442,786,2025-09-04,1183009
6443,425,2025-05-13,527053
6444,137,2025-02-14,845374
6445,499,2025-06-05,747038
6446,125,2025-01-06,625025
6447,150,2025-04-04,615022
6448,397,2025-10-25,438281
6449,3,2025-07-24,534052
6450,284,2025-09-23,792189
6451,971,2025-11-22,541422
6452,526,2025-10-09,337540
6453,145,2025-07-27,934633
6454,945,2025-01-06,744388
6455,752,2025-10-19,407057
6456,925,2025-05-12,596448
6457,866,2025-08-02,1090641
6458,962,2025-09-06,1179318
6459,534,2025-01-12,243815
6460,187,2025-12-30,214981
6461,259,2025-03-01,414175
6462,664,2025-02-12,675785
6463,715,2025-11-04,748063
6464,457,2025-07-16,538976
6465,450,2025-07-31,428353
6466,398,2025-08-10,1235688
6467,444,2025-07-25,942222
6468,255,2025-08-16,611769
6469,20,2025-03-14,492992
6470,782,2025-11-08,390445
6471,429,2025-04-30,318820
6472,186,2025-01-07,232522
6473,813,2025-10-05,910326
6474,62,2025-08-08,844612
6475,310,2025-05-27,411787
6476,297,2025-09-02,508594
6477,826,2025-04-05,653452
6478,339,2025-04-25,889795
6479,820,2025-02-12,935551
6480,130,2025-11-13,257183
6481,894,2025-03-06,1198826
6482,803,2025-12-20,1487964
6483,87,2025-09-24,1028211
6484,203,2025-05-08,544418
6485,604,2025-06-03,326957
6486,945,2025-01-08,617000
6487,588,2025-11-30,648111
6488,454,2025-06-27,557013
6489,536,2025-03-06,1086297
6490,941,2025-01-01,618226
6491,366,2025-06-11,414890
6492,867,2025-03-04,255186
6493,547,2025-10-27,669695
6494,717,2025-03-20,600184
6495,157,2025-04-11,484648
6496,575,2025-02-24,498608
6497,334,2025-02-04,860608
6498,24,2025-08-26,763815
6499,594,2025-04-25,642775
6500,30,2025-05-15,433309
6501,140,2025-11-11,986052
6502,153,2025-08-06,465049
6503,907,2025-04-28,920248
6504,811,2025-03-14,617218
6505,970,2025-07-01,600113
6506,785,2025-10-28,833170
6507,915,2025-11-13,1049220
6508,126,2025-01-09,725504
6509,595,2025-07-25,458732
6510,836,2025-05-21,1053146
6511,515,2025-09-25,586286
6512,430,2025-10-30,366205
6513,10,2025-01-12,996709
6514,379,2025-07-07,1038045
6515,850,2025-09-11,337814
6516,57,2025-12-23,388204
6517,797,2025-11-02,574649
6518,622,2025-05-06,433723
6519,952,2025-10-26,938803
6520,683,2025-07-09,613190
6521,896,2025-06-15,414427
6522,580,2025-06-28,790654
6523,792,2025-12-19,956059
6524,555,2025-05-20,507333
6525,655,2025-10-28,569675
6526,816,2025-04-25,828160
6527,579,2025-06-07,967526
6528,953,2025-06-17,578563
6529,798,2025-06-24,380763
6530,659,2025-02-15,670757
6531,515,2025-11-05,521527
6532,953,2025-04-24,304908
6533,845,2025-10-11,1262300
6534,643,2025-12-14,971632
6535,153,2025-04-28,395606
6536,148,2025-08-22,622279
6537,19,2025-10-22,421045
6538,502,2025-02-05,508797
6539,819,2025-09-01,999911
6540,231,2025-10-13,394828
6541,489,2025-01-30,592320
6542,920,2025-02-27,923936
6543,977,2025-07-23,560807
6544,889,2025-01-09,770707
6545,701,2025-11-21,237799
6546,27,2025-12-11,755791
6547,278,2025-09-26,318933
6548,937,2025-03-22,1191416
6549,67,2025-10-28,812781
6550,830,2025-10-06,801120
6551,624,2025-01-24,1139766
6552,757,2025-06-03,844173
6553,337,2025-05-07,278245
6554,188,2025-12-03,362167
6555,370,2025-07-29,1015393
6556,651,2025-04-28,669943
6557,470,2025-09-04,598642
6558,172,2025-10-27,1030738
6559,518,2025-11-21,702079
6560,56,2025-09-11,521970
6561,331,2025-12-30,666380
6562,224,2025-12-20,132166
6563,296,2025-12-03,533315
6564,954,2025-05-01,556526
6565,104,2025-08-04,137239
6566,921,2025-02-28,777821
6567,364,2025-05-14,404976
6568,189,2025-12-28,937185
6569,526,2025-11-09,863331
6570,372,2025-12-20,551728
6571,361,2025-04-14,408091
6572,357,2025-08-08,1173070
6573,488,2025-12-07,345741
6574,506,2025-07-21,342857
6575,469,2025-01-16,620003
6576,407,2025-07-11,720420
6577,93,2025-09-22,823101
6578,590,2025-11-05,280643
6579,365,2025-08-07,524183
6580,709,2025-05-19,313947
6581,258,2025-02-16,409415
6582,356,2025-08-18,363729
6583,218,2025-05-12,1094241
6584,348,2025-09-22,1355746
6585,388,2025-08-20,672223
6586,558,2025-01-22,967732
6587,946,2025-04-10,987262
6588,563,2025-11-21,834241
6589,4,2025-09-05,243076
6590,590,2025-02-14,496016
6591,388,2025-02-08,215436
6592,256,2025-03-03,591427
6593,6,2025-07-03,402358
6594,984,2025-05-01,913670
6595,831,2025-07-17,1308729
6596,911,2025-07-09,431344
6597,561,2025-04-04,785420
6598,967,2025-11-25,531476
6599,144,2025-09-07,1092558
6600,229,2025-04-24,293719
6601,996,2025-11-20,410452
6602,133,2025-10-21,708946
6603,342,2025-02-07,1107615
6604,183,2025-08-13,235207
6605,245,2025-05-17,126239
6606,170,2025-04-01,171344
6607,918,2025-01-19,400599
6608,232,2025-04-13,384191
6609,521,2025-12-05,570298
6610,201,2025-08-24,808681
6611,157,2025-05-09,125887
6612,421,2025-09-18,682481
6613,161,2025-01-22,1244856
6614,811,2025-07-13,510892
6615,531,2025-01-25,372431
6616,845,2025-03-02,864778
6617,24,2025-12-25,622865
6618,204,2025-11-18,480682
6619,672,2025-06-04,878306
6620,871,2025-07-18,601486
6621,205,2025-07-03,894704
6622,331,2025-09-10,423790
6623,496,2025-12-06,876467
6624,286,2025-10-30,335642
6625,245,2025-05-02,945877
6626,494,2025-04-08,823091
6627,501,2025-05-11,984843
6628,5,2025-06-27,708262
6629,290,2025-08-15,459319
6630,966,2025-07-23,821357
6631,172,2025-05-02,643426
6632,211,2025-09-20,530721
6633,230,2025-09-25,827144
6634,137,2025-02-10,719355
6635,755,2025-03-14,742254
6636,223,2025-01-02,861082
6637,534,2025-09-13,405812
6638,982,2025-07-31,282972
6639,630,2025-10-29,572614
6640,198,2025-08-22,225617
6641,910,2025-08-10,418385
6642,831,2025-08-14,392354
6643,192,2025-11-28,237924
6644,629,2025-06-06,590881
6645,90,2025-06-07,414759
6646,865,2025-02-08,317072
6647,151,2025-09-29,718794
6648,546,2025-12-22,728981
6649,154,2025-08-02,799496
6650,252,2025-09-23,946407
6651,99,2025-01-25,527752
6652,506,2025-09-09,938364
6653,577,2025-04-03,355830
6654,887,2025-10-30,407055
6655,169,2025-11-26,719893
6656,728,2025-03-19,811320
6657,371,2025-05-06,845117
6658,227,2025-12-09,516608
6659,660,2025-12-09,748098
6660,377,2025-11-28,673602
6661,386,2025-04-12,370378
6662,903,2025-08-17,611575
6663,10,2025-10-30,555312
6664,759,2025-02-14,708102
6665,612,2025-07-11,444158
6666,898,2025-10-27,854952
6667,890,2025-04-11,561132
6668,797,2025-10-11,790667
6669,523,2025-09-15,830938
6670,483,2025-02-06,536878
6671,56,2025-04-17,542270
6672,695,2025-01-24,652385
6673,676,2025-05-31,565168
6674,103,2025-06-04,718535
6675,917,2025-08-10,762496
6676,91,2025-09-20,481238
6677,238,2025-10-29,623482
6678,379,2025-01-18,847131
6679,583,2025-08-21,348414
6680,422,2025-05-29,829530
6681,679,2025-12-28,600015
6682,33,2025-01-04,268216
6683,618,2025-10-01,646437
6684,354,2025-03-09,325058
6685,576,2025-01-30,825414
6686,317,2025-02-16,716519
6687,209,2025-05-09,696673
6688,890,2025-12-08,1171554
6689,804,2025-05-27,313317
6690,144,2025-04-17,353448
6691,765,2025-02-13,791378
6692,65,2025-02-14,639448
6693,516,2025-02-24,571864
6694,950,2025-01-12,567612
6695,162,2025-12-08,513756
6696,791,2025-07-22,886543
6697,411,2025-06-13,346018
6698,871,2025-10-29,597489
6699,492,2025-11-27,661238
6700,355,2025-04-13,1029841
6701,560,2025-01-12,532061
6702,363,2025-01-17,358138
6703,599,2025-04-24,995380
6704,972,2025-12-26,490214
6705,943,2025-04-22,1046395
6706,69,2025-06-23,205758
6707,22,2025-02-02,541717
6708,58,2025-03-19,403610
6709,41,2025-04-01,567033
6710,6,2025-01-19,429195
6711,659,2025-09-06,1051297
6712,122,2025-04-09,342092
6713,219,2025-04-07,313011
6714,765,2025-06-10,764669
6715,889,2025-10-26,746872
6716,205,2025-04-14,678617
6717,970,2025-04-18,681275
6718,345,2025-12-06,365597
6719,652,2025-12-01,859859
6720,616,2025-02-11,1032825
6721,954,2025-08-21,337119
6722,37,2025-10-15,723456
6723,200,2025-06-16,966090
6724,262,2025-08-20,482984
6725,502,2025-03-29,475523
6726,94,2025-01-01,745715
6727,818,2025-10-03,613546
6728,542,2025-03-08,426461
6729,412,2025-09-16,973779
6730,972,2025-06-21,639488
6731,522,2025-05-28,1259832
6732,244,2025-12-04,869092
6733,387,2025-07-22,318328
6734,428,2025-06-06,393742
6735,687,2025-03-18,590089
6736,561,2025-11-20,532242
6737,17,2025-02-04,951448
6738,583,2025-09-20,878067
6739,401,2025-01-21,831097
6740,986,2025-01-02,1039092
6741,648,2025-10-26,204714
6742,135,2025-07-07,555324
6743,108,2025-03-17,459268
6744,93,2025-03-15,716192
6745,393,2025-02-16,758506
6746,679,2025-08-15,741573
6747,984,2025-05-31,650799
6748,567,2025-05-24,699002
6749,776,2025-02-20,780103
6750,589,2025-05-08,439944
6751,856,2025-02-25,826193
6752,820,2025-02-26,1293233
6753,636,2025-05-20,594660
6754,371,2025-02-14,214547
6755,81,2025-05-21,378500
6756,630,2025-08-18,425111
6757,966,2025-12-28,703581
6758,837,2025-05-25,494081
6759,986,2025-08-26,680355
6760,658,2025-03-29,710088
6761,85,2025-01-09,776229
6762,240,2025-09-20,327017
6763,335,2025-12-23,801018
6764,662,2025-09-14,519237
6765,130,2025-12-28,1277280
6766,684,2025-09-24,671619
6767,906,2025-10-24,650151
6768,353,2025-02-02,1168433
6769,35,2025-04-12,575043
6770,71,2025-09-17,262350
6771,727,2025-11-03,958735
6772,759,2025-10-07,500051
6773,340,2025-07-06,381096
6774,180,2025-11-08,268453
6775,404,2025-04-14,1007187
6776,774,2025-07-19,485842
6777,559,2025-12-25,857332
6778,730,2025-09-17,1111919
6779,635,2025-05-02,694548
6780,538,2025-03-31,1016689
6781,471,2025-10-29,780686
6782,704,2025-04-13,783034
6783,273,2025-08-10,1469081
6784,188,2025-05-30,945257
6785,426,2025-05-17,923781
6786,650,2025-09-13,693559
6787,921,2025-06-14,684719
6788,96,2025-03-07,284691
6789,127,2025-12-07,905006
6790,781,2025-09-16,515235
6791,226,2025-07-21,235570
6792,834,2025-11-27,749280
6793,368,2025-11-16,375587
6794,591,2025-11-06,1040558
6795,633,2025-01-11,614324
6796,622,2025-04-18,444318
6797,585,2025-12-05,445949
6798,217,2025-12-02,526303
6799,522,2025-06-18,541269
6800,538,2025-11-06,732909
6801,326,2025-05-18,725714
6802,125,2025-05-19,665908
6803,11,2025-05-05,731218
6804,393,2025-08-09,395119
6805,57,2025-09-12,856195
6806,528,2025-04-20,429832
6807,581,2025-10-21,358454
6808,761,2025-05-17,150435
6809,109,2025-06-14,461575
6810,559,2025-05-20,549388
6811,98,2025-07-11,1107127
6812,615,2025-01-16,728234
6813,383,2025-06-17,689955
6814,822,2025-08-09,559075
6815,546,2025-04-06,617501
6816,309,2025-09-21,1246089
6817,120,2025-02-14,950572
6818,413,2025-06-24,393956
6819,290,2025-10-01,908626
6820,313,2025-08-18,1411107
6821,774,2025-01-26,517729
6822,667,2025-07-01,1161780
6823,51,2025-10-25,448376
6824,743,2025-09-21,99980
6825,154,2025-06-01,645510
6826,797,2025-02-16,778247
6827,511,2025-09-15,562133
6828,201,2025-12-11,487924
6829,817,2025-10-10,866291
6830,599,2025-04-03,946730
6831,631,2025-01-06,608316
6832,465,2025-04-04,707281
6833,325,2025-10-26,596023
6834,570,2025-03-28,407373
6835,103,2025-12-12,589881
6836,531,2025-06-26,1335298
6837,631,2025-12-04,764478
6838,241,2025-04-22,871708
6839,117,2025-11-28,860563
6840,478,2025-10-09,636714
6841,497,2025-09-14,582409
6842,835,2025-06-11,948166
6843,402,2025-10-26,481808
6844,354,2025-05-12,362543
6845,731,2025-02-14,312570
6846,734,2025-07-09,435413
6847,790,2025-09-21,452661
6848,190,2025-02-15,873860
6849,73,2025-02-14,281124
6850,96,2025-01-25,444897
6851,548,2025-06-04,1168907
6852,714,2025-03-11,320666
6853,669,2025-08-21,559866
6854,37,2025-06-11,1027211
6855,118,2025-01-27,396745
6856,267,2025-03-31,587707
6857,157,2025-08-08,472748
6858,798,2025-01-10,645955
6859,959,2025-10-01,494449
6860,519,2025-05-11,622523
6861,485,2025-01-15,784569
6862,817,2025-10-06,702974
6863,532,2025-02-09,574587
6864,841,2025-02-10,430158
6865,487,2025-04-30,316032
6866,11,2025-11-09,1038914
6867,210,2025-05-12,635433
6868,341,2025-12-24,385432
6869,51,2025-09-08,608107
6870,860,2025-08-08,562242
6871,813,2025-07-22,789090
6872,186,2025-10-27,321614
6873,519,2025-08-13,796917
6874,246,2025-08-20,999249
6875,989,2025-02-17,1028014
6876,639,2025-11-05,206331
6877,444,2025-11-04,348188
6878,653,2025-07-29,663874
6879,827,2025-04-08,595977
6880,207,2025-07-27,491530
6881,970,2025-03-24,991545
6882,396,2025-12-29,375171
6883,329,2025-01-08,1220592
6884,374,2025-05-03,320799
6885,506,2025-01-27,476975
6886,69,2025-02-15,342792
6887,572,2025-08-15,577334
6888,329,2025-03-05,696556
6889,994,2025-08-26,607172
6890,874,2025-11-18,603337
6891,366,2025-01-09,954018
6892,302,2025-04-16,478305
6893,148,2025-10-03,948756
6894,334,2025-11-06,438118
6895,511,2025-04-25,729072
6896,624,2025-01-17,706957
6897,584,2025-12-13,375268
6898,731,2025-02-27,452709
6899,369,2025-09-11,671353
6900,28,2025-03-21,433374
6901,386,2025-01-30,636906
6902,57,2025-02-10,619558
6903,61,2025-08-28,493104
6904,691,2025-12-23,669058
6905,828,2025-08-05,689358
6906,809,2025-06-21,322710
6907,304,2025-12-26,704266
6908,209,2025-08-14,413063
6909,439,2025-10-27,298382
6910,206,2025-04-09,410452
6911,440,2025-08-07,163558
6912,106,2025-10-09,967044
6913,799,2025-05-01,408452
6914,532,2025-05-21,649847
6915,270,2025-05-11,466987
6916,831,2025-06-20,271237
6917,351,2025-08-30,355821
6918,408,2025-11-19,421096
6919,396,2025-10-30,287304
6920,444,2025-07-20,797254
6921,342,2025-05-01,305883
6922,556,2025-12-17,903947
6923,711,2025-12-18,1085717
6924,361,2025-04-12,773598
6925,561,2025-06-05,644742
6926,714,2025-01-10,350907
6927,657,2025-06-19,355729
6928,350,2025-07-03,857211
6929,556,2025-07-05,1117686
6930,48,2025-03-26,702769
6931,826,2025-12-19,1143963
6932,891,2025-07-21,609476
6933,688,2025-08-13,561742
6934,342,2025-06-30,713937
6935,381,2025-02-10,689219
6936,914,2025-07-03,283659
6937,324,2025-05-08,361165
6938,904,2025-06-07,552173
6939,54,2025-07-05,650675
6940,313,2025-12-26,477088
6941,279,2025-05-19,824341
6942,307,2025-09-08,797071
6943,23,2025-06-28,1094823
6944,876,2025-07-14,378620
6945,17,2025-01-31,792333
6946,400,2025-04-30,1055636
6947,35,2025-06-30,480286
6948,878,2025-04-04,262807
6949,438,2025-02-26,888184
6950,808,2025-04-24,1036355
6951,572,2025-05-06,628757
6952,658,2025-05-18,830953
6953,668,2025-09-30,154893
6954,88,2025-03-05,582758
6955,438,2025-01-09,1148192
6956,249,2025-05-30,721195
6957,985,2025-08-21,568871
6958,369,2025-04-18,447597
6959,346,2025-09-23,890919
6960,565,2025-07-07,421136
6961,727,2025-10-16,451045
6962,206,2025-04-11,643309
6963,83,2025-08-07,525875
6964,986,2025-03-08,437033
6965,983,2025-10-14,639592
6966,896,2025-10-20,418445
6967,420,2025-08-06,738159
6968,663,2025-09-13,400859
6969,109,2025-11-29,382226
6970,468,2025-02-14,380851
6971,366,2025-04-28,617920
6972,559,2025-01-11,887173
6973,824,2025-06-17,500645
6974,15,2025-05-31,343221
6975,148,2025-03-18,303717
6976,205,2025-03-24,1023542
6977,617,2025-06-08,338893
6978,470,2025-07-08,792097
6979,471,2025-11-08,303556
6980,262,2025-01-15,483377
6981,455,2025-07-17,899346
6982,371,2025-12-04,318486
6983,216,2025-12-16,533131
6984,925,2025-03-05,627112
6985,877,2025-04-10,993312
6986,702,2025-04-24,671178
6987,66,2025-01-24,756498
6988,136,2025-08-25,474224
6989,921,2025-09-06,196734
6990,582,2025-09-23,495066
6991,106,2025-08-26,542567
6992,88,2025-07-09,458669
6993,442,2025-03-13,706829
6994,299,2025-06-11,473478
6995,348,2025-06-18,758962
6996,800,2025-06-07,161915
6997,69,2025-08-18,327131
6998,867,2025-05-21,232754
6999,462,2025-12-22,769286
7000,874,2025-10-01,1159404
7001,122,2025-04-04,815815
7002,288,2025-09-25,352511
7003,496,2025-01-16,475713
7004,241,2025-08-23,284952
7005,449,2025-12-07,173009
7006,36,2025-09-02,793267
7007,245,2025-02-18,1082100
7008,834,2025-03-21,632216
7009,857,2025-10-10,115036
7010,346,2025-02-18,284016
7011,592,2025-11-17,505407
7012,53,2025-10-25,865741
7013,562,2025-09-04,917713
7014,684,2025-12-23,605654
7015,875,2025-04-22,439934
7016,433,2025-08-24,1001112
7017,489,2025-07-10,214088
7018,694,2025-09-08,966630
7019,520,2025-01-26,961689
7020,935,2025-11-13,860461
7021,105,2025-06-04,356251
7022,826,2025-10-19,769570
7023,202,2025-12-17,658856
7024,437,2025-09-21,491995
7025,181,2025-10-23,607068
7026,146,2025-06-16,252430
7027,291,2025-12-10,287066
7028,983,2025-12-14,861581
7029,271,2025-04-08,522467
7030,444,2025-03-15,606469
7031,597,2025-09-04,760696
7032,176,2025-12-17,533693
7033,928,2025-04-24,682329
7034,369,2025-10-01,684020
7035,399,2025-04-19,479822
7036,278,2025-06-17,1001424
7037,996,2025-10-01,682683
7038,604,2025-11-03,939677
7039,135,2025-09-28,522730
7040,391,2025-11-06,536723
7041,655,2025-08-14,431618
7042,445,2025-05-02,551484
7043,532,2025-12-21,389648
7044,502,2025-12-08,1180501
7045,509,2025-01-01,399859
7046,453,2025-01-15,719848
7047,489,2025-07-02,614815
7048,145,2025-09-11,511469
7049,753,2025-03-10,561055
7050,720,2025-06-14,904597
7051,483,2025-09-23,369234
7052,383,2025-07-25,850262
7053,954,2025-12-09,689350
7054,963,2025-02-21,594491
7055,321,2025-01-24,768999
7056,140,2025-08-03,1129431
7057,977,2025-07-10,668044
7058,370,2025-03-03,672224
7059,691,2025-05-17,566466
7060,799,2025-06-02,1360361
7061,240,2025-07-30,711156
7062,5,2025-07-06,465718
7063,13,2025-12-15,975697
7064,913,2025-08-13,559741
7065,235,2025-09-15,561346
7066,90,2025-07-21,673838
7067,112,2025-08-26,664446
7068,473,2025-03-04,605122
7069,358,2025-01-31,1109886
7070,314,2025-04-23,813112
7071,220,2025-05-29,555237
7072,704,2025-05-23,218299
7073,372,2025-12-02,479812
7074,140,2025-04-19,529787
7075,61,2025-12-17,832056
7076,658,2025-03-20,460693
7077,967,2025-12-03,309038
7078,618,2025-10-24,451690
7079,707,2025-10-31,670785
7080,556,2025-12-21,526696
7081,467,2025-05-28,606226
7082,659,2025-02-05,854190
7083,166,2025-12-15,470680
7084,14,2025-05-27,824092
7085,93,2025-10-17,651619
7086,998,2025-08-02,547331
7087,450,2025-12-02,325044
7088,486,2025-10-31,726836
7089,580,2025-10-24,271118
7090,688,2025-10-23,712532
7091,126,2025-11-12,1015269
7092,671,2025-01-06,594447
7093,738,2025-08-09,425760
7094,533,2025-03-28,502807
7095,655,2025-05-16,786390
7096,829,2025-02-16,507722
7097,610,2025-09-03,316016
7098,842,2025-10-22,711403
7099,198,2025-09-01,964848
7100,394,2025-12-21,780213
7101,730,2025-09-30,682888
7102,110,2025-04-25,731957
7103,900,2025-04-22,957954
7104,902,2025-04-26,814549
7105,50,2025-07-12,387647
7106,77,2025-11-17,770821
7107,888,2025-07-04,1071664
7108,611,2025-02-09,762229
7109,874,2025-05-04,1019437
7110,585,2025-04-14,176309
7111,303,2025-09-29,435632
7112,530,2025-05-25,702361
7113,681,2025-02-08,775581
7114,737,2025-03-20,860011
7115,744,2025-03-25,1049220
7116,670,2025-09-12,675823
7117,821,2025-05-15,941047
7118,183,2025-12-06,350627
7119,707,2025-12-20,354627
7120,960,2025-06-19,615938
7121,930,2025-04-22,931917
7122,224,2025-06-20,430783
7123,721,2025-09-26,314517
7124,644,2025-12-03,598739
7125,334,2025-11-05,406203
7126,309,2025-09-02,245931
7127,980,2025-12-13,572661
7128,687,2025-02-18,861024
7129,894,2025-02-01,593994
7130,192,2025-09-18,439425
7131,308,2025-12-03,285364
7132,832,2025-10-21,657336
7133,322,2025-05-05,458549
7134,374,2025-09-25,502943
7135,803,2025-11-06,599444
7136,350,2025-09-01,621009
7137,716,2025-06-25,669414
7138,296,2025-08-17,860998
7139,650,2025-01-15,461724
7140,404,2025-11-02,740207
7141,924,2025-12-02,1220549
7142,706,2025-09-28,1043290
7143,677,2025-08-22,497051
7144,471,2025-01-20,981651
7145,774,2025-11-19,933932
7146,827,2025-05-19,393172
7147,1,2025-04-30,771323
7148,375,2025-01-15,913883
7149,580,2025-03-12,567707
7150,754,2025-01-19,984253
7151,41,2025-08-26,759291
7152,790,2025-04-17,476573
7153,249,2025-04-08,786527
7154,900,2025-05-28,311545
7155,859,2025-05-17,892478
7156,989,2025-06-07,680583
7157,763,2025-12-23,554109
7158,29,2025-03-12,828042
7159,39,2025-11-25,391217
7160,566,2025-10-02,181240
7161,801,2025-04-29,338583
7162,999,2025-09-22,260390
7163,985,2025-04-21,934863
7164,583,2025-05-19,475818
7165,260,2025-09-15,696634
7166,507,2025-10-31,529688
7167,941,2025-04-14,1030419
7168,707,2025-01-18,618189
7169,588,2025-12-22,563840
7170,732,2025-04-28,838620
7171,246,2025-07-21,790647
7172,287,2025-03-22,173258
7173,187,2025-02-23,469581
7174,159,2025-12-21,808878
7175,389,2025-09-17,616203
7176,387,2025-03-16,541826
7177,973,2025-11-23,563487
7178,498,2025-02-17,469735
7179,131,2025-05-08,364494
7180,535,2025-05-03,433042
7181,10,2025-12-11,579808
7182,116,2025-10-28,598560
7183,540,2025-10-25,529786
7184,486,2025-03-10,486959
7185,196,2025-10-03,458607
7186,699,2025-11-11,934329
7187,336,2025-03-01,1111062
7188,882,2025-11-11,922890
7189,691,2025-09-11,654066
7190,3,2025-06-21,411107
7191,863,2025-07-23,350866
7192,691,2025-11-14,823624
7193,57,2025-11-18,403963
7194,628,2025-10-15,683036
7195,789,2025-12-29,1017057
7196,741,2025-02-15,540500
7197,788,2025-11-02,1079100
7198,833,2025-07-12,646203
7199,833,2025-07-25,190016
7200,76,2025-10-12,1287810
7201,230,2025-05-19,793311
7202,413,2025-11-01,1012856
7203,863,2025-05-13,610520
7204,243,2025-08-29,858048
7205,714,2025-04-02,836487
7206,594,2025-04-10,541586
7207,693,2025-03-04,964876
7208,654,2025-06-14,563078
7209,351,2025-11-24,495234
7210,526,2025-01-29,822152
7211,700,2025-08-10,294186
7212,744,2025-11-19,688639
7213,264,2025-11-14,718556
7214,20,2025-09-21,379195
7215,507,2025-07-04,527649
7216,933,2025-06-07,548299
7217,643,2025-08-11,486403
7218,890,2025-09-15,708337
7219,755,2025-12-21,587118
7220,426,2025-05-03,837555
7221,67,2025-11-25,273814
7222,69,2025-07-30,849657
7223,239,2025-01-18,733463
7224,358,2025-02-14,150890
7225,168,2025-03-31,669565
7226,937,2025-07-07,623479
7227,575,2025-07-19,303146
7228,963,2025-11-10,756844
7229,786,2025-11-21,380823
7230,942,2025-09-04,302639
7231,660,2025-10-19,501081
7232,473,2025-12-07,806857
7233,129,2025-11-08,529029
7234,944,2025-06-18,187838
7235,679,2025-09-27,552700
7236,536,2025-03-05,491597
7237,177,2025-08-09,862578
7238,381,2025-01-14,905289
7239,564,2025-04-12,722508
7240,600,2025-04-28,557411
7241,898,2025-01-15,848222
7242,246,2025-03-31,1121686
7243,104,2025-10-10,916264
7244,340,2025-12-17,77558
7245,148,2025-01-20,397960
7246,863,2025-01-25,217489
7247,677,2025-12-14,672997
7248,615,2025-03-03,314860
7249,768,2025-08-04,347553
7250,814,2025-07-24,1184627
7251,851,2025-09-29,290899
7252,835,2025-01-08,525455
7253,801,2025-12-29,1227463
7254,883,2025-06-18,474823
7255,595,2025-07-24,778150
7256,880,2025-10-22,289038
7257,725,2025-11-03,700707
7258,859,2025-06-18,364175
7259,792,2025-10-26,312897
7260,937,2025-10-10,998405
7261,251,2025-08-06,928012
7262,280,2025-08-05,724995
7263,403,2025-11-21,703616
7264,122,2025-01-28,738183
7265,637,2025-09-30,614095
7266,313,2025-01-01,533148
7267,850,2025-02-19,303354
7268,942,2025-10-22,696353
7269,624,2025-09-18,342195
7270,966,2025-11-08,177429
7271,545,2025-10-18,882184
7272,467,2025-07-09,702597
7273,359,2025-06-01,557615
7274,307,2025-06-09,289640
7275,525,2025-08-26,469942
7276,337,2025-05-22,849212
7277,374,2025-09-08,474383
7278,338,2025-09-13,515127
7279,342,2025-07-24,1020636
7280,771,2025-06-27,773726
7281,323,2025-03-09,664294
7282,341,2025-08-31,995229
7283,308,2025-11-06,846182
7284,690,2025-12-03,565270
7285,281,2025-10-30,617067
7286,424,2025-03-12,824699
7287,276,2025-05-20,895333
7288,109,2025-05-07,560684
7289,450,2025-02-26,342075
7290,121,2025-04-21,313588
7291,725,2025-06-23,616562
7292,970,2025-02-12,757274
7293,488,2025-08-20,1077372
7294,934,2025-09-10,298703
7295,646,2025-11-08,473134
7296,830,2025-10-07,381073
7297,78,2025-04-08,403873
7298,579,2025-05-23,347450
7299,893,2025-11-24,557871
7300,53,2025-03-29,477684
7301,396,2025-05-15,439610
7302,384,2025-04-02,643696
7303,706,2025-05-30,686953
7304,897,2025-04-25,616542
7305,583,2025-03-03,335049
7306,340,2025-05-07,630336
7307,146,2025-06-12,671130
7308,658,2025-12-06,743764
7309,398,2025-08-29,869195
7310,230,2025-09-25,916746
7311,83,2025-11-12,541820
7312,627,2025-11-20,529737
7313,622,2025-02-06,496633
7314,887,2025-05-28,543216
7315,38,2025-03-18,447246
7316,217,2025-06-14,592633
7317,144,2025-11-01,599592
7318,521,2025-05-11,730075
7319,55,2025-09-14,900324
7320,389,2025-02-17,399031
7321,236,2025-12-30,819275
7322,121,2025-03-27,577032
7323,399,2025-05-05,747650
7324,965,2025-12-22,481260
7325,70,2025-08-16,426061
7326,792,2025-04-05,608861
7327,969,2025-11-04,498296
7328,912,2025-10-30,1128397
7329,967,2025-06-30,500673
7330,1000,2025-03-01,221148
7331,653,2025-08-13,602037
7332,769,2025-02-09,388001
7333,705,2025-12-01,729282
7334,861,2025-11-24,704619
7335,346,2025-04-05,210357
7336,366,2025-06-05,246688
7337,303,2025-12-17,806034
7338,983,2025-05-08,600534
7339,120,2025-10-12,281268
7340,541,2025-08-14,1219265
7341,231,2025-07-12,826989
7342,963,2025-06-23,617260
7343,627,2025-01-24,606884
7344,869,2025-03-02,786204
7345,893,2025-09-21,974158
7346,23,2025-11-07,385351
7347,684,2025-02-27,461613
7348,615,2025-07-28,398356
7349,499,2025-07-13,255367
7350,557,2025-11-05,683557
7351,333,2025-03-08,321902
7352,813,2025-12-01,191874
7353,240,2025-11-10,227634
7354,352,2025-07-25,484892
7355,242,2025-01-10,341144
7356,909,2025-08-04,265070
7357,508,2025-11-30,263730
7358,25,2025-02-15,902356
7359,863,2025-05-26,512336
7360,616,2025-11-30,309213
7361,280,2025-04-20,929469
7362,612,2025-03-05,480929
7363,2,2025-12-15,946973
7364,96,2025-02-24,659079
7365,839,2025-07-26,1455926
7366,612,2025-09-28,339681
7367,670,2025-12-18,503719
7368,747,2025-08-17,775667
7369,946,2025-03-12,893533
7370,324,2025-04-08,1181692
7371,154,2025-11-19,493511
7372,586,2025-12-02,615892
7373,519,2025-08-17,554756
7374,378,2025-08-25,691008
7375,149,2025-12-29,610384
7376,181,2025-12-20,445609
7377,514,2025-01-16,1286209
7378,541,2025-03-17,648635
7379,495,2025-05-23,756351
7380,231,2025-09-22,563382
7381,924,2025-09-27,774543
7382,182,2025-01-26,1192859
7383,367,2025-11-10,495605
7384,496,2025-10-03,429125
7385,715,2025-07-26,457500
7386,767,2025-01-10,375078
7387,814,2025-02-08,485849
7388,278,2025-08-01,445062
7389,366,2025-02-10,251420
7390,929,2025-04-21,347631
7391,324,2025-10-11,548285
7392,878,2025-06-05,822922
7393,370,2025-10-31,781528
7394,252,2025-05-15,774508
7395,395,2025-06-19,717131
7396,680,2025-05-05,598539
7397,697,2025-02-11,720001
7398,829,2025-07-10,932147
7399,663,2025-12-01,995709
7400,344,2025-03-29,940019
7401,508,2025-12-01,770569
7402,360,2025-03-17,522402
7403,396,2025-11-30,953400
7404,911,2025-11-09,637096
7405,304,2025-09-01,362492
7406,906,2025-02-25,876044
7407,269,2025-11-17,433503
7408,37,2025-10-31,521553
7409,105,2025-06-04,549600
7410,358,2025-10-03,750170
7411,785,2025-02-05,550039
7412,248,2025-10-30,292437
7413,927,2025-03-16,456854
7414,700,2025-01-26,317728
7415,599,2025-08-28,797600
7416,746,2025-08-28,271292
7417,937,2025-12-06,493281
7418,41,2025-07-04,234272
7419,462,2025-06-30,429065
7420,564,2025-01-30,196352
7421,590,2025-03-27,461676
7422,101,2025-01-20,745548
7423,757,2025-01-02,893807
7424,845,2025-12-04,289549
7425,209,2025-05-25,524778
7426,68,2025-07-05,210606
7427,256,2025-11-11,328868
7428,707,2025-01-25,972784
7429,651,2025-02-18,584406
7430,573,2025-04-05,325306
7431,847,2025-06-14,642740
7432,711,2025-10-23,793906
7433,553,2025-12-08,589664
7434,72,2025-10-18,586665
7435,810,2025-10-09,1212022
7436,565,2025-09-06,1035096
7437,336,2025-03-02,980643
7438,367,2025-08-07,672716
7439,582,2025-06-25,838061
7440,710,2025-03-24,817624
7441,38,2025-02-08,846042
7442,305,2025-03-15,889282
7443,670,2025-03-24,340279
7444,402,2025-09-27,1099457
7445,512,2025-04-03,676879
7446,691,2025-07-07,839860
7447,796,2025-09-29,287086
7448,533,2025-03-25,589534
7449,462,2025-06-10,567144
7450,430,2025-11-03,452275
7451,900,2025-10-06,143459
7452,238,2025-09-21,494447
7453,228,2025-07-06,712777
7454,906,2025-11-21,386880
7455,794,2025-01-17,528213
7456,144,2025-10-12,277202
7457,644,2025-02-15,526780
7458,131,2025-08-27,525604
7459,544,2025-01-03,787099
7460,203,2025-02-12,266499
7461,197,2025-10-04,703706
7462,305,2025-04-13,606862
7463,237,2025-07-18,879548
7464,198,2025-04-03,1160222
7465,625,2025-12-04,377728
7466,323,2025-12-10,1051319
7467,909,2025-06-01,485078
7468,871,2025-05-08,715130
7469,700,2025-08-17,346151
7470,714,2025-01-07,493137
7471,493,2025-05-30,864497
7472,314,2025-02-19,723399
7473,521,2025-07-31,396813
7474,90,2025-04-11,587439
7475,434,2025-02-13,710588
7476,961,2025-03-19,349343
7477,772,2025-05-26,807476
7478,82,2025-04-07,1129430
7479,149,2025-04-30,1097851
7480,800,2025-05-22,545126
7481,693,2025-03-15,957845
7482,431,2025-12-07,537721
7483,289,2025-12-27,536852
7484,870,2025-10-15,686794
7485,940,2025-10-27,518542
7486,330,2025-06-29,867908
7487,315,2025-02-07,510328
7488,818,2025-07-16,535657
7489,702,2025-04-17,977287
7490,891,2025-06-09,455011
7491,890,2025-05-26,504931
7492,91,2025-02-14,826945
7493,180,2025-10-22,236336
7494,266,2025-10-11,778594
7495,246,2025-02-25,524807
7496,6,2025-05-14,643157
7497,975,2025-03-04,627580
7498,323,2025-09-27,437476
7499,377,2025-01-10,1414619
7500,596,2025-02-16,1078795
7501,613,2025-11-12,697819
7502,87,2025-09-03,429444
7503,787,2025-09-13,365689
7504,875,2025-01-15,529344
7505,428,2025-05-10,696757
7506,639,2025-07-26,668075
7507,316,2025-09-22,473018
7508,589,2025-10-18,137491
7509,654,2025-04-03,247677
7510,495,2025-08-16,910960
7511,54,2025-08-16,394603
7512,437,2025-02-07,982316
7513,18,2025-12-31,732740
7514,641,2025-02-27,945924
7515,284,2025-01-07,847117
7516,574,2025-10-19,396780
7517,315,2025-07-30,630295
7518,473,2025-04-21,170806
7519,312,2025-02-16,613009
7520,134,2025-10-05,388279
7521,197,2025-09-17,746622
7522,770,2025-09-01,721540
7523,520,2025-10-19,943270
7524,891,2025-08-07,381975
7525,219,2025-10-20,200214
7526,884,2025-01-14,413578
7527,624,2025-05-18,434471
7528,983,2025-04-04,567515
7529,498,2025-04-30,377913
7530,864,2025-08-23,525874
7531,915,2025-10-09,673359
7532,127,2025-10-03,293179
7533,412,2025-01-23,860271
7534,236,2025-05-03,887655
7535,47,2025-02-20,754250
7536,737,2025-04-24,595638
7537,643,2025-03-21,785950
7538,574,2025-12-07,637104
7539,323,2025-10-20,1078448
7540,230,2025-03-12,660069
7541,150,2025-08-28,1135463
7542,62,2025-08-14,459818
7543,436,2025-03-15,618614
7544,311,2025-05-22,979558
7545,757,2025-01-15,390382
7546,500,2025-06-24,208406
7547,212,2025-05-22,414732
7548,57,2025-02-01,628347
7549,607,2025-03-24,565335
7550,708,2025-04-26,1119990
7551,283,2025-02-17,448755
7552,255,2025-02-25,682156
7553,303,2025-09-22,365638
7554,169,2025-12-14,821054
7555,34,2025-04-28,157212
7556,714,2025-09-04,1187433
7557,716,2025-10-06,940348
7558,194,2025-05-22,640378
7559,694,2025-05-26,724620
7560,368,2025-12-07,728838
7561,471,2025-10-13,398818
7562,130,2025-12-01,285677
7563,308,2025-04-18,239692
7564,74,2025-09-11,566507
7565,218,2025-03-09,1066275
7566,818,2025-07-12,639518
7567,789,2025-01-18,898677
7568,55,2025-11-26,908158
7569,923,2025-12-17,848766
7570,915,2025-01-25,328387
7571,354,2025-01-07,554890
7572,353,2025-12-15,763059
7573,358,2025-09-23,347968
7574,518,2025-12-25,1061583
7575,236,2025-02-24,372405
7576,874,2025-02-25,724180
7577,882,2025-01-17,740112
7578,14,2025-11-28,452271
7579,208,2025-06-02,370549
7580,896,2025-04-30,465669
7581,797,2025-09-21,889003
7582,93,2025-09-30,732274
7583,868,2025-08-17,530547
7584,444,2025-11-05,524165
7585,89,2025-03-08,492208
7586,442,2025-07-17,651825
7587,116,2025-07-28,313948
7588,640,2025-09-29,785490
7589,652,2025-07-25,536864
7590,908,2025-11-15,927123
7591,862,2025-04-07,468486
7592,844,2025-11-28,704108
7593,638,2025-03-28,383497
7594,139,2025-03-24,435679
7595,203,2025-08-11,476433
7596,97,2025-04-06,473767
7597,386,2025-05-12,817011
7598,413,2025-03-10,801020
7599,535,2025-06-10,751310
7600,841,2025-05-05,804127
7601,672,2025-02-24,614653
7602,428,2025-11-22,587602
7603,934,2025-08-12,834268
7604,832,2025-08-08,411049
7605,796,2025-03-02,665340
7606,505,2025-12-27,698189
7607,146,2025-09-02,1063057
7608,599,2025-09-22,513371
7609,643,2025-06-23,1255559
7610,338,2025-03-17,606091
7611,841,2025-03-17,782622
7612,256,2025-09-27,176555
7613,747,2025-02-06,225656
7614,449,2025-01-18,578698
7615,550,2025-06-23,761709
7616,371,2025-12-08,553793
7617,890,2025-11-07,1495375
7618,113,2025-08-17,983390
7619,584,2025-01-22,946263
7620,340,2025-12-06,413082
7621,708,2025-11-25,378223
7622,414,2025-08-19,503465
7623,408,2025-09-05,803616
7624,7,2025-04-05,256488
7625,773,2025-11-26,817316
7626,355,2025-05-03,325503
7627,589,2025-05-15,323399
7628,69,2025-12-16,732664
7629,991,2025-05-25,511309
7630,850,2025-12-15,1000728
7631,300,2025-01-04,997333
7632,983,2025-09-15,591216
7633,718,2025-04-11,864915
7634,690,2025-10-10,871203
7635,182,2025-02-08,646816
7636,581,2025-08-15,502215
7637,948,2025-12-22,575145
7638,569,2025-01-13,544567
7639,886,2025-01-21,397429
7640,376,2025-01-02,762094
7641,964,2025-06-04,570702
7642,221,2025-12-27,924594
7643,31,2025-05-07,498833
7644,849,2025-04-23,542699
7645,712,2025-06-10,790428
7646,411,2025-10-27,413481
7647,32,2025-06-06,710735
7648,315,2025-08-22,618498
7649,133,2025-07-29,296108
7650,436,2025-12-27,493542
7651,641,2025-07-13,241288
7652,57,2025-11-22,815555
7653,595,2025-02-08,513252
7654,981,2025-11-21,575410
7655,168,2025-08-27,142434
7656,999,2025-06-26,1146041
7657,710,2025-01-02,342447
7658,895,2025-07-25,644060
7659,758,2025-12-21,420872
7660,873,2025-07-29,699732
7661,988,2025-11-07,308437
7662,825,2025-10-21,840370
7663,677,2025-11-15,291812
7664,786,2025-11-23,600095
7665,1000,2025-08-31,690346
7666,306,2025-05-15,599367
7667,685,2025-12-10,1203041
7668,594,2025-01-04,253984
7669,726,2025-09-29,1132770
7670,568,2025-06-09,410866
7671,742,2025-10-29,759544
7672,734,2025-07-26,426637
7673,870,2025-02-05,806879
7674,508,2025-04-12,649096
7675,352,2025-10-29,662218
7676,374,2025-05-20,537926
7677,938,2025-07-24,269158
7678,324,2025-05-26,309442
7679,818,2025-10-18,271907
7680,651,2025-07-30,650328
7681,619,2025-05-08,551900
7682,95,2025-01-25,242062
7683,429,2025-12-01,745307
7684,448,2025-08-18,919349
7685,864,2025-02-02,823813
7686,847,2025-11-02,588328
7687,823,2025-03-16,405693
7688,11,2025-12-18,712100
7689,672,2025-10-07,541852
7690,466,2025-04-02,681106
7691,661,2025-05-24,348291
7692,309,2025-05-25,470829
7693,841,2025-03-22,775631
7694,588,2025-06-29,1140395
7695,509,2025-05-06,834385
7696,805,2025-06-05,726053
7697,51,2025-10-29,395863
7698,725,2025-08-07,1021158
7699,185,2025-03-22,418740
7700,309,2025-11-24,826795
7701,766,2025-04-19,292688
7702,242,2025-05-26,483242
7703,507,2025-05-19,894782
7704,530,2025-08-10,465032
7705,741,2025-09-19,605053
7706,504,2025-04-24,919009
7707,497,2025-01-28,668486
7708,61,2025-04-23,357706
7709,849,2025-12-28,726778
7710,452,2025-12-09,550037
7711,932,2025-02-22,126641
7712,613,2025-08-13,1114232
7713,822,2025-01-15,727269
7714,419,2025-09-14,591162
7715,20,2025-05-25,947607
7716,745,2025-09-09,394425
7717,141,2025-04-24,786344
7718,163,2025-09-09,613175
7719,726,2025-10-11,755971
7720,150,2025-03-26,578272
7721,172,2025-07-11,1076653
7722,189,2025-12-15,330455
7723,432,2025-01-26,625335
7724,599,2025-05-13,729234
7725,293,2025-06-18,856260
7726,875,2025-05-16,797533
7727,606,2025-12-01,840864
7728,606,2025-12-09,539738
7729,257,2025-12-13,1175873
7730,237,2025-06-15,228334
7731,791,2025-01-05,292847
7732,579,2025-08-31,918975
7733,895,2025-04-10,312161
7734,474,2025-08-21,514145
7735,397,2025-03-21,484784
7736,490,2025-07-01,418322
7737,411,2025-12-05,614869
7738,256,2025-06-16,129866
7739,49,2025-09-17,849773
7740,406,2025-05-02,408312
7741,563,2025-08-21,295781
7742,572,2025-12-18,302770
7743,16,2025-03-05,351046
7744,854,2025-08-11,410207
7745,295,2025-07-24,871009
7746,652,2025-07-15,708995
7747,923,2025-02-16,716867
7748,353,2025-09-27,407944
7749,288,2025-04-26,892511
7750,241,2025-11-14,488549
7751,734,2025-04-17,500250
7752,174,2025-04-03,1217618
7753,675,2025-09-20,986388
7754,636,2025-10-18,930028
7755,277,2025-11-11,539320
7756,507,2025-09-27,342435
7757,910,2025-01-29,570680
7758,3,2025-06-11,858293
7759,806,2025-09-16,800376
7760,368,2025-10-05,383110
7761,178,2025-10-31,1218429
7762,599,2025-07-16,555652
7763,349,2025-02-11,849687
7764,883,2025-09-08,1061899
7765,440,2025-11-21,435917
7766,852,2025-03-11,210548
7767,572,2025-03-23,1313943
7768,443,2025-09-11,409654
7769,425,2025-02-27,529371
7770,477,2025-08-30,1050424
7771,156,2025-10-26,691358
7772,993,2025-05-29,1126106
7773,935,2025-08-14,649611
7774,1,2025-02-22,677715
7775,393,2025-07-01,400326
7776,688,2025-02-27,637996
7777,603,2025-05-13,505543
7778,123,2025-10-22,730878
7779,280,2025-04-14,1535663
7780,975,2025-06-06,712220
7781,159,2025-10-05,775544
7782,31,2025-12-26,461075
7783,355,2025-06-02,889075
7784,394,2025-04-04,962286
7785,322,2025-11-06,1090696
7786,688,2025-04-06,676751
7787,675,2025-10-22,538185
7788,654,2025-12-24,1082519
7789,841,2025-06-22,417075
7790,189,2025-06-17,569969
7791,187,2025-11-03,551678
7792,395,2025-08-29,523334
7793,410,2025-04-03,686096
7794,801,2025-12-10,902842
7795,957,2025-11-14,502460
7796,246,2025-01-29,978512
7797,575,2025-08-29,201910
7798,942,2025-07-17,362362
7799,40,2025-08-27,569545
7800,796,2025-07-26,954322
7801,847,2025-06-24,422675
7802,530,2025-02-02,292256
7803,74,2025-12-30,925703
7804,179,2025-12-22,481637
7805,99,2025-09-10,791007
7806,80,2025-01-14,1149848
7807,176,2025-06-27,507609
7808,383,2025-04-27,754713
7809,150,2025-01-05,868306
7810,856,2025-01-20,355292
7811,969,2025-12-04,689332
7812,409,2025-05-03,700533
7813,315,2025-03-30,586400
7814,68,2025-11-29,585631
7815,479,2025-09-17,714286
7816,742,2025-12-16,392903
7817,362,2025-03-11,903205
7818,5,2025-01-19,372507
7819,337,2025-12-25,972965
7820,236,2025-11-20,899112
7821,748,2025-11-19,320685
7822,1000,2025-10-25,397113
7823,145,2025-09-30,600412
7824,946,2025-11-04,246607
7825,15,2025-01-16,1203245
7826,526,2025-07-11,794197
7827,187,2025-06-26,455768
7828,352,2025-11-22,367413
7829,56,2025-06-21,601384
7830,261,2025-03-10,529655
7831,961,2025-10-16,173130
7832,701,2025-04-17,1075325
7833,630,2025-03-17,1060043
7834,379,2025-11-21,640875
7835,207,2025-03-24,1556760
7836,930,2025-05-14,827393
7837,365,2025-03-26,462689
7838,112,2025-05-26,534562
7839,71,2025-07-21,589260
7840,968,2025-05-03,908125
7841,7,2025-01-13,705875
7842,389,2025-06-19,683874
7843,222,2025-04-20,617996
7844,73,2025-05-17,1133370
7845,651,2025-07-12,899434
7846,805,2025-12-07,1050203
7847,664,2025-07-18,579123
7848,746,2025-11-23,563624
7849,219,2025-10-27,519405
7850,378,2025-11-28,428067
7851,776,2025-09-27,599621
7852,157,2025-03-12,593258
7853,30,2025-04-27,299952
7854,481,2025-10-24,595409
7855,787,2025-09-26,747769
7856,559,2025-01-21,485700
7857,341,2025-11-28,582643
7858,588,2025-07-07,420707
7859,786,2025-04-21,801555
7860,170,2025-05-22,512278
7861,634,2025-02-21,903009
7862,240,2025-08-27,272017
7863,608,2025-05-18,544818
7864,40,2025-10-14,937597
7865,2,2025-03-04,807060
7866,278,2025-10-04,172213
7867,319,2025-07-18,475248
7868,242,2025-12-30,1115157
7869,656,2025-06-04,492055
7870,630,2025-12-23,663163
7871,81,2025-03-27,829087
7872,443,2025-11-04,212461
7873,328,2025-09-02,521304
7874,230,2025-02-25,923363
7875,251,2025-11-26,561037
7876,49,2025-01-14,474761
7877,569,2025-04-24,1008267
7878,896,2025-04-18,708903
7879,643,2025-12-10,668272
7880,418,2025-02-20,382235
7881,481,2025-03-27,1246526
7882,322,2025-01-13,631032
7883,280,2025-09-12,1019658
7884,528,2025-09-03,412855
7885,294,2025-01-18,475509
7886,539,2025-02-25,499275
7887,220,2025-10-24,429988
7888,688,2025-09-25,417226
7889,710,2025-04-18,357887
7890,305,2025-09-12,802703
7891,38,2025-01-03,773230
7892,683,2025-02-15,1067530
7893,549,2025-01-30,690953
7894,196,2025-05-19,523314
7895,306,2025-04-08,567431
7896,19,2025-07-26,1107249
7897,664,2025-10-01,428320
7898,432,2025-05-08,622232
7899,683,2025-04-02,572573
7900,268,2025-04-07,548040
7901,943,2025-09-11,1060400
7902,66,2025-09-08,503418
7903,401,2025-12-25,1030762
7904,151,2025-05-08,791186
7905,682,2025-08-04,660547
7906,295,2025-10-13,613575
7907,719,2025-02-28,302823
7908,714,2025-03-05,577278
7909,237,2025-01-31,453859
7910,630,2025-03-25,889236
7911,858,2025-05-18,1016741
7912,379,2025-06-19,311070
7913,666,2025-08-25,486669
7914,166,2025-06-28,589626
7915,825,2025-11-07,768068
7916,368,2025-04-09,408164
7917,525,2025-03-02,721746
7918,631,2025-05-20,443175
7919,510,2025-03-30,759892
7920,753,2025-05-04,1113391
7921,714,2025-07-22,864806
7922,700,2025-03-13,589722
7923,489,2025-12-02,401371
7924,467,2025-01-05,604548
7925,390,2025-01-16,516190
7926,974,2025-11-23,776821
7927,190,2025-02-23,578992
7928,868,2025-03-11,643891
7929,806,2025-05-01,745032
7930,493,2025-02-05,647990
7931,563,2025-03-29,474610
7932,356,2025-09-10,571339
7933,801,2025-01-18,556856
7934,158,2025-09-10,1018728
7935,546,2025-09-15,246930
7936,326,2025-07-22,542453
7937,369,2025-05-10,384229
7938,789,2025-03-25,477355
7939,630,2025-03-03,184177
7940,213,2025-12-01,769385
7941,223,2025-12-17,412788
7942,707,2025-03-16,423802
7943,861,2025-06-14,614621
7944,733,2025-10-11,397737
7945,595,2025-03-29,485141
7946,106,2025-08-25,506535
7947,868,2025-09-04,187430
7948,831,2025-06-06,633132
7949,33,2025-05-03,713960
7950,688,2025-10-26,762288
7951,134,2025-03-09,893655
7952,236,2025-05-18,696790
7953,43,2025-01-20,777050
7954,769,2025-12-19,451146
7955,550,2025-10-13,535756
7956,675,2025-10-04,976996
7957,180,2025-06-22,795593
7958,81,2025-05-06,1348772
7959,416,2025-08-16,441866
7960,842,2025-11-17,561042
7961,149,2025-01-22,703066
7962,700,2025-12-14,255804
7963,554,2025-03-22,342935
7964,159,2025-12-24,630686
7965,719,2025-08-28,542951
7966,239,2025-11-25,248764
7967,460,2025-04-27,746441
7968,865,2025-12-31,819634
7969,242,2025-09-01,1075803
7970,385,2025-03-14,659979
7971,350,2025-06-26,616328
7972,785,2025-05-10,966602
7973,982,2025-04-14,724128
7974,293,2025-07-23,390484
7975,859,2025-03-05,441462
7976,406,2025-11-07,414033
7977,535,2025-06-06,405168
7978,526,2025-06-25,460656
7979,113,2025-05-13,461071
7980,216,2025-08-02,602832
7981,394,2025-09-12,511731
7982,967,2025-05-20,285240
7983,190,2025-02-17,740268
7984,295,2025-08-15,1334040
7985,960,2025-12-06,817845
7986,984,2025-09-16,453030
7987,886,2025-09-03,428747
7988,894,2025-10-03,559067
7989,174,2025-06-22,354829
7990,865,2025-05-18,551408
7991,284,2025-11-30,757333
7992,276,2025-01-03,535366
7993,522,2025-08-26,561567
7994,504,2025-01-29,381119
7995,243,2025-02-15,852584
7996,654,2025-02-13,388553
7997,60,2025-05-14,681156
7998,633,2025-02-10,594106
7999,133,2025-06-14,516996
8000,399,2025-05-28,811082
8001,464,2025-04-08,401867
8002,270,2025-11-26,723373
8003,728,2025-09-27,470710
8004,554,2025-12-10,651878
8005,156,2025-05-17,586238
8006,89,2025-11-25,1014048
8007,627,2025-02-14,384846
8008,854,2025-03-08,891545
8009,906,2025-08-15,801154
8010,87,2025-10-26,308730
8011,628,2025-10-04,521409
8012,880,2025-04-01,452520
8013,680,2025-09-27,587712
8014,792,2025-02-12,604164
8015,176,2025-11-09,645049
8016,290,2025-02-20,616860
8017,634,2025-10-27,598759
8018,413,2025-06-03,877080
8019,934,2025-12-13,655704
8020,22,2025-03-09,256767
8021,389,2025-01-22,614082
8022,668,2025-10-23,1020774
8023,66,2025-05-20,685409
8024,279,2025-11-04,620222
8025,625,2025-09-29,260549
8026,641,2025-07-10,860110
8027,993,2025-02-17,732806
8028,861,2025-02-22,615926
8029,968,2025-11-27,411595
8030,121,2025-10-01,455862
8031,441,2025-06-12,605007
8032,520,2025-05-05,890247
8033,234,2025-03-26,768616
8034,405,2025-09-22,932407
8035,458,2025-11-20,647076
8036,61,2025-10-21,833029
8037,944,2025-08-05,739639
8038,694,2025-12-11,917669
8039,728,2025-02-22,620283
8040,810,2025-07-19,307941
8041,628,2025-12-14,681473
8042,790,2025-12-10,1141166
8043,862,2025-01-12,859352
8044,974,2025-04-08,989939
8045,602,2025-11-04,321234
8046,827,2025-07-14,1102951
8047,188,2025-03-21,741876
8048,638,2025-06-22,637749
8049,131,2025-05-22,973434
8050,378,2025-08-18,855583
8051,128,2025-07-04,548278
8052,339,2025-08-03,836581
8053,481,2025-10-13,1043310
8054,605,2025-07-20,510940
8055,342,2025-03-10,863459
8056,131,2025-07-04,735490
8057,275,2025-02-02,421644
8058,248,2025-06-15,900420
8059,190,2025-06-26,581176
8060,758,2025-07-25,491714
8061,460,2025-08-30,599202
8062,712,2025-01-18,351833
8063,703,2025-03-17,652488
8064,926,2025-01-30,387899
8065,480,2025-11-06,494106
8066,269,2025-01-09,778923
8067,837,2025-06-03,784847
8068,532,2025-08-08,429456
8069,229,2025-10-02,307265
8070,930,2025-06-22,554072
8071,981,2025-04-28,619595
8072,436,2025-06-26,429200
8073,12,2025-02-09,653811
8074,75,2025-09-10,850226
8075,50,2025-10-14,671786
8076,409,2025-01-12,542988
8077,850,2025-12-30,745323
8078,48,2025-08-08,349477
8079,474,2025-03-19,297686
8080,242,2025-11-23,423179
8081,161,2025-05-30,325059
8082,375,2025-08-24,244734
8083,301,2025-12-13,346690
8084,665,2025-09-22,373170
8085,14,2025-03-04,521768
8086,120,2025-07-18,490722
8087,983,2025-10-14,506595
8088,192,2025-02-16,495908
8089,325,2025-02-19,424161
8090,32,2025-02-25,730930
8091,101,2025-05-01,1121840
8092,835,2025-06-25,974048
8093,88,2025-09-23,272521
8094,587,2025-03-09,441602
8095,931,2025-12-21,633339
8096,103,2025-05-18,305072
8097,636,2025-10-09,281527
8098,820,2025-06-10,583172
8099,845,2025-03-23,864536
8100,535,2025-11-27,623772
8101,317,2025-11-23,906143
8102,229,2025-12-05,781499
8103,658,2025-02-14,702367
8104,95,2025-06-18,395281
8105,953,2025-09-11,700564
8106,794,2025-10-23,1129055
8107,884,2025-06-05,683443
8108,634,2025-12-18,446861
8109,603,2025-02-15,674771
8110,947,2025-11-23,686892
8111,59,2025-05-11,655203
8112,146,2025-06-07,377107
8113,213,2025-12-04,669183
8114,980,2025-02-18,905057
8115,139,2025-01-04,889339
8116,778,2025-12-15,561131
8117,571,2025-09-04,1171201
8118,124,2025-06-23,778120
8119,5,2025-08-22,451583
8120,627,2025-07-12,981041
8121,232,2025-09-14,318056
8122,18,2025-05-13,567144
8123,689,2025-12-27,323809
8124,69,2025-12-31,257384
8125,917,2025-10-22,459003
8126,621,2025-03-12,235405
8127,450,2025-03-31,1114940
8128,791,2025-06-20,438280
8129,70,2025-05-14,385606
8130,619,2025-04-04,563497
8131,389,2025-01-09,731028
8132,190,2025-11-10,239853
8133,453,2025-05-23,1031975
8134,743,2025-11-06,461698
8135,322,2025-09-23,571743
8136,381,2025-01-06,611556
8137,269,2025-10-02,374576
8138,90,2025-12-22,545297
8139,705,2025-10-11,981239
8140,611,2025-10-12,1100810
8141,52,2025-02-15,203584
8142,894,2025-12-27,407601
8143,247,2025-08-11,914854
8144,697,2025-01-05,568220
8145,150,2025-02-12,706945
8146,475,2025-03-24,478032
8147,409,2025-06-11,312948
8148,99,2025-10-03,528491
8149,888,2025-08-09,289186
8150,249,2025-04-22,906458
8151,449,2025-08-03,604523
8152,201,2025-12-07,1141855
8153,569,2025-04-01,1076067
8154,854,2025-02-25,689244
8155,82,2025-03-07,1033519
8156,473,2025-03-11,234277
8157,861,2025-05-16,671811
8158,776,2025-04-21,803810
8159,630,2025-08-18,1156575
8160,688,2025-05-01,716604
8161,794,2025-06-09,332810
8162,857,2025-07-09,681875
8163,736,2025-01-28,419742
8164,643,2025-08-22,566564
8165,613,2025-05-06,240928
8166,917,2025-11-25,429542
8167,619,2025-12-29,358663
8168,209,2025-02-27,497796
8169,521,2025-04-24,424631
8170,637,2025-05-12,454218
8171,400,2025-06-17,585837
8172,178,2025-10-01,1432571
8173,428,2025-05-24,519234
8174,10,2025-11-16,461927
8175,814,2025-03-31,249991
8176,788,2025-02-08,733002
8177,207,2025-10-20,576318
8178,961,2025-10-29,370258
8179,67,2025-08-16,927025
8180,184,2025-12-01,756715
8181,719,2025-07-05,534840
8182,170,2025-11-05,198201
8183,586,2025-03-22,428856
8184,599,2025-03-18,228049
8185,293,2025-08-30,356243
8186,724,2025-04-28,413051
8187,39,2025-02-20,311982
8188,708,2025-01-28,619250
8189,890,2025-06-18,531721
8190,571,2025-10-04,356259
8191,447,2025-12-08,986459
8192,131,2025-03-10,599098
8193,826,2025-09-11,764725
8194,815,2025-04-21,736549
8195,482,2025-06-29,969412
8196,257,2025-01-29,694425
8197,211,2025-12-08,1091216
8198,853,2025-08-16,673958
8199,105,2025-12-17,613553
8200,843,2025-11-05,885909
8201,95,2025-09-19,817963
8202,275,2025-08-16,428082
8203,924,2025-03-06,922181
8204,819,2025-02-06,571215
8205,334,2025-05-01,424628
8206,599,2025-09-21,423280
8207,899,2025-11-24,645141
8208,103,2025-12-09,622804
8209,964,2025-10-18,418922
8210,343,2025-06-20,580816
8211,989,2025-02-12,1329694
8212,11,2025-05-23,295978
8213,31,2025-06-27,547612
8214,487,2025-07-19,422445
8215,747,2025-08-07,548922
8216,496,2025-03-21,696422
8217,171,2025-02-16,490507
8218,657,2025-02-18,351679
8219,931,2025-07-22,1003810
8220,921,2025-12-31,1094687
8221,27,2025-01-31,1011433
8222,878,2025-10-07,474215
8223,355,2025-07-11,488301
8224,651,2025-04-01,343120
8225,480,2025-01-11,812863
8226,624,2025-08-13,636627
8227,378,2025-12-13,798212
8228,803,2025-08-05,743947
8229,645,2025-10-11,605161
8230,500,2025-11-05,500609
8231,187,2025-06-29,240842
8232,768,2025-04-29,401540
8233,42,2025-10-09,547766
8234,108,2025-11-06,256946
8235,263,2025-09-10,658280
8236,228,2025-04-23,907654
8237,307,2025-01-10,250820
8238,493,2025-07-08,547089
8239,549,2025-05-03,1055497
8240,773,2025-02-22,1087896
8241,556,2025-07-20,558267
8242,74,2025-09-07,521867
8243,739,2025-03-09,768407
8244,551,2025-03-01,505420
8245,325,2025-10-12,911166
8246,498,2025-07-09,544943
8247,346,2025-06-27,386607
8248,905,2025-10-03,782916
8249,714,2025-10-02,883591
8250,954,2025-12-24,430226
8251,655,2025-05-16,614295
8252,154,2025-09-17,283764
8253,859,2025-05-31,321276
8254,787,2025-03-19,570417
8255,792,2025-01-22,434022
8256,893,2025-09-18,696524
8257,351,2025-03-06,928252
8258,363,2025-07-10,665828
8259,17,2025-12-28,552822
8260,669,2025-05-17,457883
8261,283,2025-11-12,792519
8262,642,2025-03-03,601179
8263,102,2025-07-03,230220
8264,688,2025-11-14,1089681
8265,11,2025-07-20,401618
8266,471,2025-12-15,562155
8267,908,2025-11-25,839915
8268,305,2025-03-31,314242
8269,853,2025-05-29,424630
8270,751,2025-02-06,1028742
8271,394,2025-10-03,304103
8272,325,2025-11-10,322886
8273,966,2025-07-03,768321
8274,687,2025-03-10,702935
8275,88,2025-03-01,567954
8276,824,2025-05-30,258293
8277,471,2025-01-30,379672
8278,385,2025-06-08,517928
8279,537,2025-01-21,399195
8280,834,2025-06-17,789515
8281,463,2025-11-24,509815
8282,389,2025-05-13,845004
8283,787,2025-12-03,886748
8284,786,2025-08-13,609323
8285,195,2025-03-30,601512
8286,469,2025-06-24,389082
8287,563,2025-11-13,670138
8288,677,2025-12-16,334080
8289,618,2025-04-14,689309
8290,703,2025-11-28,645016
8291,35,2025-12-31,346454
8292,739,2025-02-28,624115
8293,261,2025-07-27,706134
8294,311,2025-09-22,902277
8295,370,2025-04-11,675802
8296,132,2025-12-14,485194
8297,338,2025-08-28,683800
8298,205,2025-09-12,505192
8299,779,2025-07-02,866394
8300,746,2025-05-12,431068
8301,60,2025-09-18,380216
8302,572,2025-08-09,267579
8303,349,2025-01-07,543120
8304,119,2025-01-25,876425
8305,423,2025-01-10,804092
8306,385,2025-06-13,165693
8307,341,2025-09-24,540641
8308,665,2025-10-23,477107
8309,353,2025-03-24,629537
8310,828,2025-03-01,915571
8311,408,2025-10-03,388390
8312,397,2025-08-23,589389
8313,639,2025-03-22,556706
8314,238,2025-04-10,834387
8315,104,2025-06-19,618204
8316,836,2025-04-18,341024
8317,350,2025-12-30,846422
8318,864,2025-08-04,918666
8319,793,2025-09-15,601297
8320,41,2025-08-22,665082
8321,778,2025-07-15,317657
8322,195,2025-07-26,928952
8323,488,2025-11-01,718005
8324,89,2025-03-07,365567
8325,557,2025-01-30,905367
8326,238,2025-12-22,626388
8327,274,2025-05-19,837666
8328,950,2025-03-22,869279
8329,417,2025-05-31,491556
8330,113,2025-01-10,830886
8331,196,2025-05-02,710259
8332,797,2025-05-30,303725
8333,443,2025-05-19,702386
8334,562,2025-06-07,539279
8335,413,2025-03-16,394373
8336,342,2025-01-11,577322
8337,835,2025-09-23,570115
8338,407,2025-08-05,713981
8339,320,2025-09-04,358499
8340,503,2025-01-31,854522
8341,553,2025-07-01,490967
8342,301,2025-05-19,719720
8343,31,2025-01-11,698142
8344,499,2025-09-17,575864
8345,236,2025-08-07,583026
8346,873,2025-05-15,579464
8347,400,2025-03-16,749688
8348,996,2025-06-06,312803
8349,360,2025-10-05,583169
8350,41,2025-04-06,370631
8351,538,2025-03-08,663638
8352,369,2025-11-02,1194516
8353,662,2025-01-30,145122
8354,327,2025-10-27,497204
8355,582,2025-01-14,1217735
8356,710,2025-08-19,618782
8357,400,2025-08-17,338910
8358,857,2025-04-09,733225
8359,78,2025-10-31,1062310
8360,523,2025-11-16,866595
8361,528,2025-11-28,177603
8362,279,2025-06-30,729613
8363,652,2025-07-13,581066
8364,592,2025-07-07,508788
8365,262,2025-04-10,1139214
8366,945,2025-10-04,751290
8367,62,2025-10-25,762412
8368,21,2025-12-07,735996
8369,434,2025-05-17,553798
8370,843,2025-12-23,338752
8371,89,2025-07-24,558100
8372,10,2025-03-18,633991
8373,518,2025-01-03,235327
8374,591,2025-11-01,702830
8375,984,2025-05-02,641953
8376,709,2025-11-24,622273
8377,513,2025-12-07,452840
8378,193,2025-04-09,468633
8379,357,2025-01-14,667700
8380,751,2025-11-07,601966
8381,563,2025-07-26,495169
8382,504,2025-01-14,582139
8383,209,2025-04-20,205998
8384,349,2025-01-09,416775
8385,30,2025-05-08,506772
8386,913,2025-01-11,380719
8387,906,2025-09-03,1134608
8388,850,2025-06-23,419038
8389,626,2025-09-27,1127948
8390,485,2025-11-27,436832
8391,529,2025-12-13,1134355
8392,88,2025-11-26,596720
8393,251,2025-08-25,567521
8394,526,2025-06-14,759050
8395,969,2025-12-26,513635
8396,624,2025-07-11,594396
8397,837,2025-09-24,544589
8398,431,2025-01-07,468564
8399,998,2025-01-10,280392
8400,535,2025-05-15,1426635
8401,16,2025-07-05,599705
8402,76,2025-06-22,497837
8403,259,2025-10-13,581321
8404,910,2025-11-01,492946
8405,718,2025-05-26,538280
8406,325,2025-11-20,442481
8407,8,2025-07-11,204163
8408,370,2025-10-06,182905
8409,977,2025-05-17,522065
8410,469,2025-06-29,195499
8411,59,2025-09-01,522840
8412,474,2025-03-15,1119359
8413,423,2025-04-02,672550
8414,548,2025-06-25,1114552
8415,144,2025-10-26,814629
8416,511,2025-11-23,691780
8417,154,2025-12-11,385080
8418,536,2025-08-06,1067351
8419,120,2025-03-29,323627
8420,211,2025-03-02,479250
8421,166,2025-07-06,380205
8422,445,2025-12-18,376018
8423,935,2025-05-14,669501
8424,814,2025-08-12,339934
8425,770,2025-06-30,901945
8426,11,2025-05-12,764426
8427,844,2025-12-20,417276
8428,731,2025-05-22,488778
8429,102,2025-11-12,721919
8430,74,2025-09-03,817293
8431,873,2025-12-16,495759
8432,292,2025-07-30,523546
8433,970,2025-01-03,739930
8434,564,2025-06-18,852062
8435,672,2025-02-11,352905
8436,565,2025-10-29,903776
8437,204,2025-08-03,801957
8438,703,2025-08-09,1064127
8439,334,2025-06-01,245691
8440,895,2025-08-24,621815
8441,655,2025-08-27,687700
8442,214,2025-04-05,318639
8443,51,2025-10-03,660255
8444,324,2025-05-05,653500
8445,851,2025-03-18,696863
8446,474,2025-05-07,408125
8447,511,2025-12-07,822130
8448,795,2025-11-11,354108
8449,469,2025-04-07,320216
8450,442,2025-08-15,285873
8451,515,2025-04-29,389442
8452,800,2025-07-25,578440
8453,950,2025-07-29,492118
8454,129,2025-09-13,664815
8455,155,2025-05-04,353416
8456,356,2025-11-03,349011
8457,620,2025-06-10,1114128
8458,98,2025-02-14,483509
8459,63,2025-03-04,509535
8460,500,2025-05-18,719552
8461,688,2025-06-01,864687
8462,46,2025-12-05,431674
8463,838,2025-08-16,815175
8464,93,2025-06-16,630512
8465,10,2025-03-25,191534
8466,133,2025-07-29,848453
8467,445,2025-02-16,262783
8468,992,2025-12-25,550405
8469,163,2025-11-06,828460
8470,765,2025-01-14,565243
8471,781,2025-03-15,775028
8472,234,2025-05-22,1005665
8473,737,2025-06-12,726808
8474,147,2025-08-11,777058
8475,865,2025-06-09,732376
8476,293,2025-12-24,483822
8477,676,2025-06-26,473207
8478,958,2025-08-21,554591
8479,450,2025-11-03,1160337
8480,497,2025-01-11,1020485
8481,960,2025-01-09,249055
8482,831,2025-03-05,566445
8483,422,2025-05-08,868591
8484,712,2025-11-21,383845
8485,313,2025-05-14,840900
8486,44,2025-03-28,1354207
8487,835,2025-05-29,929512
8488,649,2025-06-05,1124269
8489,690,2025-06-28,466591
8490,419,2025-04-23,609330
8491,943,2025-02-25,323590
8492,814,2025-08-12,1261132
8493,638,2025-12-01,541823
8494,639,2025-04-27,441980
8495,744,2025-11-13,550208
8496,2,2025-01-22,607085
8497,506,2025-03-16,930242
8498,210,2025-06-25,422430
8499,174,2025-03-11,587911
8500,822,2025-05-26,928367
8501,842,2025-02-16,900901
8502,402,2025-09-29,694614
8503,882,2025-09-12,824512
8504,928,2025-04-10,714980
8505,21,2025-04-10,1022273
8506,476,2025-11-02,686260
8507,785,2025-08-31,1068341
8508,605,2025-02-14,904661
8509,934,2025-05-24,670340
8510,513,2025-05-20,1148272
8511,890,2025-02-05,936380
8512,206,2025-07-26,189996
8513,880,2025-05-01,769286
8514,412,2025-08-28,800417
8515,722,2025-08-15,594822
8516,329,2025-04-28,533471
8517,397,2025-02-08,977802
8518,469,2025-12-06,399512
8519,84,2025-03-05,658659
8520,77,2025-09-04,971293
8521,443,2025-05-01,721882
8522,494,2025-02-02,512203
8523,307,2025-05-20,703417
8524,425,2025-11-15,720388
8525,571,2025-12-16,617129
8526,718,2025-07-08,345634
8527,142,2025-10-17,486365
8528,224,2025-12-29,510410
8529,480,2025-08-26,442008
8530,280,2025-08-31,814442
8531,372,2025-04-10,923060
8532,103,2025-02-05,851262
8533,925,2025-06-21,753484
8534,370,2025-10-05,768723
8535,902,2025-12-31,880312
8536,527,2025-04-18,503727
8537,710,2025-10-24,449963
8538,673,2025-04-22,488860
8539,317,2025-02-09,583122
8540,359,2025-09-16,810336
8541,391,2025-12-12,578514
8542,395,2025-12-29,604090
8543,329,2025-12-29,1081539
8544,874,2025-03-24,307056
8545,286,2025-07-02,268187
8546,711,2025-10-15,264487
8547,912,2025-05-16,425148
8548,368,2025-10-28,1099545
8549,614,2025-09-08,341932
8550,964,2025-09-01,450558
8551,725,2025-07-01,313610
8552,805,2025-06-07,688168
8553,406,2025-02-10,600112
8554,862,2025-08-23,464268
8555,33,2025-04-11,294002
8556,594,2025-08-13,426363
8557,466,2025-05-14,707340
8558,889,2025-06-19,734403
8559,59,2025-10-31,662514
8560,664,2025-10-20,269108
8561,779,2025-08-31,557182
8562,985,2025-01-09,832962
8563,936,2025-10-04,573971
8564,754,2025-10-10,476088
8565,621,2025-05-21,1125026
8566,640,2025-05-20,212360
8567,774,2025-09-15,700176
8568,781,2025-11-21,558437
8569,105,2025-07-17,605575
8570,80,2025-09-17,529511
8571,622,2025-04-30,1562098
8572,522,2025-02-01,308680
8573,186,2025-09-03,1356940
8574,851,2025-11-24,502475
8575,666,2025-02-06,633770
8576,95,2025-08-06,1069294
8577,201,2025-09-16,928003
8578,759,2025-12-03,858669
8579,65,2025-12-14,552270
8580,508,2025-06-22,255149
8581,139,2025-01-03,362333
8582,233,2025-12-22,571677
8583,961,2025-05-26,558046
8584,944,2025-12-07,564835
8585,849,2025-05-18,605142
8586,628,2025-03-14,1002801
8587,828,2025-05-18,849199
8588,526,2025-08-18,640952
8589,226,2025-08-01,453458
8590,782,2025-03-14,922052
8591,140,2025-01-25,618466
8592,227,2025-05-30,594470
8593,10,2025-10-11,801912
8594,164,2025-09-25,411885
8595,782,2025-04-11,378206
8596,118,2025-12-01,770599
8597,734,2025-03-05,728527
8598,649,2025-02-05,191178
8599,889,2025-06-26,470348
8600,979,2025-09-12,987195
8601,661,2025-06-11,548481
8602,203,2025-08-06,840407
8603,900,2025-08-04,657508
8604,186,2025-01-20,649019
8605,236,2025-05-22,161180
8606,306,2025-04-26,350361
8607,866,2025-09-10,298805
8608,959,2025-08-17,540403
8609,831,2025-02-09,626003
8610,748,2025-02-14,242198
8611,924,2025-05-05,815535
8612,795,2025-01-26,236052
8613,231,2025-03-31,352710
8614,336,2025-12-25,1236122
8615,723,2025-12-06,1078588
8616,969,2025-04-21,344656
8617,259,2025-12-12,346492
8618,104,2025-10-05,1073227
8619,367,2025-08-14,481378
8620,770,2025-12-23,733135
8621,964,2025-08-06,394997
8622,582,2025-12-31,762985
8623,542,2025-01-05,291244
8624,137,2025-05-15,800598
8625,172,2025-12-11,505518
8626,927,2025-04-29,873032
8627,598,2025-08-22,896347
8628,620,2025-04-08,576722
8629,915,2025-12-10,822690
8630,712,2025-02-02,448814
8631,698,2025-01-16,783761
8632,331,2025-05-20,689674
8633,792,2025-01-03,221762
8634,431,2025-02-23,642003
8635,41,2025-11-11,553059
8636,144,2025-08-08,562847
8637,115,2025-10-15,322270
8638,718,2025-03-17,395637
8639,523,2025-04-16,491108
8640,299,2025-11-16,756969
8641,947,2025-11-27,746012
8642,719,2025-03-11,1258145
8643,474,2025-08-15,343145
8644,432,2025-03-03,901499
8645,962,2025-03-20,652972
8646,163,2025-04-27,336006
8647,975,2025-10-04,339361
8648,4,2025-11-27,862343
8649,189,2025-04-17,607148
8650,912,2025-01-26,709640
8651,452,2025-03-13,387777
8652,631,2025-09-22,449392
8653,345,2025-05-29,610914
8654,852,2025-09-11,835077
8655,490,2025-12-05,765781
8656,979,2025-08-30,263085
8657,910,2025-05-14,797852
8658,857,2025-07-22,579558
8659,521,2025-08-04,211354
8660,706,2025-09-27,472504
8661,217,2025-07-25,1026684
8662,910,2025-12-21,1024664
8663,574,2025-11-01,1038361
8664,113,2025-08-13,605300
8665,697,2025-11-26,940250
8666,305,2025-12-19,991775
8667,386,2025-07-20,763281
8668,483,2025-06-15,609860
8669,218,2025-11-13,665814
8670,574,2025-02-19,1006121
8671,680,2025-03-22,442659
8672,936,2025-09-24,674730
8673,768,2025-11-14,762411
8674,266,2025-11-28,710101
8675,897,2025-07-29,415534
8676,890,2025-05-30,851739
8677,994,2025-12-06,468932
8678,452,2025-12-22,834468
8679,263,2025-05-18,800651
8680,68,2025-02-09,400577
8681,537,2025-09-16,804999
8682,702,2025-07-10,1012112
8683,620,2025-01-03,936995
8684,958,2025-12-14,811050
8685,43,2025-09-23,361994
8686,459,2025-03-01,319537
8687,549,2025-07-03,815597
8688,234,2025-04-18,764485
8689,903,2025-05-10,693607
8690,384,2025-07-19,1249837
8691,175,2025-10-22,510080
8692,761,2025-10-05,456789
8693,63,2025-06-08,821727
8694,790,2025-02-13,433938
8695,964,2025-06-24,490170
8696,349,2025-07-09,555045
8697,746,2025-01-20,678730
8698,400,2025-10-31,994779
8699,686,2025-12-25,402169
8700,713,2025-04-17,478982
8701,994,2025-03-14,290579
8702,890,2025-08-02,491870
8703,539,2025-10-13,614806
8704,59,2025-08-05,514679
8705,489,2025-04-20,1113620
8706,595,2025-08-31,583125
8707,682,2025-02-27,811888
8708,42,2025-08-13,640507
8709,733,2025-05-01,723776
8710,678,2025-03-30,706678
8711,169,2025-11-15,458802
8712,438,2025-08-19,1016194
8713,536,2025-03-17,920680
8714,93,2025-12-26,999627
8715,191,2025-01-06,631167
8716,626,2025-10-29,455191
8717,365,2025-07-25,409990
8718,325,2025-11-09,694017
8719,679,2025-05-01,851441
8720,548,2025-04-08,1270496
8721,46,2025-08-10,264893
8722,429,2025-01-03,905628
8723,17,2025-04-15,375089
8724,864,2025-11-25,448720
8725,637,2025-07-08,568158
8726,128,2025-12-02,442105
8727,826,2025-07-28,229604
8728,869,2025-09-03,1009329
8729,452,2025-06-07,542552
8730,515,2025-11-14,339144
8731,292,2025-06-08,207400
8732,283,2025-04-10,200901
8733,189,2025-11-13,276785
8734,505,2025-05-13,783502
8735,31,2025-07-13,909168
8736,140,2025-11-21,752755
8737,156,2025-06-19,918646
8738,400,2025-02-04,258186
8739,954,2025-02-05,1118005
8740,295,2025-06-04,928953
8741,689,2025-04-03,1009378
8742,511,2025-04-29,1015317
8743,104,2025-01-02,669389
8744,263,2025-05-19,753534
8745,893,2025-11-22,703660
8746,181,2025-07-26,694276
8747,578,2025-10-01,651960
8748,804,2025-08-13,541576
8749,110,2025-01-15,864606
8750,448,2025-06-13,560543
8751,576,2025-12-01,828996
8752,675,2025-08-10,486303
8753,758,2025-04-14,424692
8754,303,2025-09-17,305888
8755,536,2025-04-03,540965
8756,181,2025-12-20,640112
8757,288,2025-05-24,607367
8758,905,2025-09-12,616277
8759,443,2025-12-19,1067724
8760,315,2025-02-22,463518
8761,893,2025-04-26,864484
8762,467,2025-03-15,429859
8763,719,2025-07-25,704108
8764,748,2025-05-27,934279
8765,280,2025-04-19,1115340
8766,311,2025-10-17,322073
8767,451,2025-04-15,922616
8768,106,2025-10-03,286917
8769,978,2025-08-28,411673
8770,672,2025-11-19,399315
8771,469,2025-03-22,597393
8772,342,2025-06-16,379504
8773,344,2025-05-27,317459
8774,295,2025-11-27,559530
8775,851,2025-02-22,603260
8776,299,2025-07-15,990991
8777,719,2025-04-26,613272
8778,925,2025-09-17,467015
8779,516,2025-09-16,463200
8780,478,2025-10-19,691852
8781,408,2025-08-06,539765
8782,276,2025-11-03,600874
8783,141,2025-09-14,1015689
8784,264,2025-01-30,431167
8785,836,2025-09-22,608585
8786,483,2025-08-22,595914
8787,519,2025-08-22,542491
8788,839,2025-11-02,674262
8789,840,2025-02-26,794360
8790,302,2025-09-21,426180
8791,680,2025-02-18,578147
8792,752,2025-10-24,1086958
8793,283,2025-04-19,246245
8794,748,2025-12-04,202092
8795,943,2025-08-20,357887
8796,536,2025-12-23,611664
8797,773,2025-10-14,973879
8798,433,2025-05-15,888255
8799,837,2025-01-05,510168
8800,611,2025-10-01,439324
8801,173,2025-08-16,449452
8802,964,2025-09-25,697574
8803,824,2025-10-04,768608
8804,981,2025-10-08,806866
8805,142,2025-12-01,736713
8806,911,2025-08-13,342775
8807,703,2025-11-07,890031
8808,830,2025-11-23,447423
8809,857,2025-04-28,856417
8810,689,2025-07-02,1125098
8811,7,2025-02-21,271037
8812,508,2025-08-28,596574
8813,716,2025-02-27,296656
8814,154,2025-06-16,633159
8815,585,2025-03-16,885915
8816,947,2025-01-03,582611
8817,555,2025-12-27,507438
8818,827,2025-05-17,844782
8819,85,2025-06-12,474057
8820,404,2025-05-08,709982
8821,161,2025-10-23,542983
8822,909,2025-07-19,332810
8823,969,2025-03-05,568945
8824,662,2025-08-05,639470
8825,783,2025-10-27,519538
8826,113,2025-07-11,691947
8827,637,2025-09-03,215669
8828,435,2025-05-06,607446
8829,312,2025-09-02,1056533
8830,389,2025-02-05,506820
8831,946,2025-02-12,1114360
8832,424,2025-04-22,613343
8833,733,2025-04-15,520394
8834,476,2025-03-31,856803
8835,638,2025-01-29,498533
8836,442,2025-09-25,806484
8837,842,2025-08-16,585133
8838,382,2025-10-14,129864
8839,571,2025-07-17,477659
8840,473,2025-12-16,715666
8841,657,2025-03-15,757927
8842,955,2025-09-01,459234
8843,891,2025-01-21,478523
8844,311,2025-04-26,386130
8845,58,2025-12-27,325428
8846,548,2025-11-18,647735
8847,998,2025-02-03,804554
8848,493,2025-04-13,791283
8849,966,2025-02-19,426884
8850,9,2025-06-11,1152039
8851,390,2025-08-08,952709
8852,860,2025-04-16,916288
8853,554,2025-05-13,904708
8854,784,2025-08-18,411012
8855,548,2025-01-23,1178353
8856,494,2025-06-04,507791
8857,452,2025-07-15,466175
8858,800,2025-03-29,614368
8859,382,2025-06-22,790935
8860,303,2025-04-06,522595
8861,353,2025-10-14,880838
8862,628,2025-03-15,208971
8863,654,2025-05-03,718953
8864,946,2025-02-25,655664
8865,566,2025-04-17,408834
8866,333,2025-06-07,990813
8867,782,2025-07-12,486558
8868,631,2025-10-07,704193
8869,193,2025-03-26,566948
8870,686,2025-10-24,795817
8871,677,2025-08-11,310612
8872,5,2025-01-15,282323
8873,761,2025-04-21,716292
8874,56,2025-06-13,522141
8875,991,2025-05-09,1017228
8876,630,2025-04-19,339190
8877,299,2025-11-03,503329
8878,262,2025-12-10,874721
8879,638,2025-10-30,715690
8880,304,2025-03-20,617579
8881,795,2025-04-30,334087
8882,802,2025-06-23,131955
8883,736,2025-11-30,603312
8884,921,2025-04-11,1022092
8885,846,2025-09-03,790126
8886,805,2025-06-28,940259
8887,261,2025-06-09,790224
8888,829,2025-06-11,465524
8889,652,2025-03-26,392592
8890,88,2025-12-10,571887
8891,832,2025-09-15,540488
8892,177,2025-01-24,562979
8893,214,2025-06-23,424363
8894,481,2025-03-14,110637
8895,897,2025-09-03,770954
8896,425,2025-11-28,521633
8897,894,2025-06-05,393712
8898,74,2025-02-06,511808
8899,99,2025-10-03,904324
8900,720,2025-04-10,410897
8901,6,2025-04-10,553230
8902,62,2025-05-03,774768
8903,845,2025-05-29,629662
8904,11,2025-02-19,274468
8905,470,2025-01-11,269477
8906,1,2025-12-02,162146
8907,492,2025-04-23,527742
8908,952,2025-03-25,320959
8909,903,2025-08-26,643271
8910,92,2025-01-03,698912
8911,156,2025-12-13,679820
8912,556,2025-10-03,964672
8913,74,2025-05-05,512637
8914,270,2025-05-19,681416
8915,698,2025-03-11,535406
8916,115,2025-12-02,456831
8917,787,2025-11-29,237671
8918,472,2025-01-02,539669
8919,455,2025-03-23,1309644
8920,531,2025-12-12,396768
8921,120,2025-04-15,527079
8922,467,2025-06-10,1470175
8923,763,2025-10-08,487097
8924,584,2025-11-18,457136
8925,519,2025-11-29,898197
8926,53,2025-10-15,496022
8927,980,2025-05-16,109215
8928,110,2025-08-18,879073
8929,703,2025-03-02,750207
8930,370,2025-11-01,564256
8931,149,2025-01-23,468455
8932,756,2025-09-04,390082
8933,427,2025-11-22,271072
8934,31,2025-01-22,503666
8935,274,2025-12-16,288106
8936,507,2025-04-15,700740
8937,719,2025-07-06,477520
8938,755,2025-12-29,606008
8939,394,2025-03-22,776200
8940,915,2025-02-16,276599
8941,907,2025-03-26,105407
8942,398,2025-11-13,723952
8943,44,2025-06-11,663377
8944,950,2025-03-29,240745
8945,75,2025-11-14,772597
8946,796,2025-10-08,605993
8947,849,2025-04-08,231847
8948,302,2025-05-25,1653309
8949,425,2025-12-23,716619
8950,440,2025-01-28,729467
8951,343,2025-03-09,404864
8952,50,2025-10-06,759459
8953,740,2025-12-17,685233
8954,532,2025-08-04,660033
8955,490,2025-07-10,931375
8956,780,2025-06-13,529171
8957,104,2025-02-07,734178
8958,552,2025-10-06,342184
8959,891,2025-10-26,557599
8960,145,2025-01-31,709570
8961,262,2025-01-03,976883
8962,237,2025-03-25,951888
8963,381,2025-04-15,795683
8964,779,2025-08-30,659948
8965,359,2025-12-16,768781
8966,623,2025-09-25,644773
8967,374,2025-09-27,886711
8968,594,2025-04-20,221442
8969,151,2025-06-12,673082
8970,164,2025-12-17,697499
8971,567,2025-05-16,570316
8972,819,2025-08-25,461959
8973,488,2025-11-11,351001
8974,361,2025-07-18,409302
8975,86,2025-02-01,595177
8976,340,2025-02-18,585608
8977,749,2025-03-07,389626
8978,777,2025-01-15,153352
8979,11,2025-11-14,942111
8980,926,2025-01-22,375446
8981,872,2025-03-26,863580
8982,919,2025-06-17,320663
8983,6,2025-12-15,366806
8984,730,2025-12-07,439949
8985,231,2025-08-25,372667
8986,71,2025-02-10,333081
8987,527,2025-04-22,1182676
8988,666,2025-03-10,979156
8989,639,2025-04-14,727357
8990,109,2025-03-19,465496
8991,455,2025-02-28,337351
8992,170,2025-09-09,648712
8993,956,2025-11-08,844866
8994,762,2025-06-30,531119
8995,186,2025-02-22,422258
8996,461,2025-09-28,604951
8997,189,2025-04-20,951624
8998,10,2025-12-15,1388863
8999,256,2025-02-06,646732
9000,179,2025-06-28,447023
9001,486,2025-11-14,729144
9002,56,2025-04-07,763856
9003,633,2025-04-05,287279
9004,855,2025-07-12,895735
9005,98,2025-03-30,495505
9006,944,2025-04-14,1001852
9007,579,2025-07-02,561474
9008,458,2025-02-04,465536
9009,898,2025-03-12,1085852
9010,382,2025-07-02,584483
9011,336,2025-05-21,775776
9012,177,2025-10-20,653448
9013,355,2025-03-20,453342
9014,351,2025-04-30,523031
9015,673,2025-12-29,427189
9016,96,2025-03-16,525212
9017,114,2025-07-22,739725
9018,445,2025-02-05,581190
9019,59,2025-07-11,786300
9020,908,2025-09-17,641494
9021,217,2025-06-08,631942
9022,246,2025-12-05,455109
9023,804,2025-10-06,929923
9024,781,2025-03-03,845714
9025,337,2025-02-10,319702
9026,428,2025-04-05,437156
9027,973,2025-06-10,446657
9028,685,2025-10-18,371972
9029,808,2025-02-12,294191
9030,93,2025-10-26,551963
9031,965,2025-10-14,498062
9032,495,2025-11-19,783873
9033,174,2025-08-13,1040299
9034,603,2025-08-21,726764
9035,195,2025-11-01,717644
9036,737,2025-05-21,568062
9037,321,2025-04-26,380840
9038,800,2025-05-12,460174
9039,188,2025-10-04,818426
9040,431,2025-08-31,403542
9041,676,2025-07-20,447648
9042,130,2025-03-12,461481
9043,357,2025-10-02,342356
9044,661,2025-07-20,653213
9045,318,2025-11-25,466869
9046,433,2025-10-08,1165985
9047,292,2025-10-30,468055
9048,468,2025-05-23,340771
9049,343,2025-04-25,955013
9050,711,2025-10-14,1250597
9051,953,2025-09-16,567512
9052,871,2025-04-30,1066350
9053,603,2025-06-30,322683
9054,95,2025-12-07,771068
9055,412,2025-07-01,1103362
9056,739,2025-02-11,301200
9057,991,2025-05-30,1488537
9058,287,2025-10-14,544270
9059,665,2025-01-14,490234
9060,493,2025-10-18,769713
9061,87,2025-12-24,463860
9062,4,2025-03-13,794712
9063,281,2025-03-03,641273
9064,270,2025-10-10,1109071
9065,284,2025-04-17,735547
9066,178,2025-06-24,906124
9067,477,2025-02-17,659700
9068,685,2025-04-12,981090
9069,439,2025-02-12,986750
9070,841,2025-09-09,341504
9071,182,2025-04-21,535780
9072,913,2025-08-31,681209
9073,906,2025-09-02,1387120
9074,392,2025-04-17,696230
9075,90,2025-07-31,860175
9076,543,2025-10-04,664418
9077,582,2025-05-19,818903
9078,351,2025-06-16,620743
9079,67,2025-05-26,1167084
9080,54,2025-10-03,380707
9081,871,2025-01-21,204802
9082,256,2025-09-24,887826
9083,614,2025-03-12,400283
9084,530,2025-04-26,1152657
9085,964,2025-08-30,687931
9086,678,2025-11-06,282877
9087,311,2025-12-08,536916
9088,837,2025-02-25,744820
9089,869,2025-11-22,523206
9090,756,2025-07-09,706206
9091,327,2025-07-11,796091
9092,953,2025-01-22,262039
9093,538,2025-01-04,784630
9094,442,2025-09-11,595035
9095,127,2025-04-13,500731
9096,548,2025-07-27,663687
9097,914,2025-12-10,805668
9098,638,2025-01-07,314925
9099,967,2025-11-23,792715
9100,913,2025-09-05,612173
9101,694,2025-07-08,253985
9102,360,2025-06-20,773221
9103,698,2025-05-03,1046937
9104,583,2025-12-18,482117
9105,323,2025-11-20,567391
9106,428,2025-02-23,135752
9107,631,2025-08-15,1019328
9108,364,2025-09-26,519806
9109,93,2025-12-11,587715
9110,862,2025-01-04,924541
9111,252,2025-05-10,455018
9112,315,2025-09-17,1044044
9113,886,2025-11-10,662704
9114,293,2025-10-02,1078577
9115,288,2025-08-04,487124
9116,327,2025-06-28,1062175
9117,149,2025-02-27,466590
9118,348,2025-09-23,575078
9119,318,2025-10-17,611510
9120,326,2025-11-28,652598
9121,216,2025-02-12,259395
9122,783,2025-05-05,453310
9123,267,2025-10-15,873576
9124,422,2025-09-30,511015
9125,939,2025-05-20,1345025
9126,2,2025-06-27,257694
9127,419,2025-12-12,437634
9128,750,2025-11-17,1152145
9129,906,2025-07-31,862849
9130,624,2025-02-25,836982
9131,899,2025-10-18,513345
9132,775,2025-06-04,266201
9133,655,2025-12-30,1137048
9134,538,2025-06-16,816914
9135,967,2025-08-11,466491
9136,699,2025-02-08,431358
9137,632,2025-10-06,801753
9138,279,2025-02-17,328192
9139,455,2025-10-24,500024
9140,956,2025-02-13,365972
9141,557,2025-10-21,429363
9142,555,2025-12-06,549522
9143,935,2025-07-23,453998
9144,646,2025-06-21,650234
9145,336,2025-03-19,1149959
9146,448,2025-07-13,391424
9147,598,2025-02-05,292705
9148,425,2025-02-01,1013544
9149,264,2025-07-25,677342
9150,904,2025-05-13,674044
9151,976,2025-03-11,469522
9152,662,2025-09-15,264831
9153,962,2025-10-25,444378
9154,114,2025-02-23,830915
9155,394,2025-05-02,861957
9156,191,2025-11-23,490962
9157,344,2025-04-04,1234400
9158,687,2025-10-08,968130
9159,140,2025-03-07,460973
9160,652,2025-01-26,150950
9161,766,2025-08-25,1206020
9162,780,2025-05-27,527333
9163,637,2025-07-21,323579
9164,546,2025-12-27,546448
9165,182,2025-03-19,573139
9166,146,2025-04-16,715560
9167,881,2025-07-27,1063284
9168,844,2025-04-19,640282
9169,992,2025-01-10,338689
9170,815,2025-05-31,1247700
9171,245,2025-10-01,799239
9172,634,2025-02-04,302968
9173,899,2025-09-12,688179
9174,794,2025-02-25,865973
9175,93,2025-01-10,698088
9176,643,2025-05-17,565013
9177,337,2025-01-11,552793
9178,570,2025-06-04,403958
9179,904,2025-09-07,425046
9180,133,2025-03-06,616442
9181,70,2025-03-29,463935
9182,156,2025-03-08,720976
9183,514,2025-12-15,595200
9184,614,2025-02-27,822947
9185,419,2025-11-11,580909
9186,170,2025-07-22,850239
9187,455,2025-08-03,655190
9188,530,2025-01-27,320676
9189,394,2025-08-08,863495
9190,927,2025-01-03,792386
9191,755,2025-07-11,528357
9192,988,2025-06-12,1104509
9193,520,2025-09-28,166276
9194,768,2025-01-28,410110
9195,709,2025-01-07,719591
9196,186,2025-06-08,763592
9197,272,2025-02-23,373556
9198,960,2025-02-18,915893
9199,896,2025-02-12,785515
9200,478,2025-12-28,722426
9201,422,2025-06-04,848603
9202,399,2025-06-19,715076
9203,622,2025-11-29,587195
9204,6,2025-11-24,459580
9205,271,2025-02-27,476393
9206,468,2025-07-23,565964
9207,362,2025-01-17,631646
9208,461,2025-12-16,906592
9209,735,2025-01-25,296996
9210,410,2025-03-30,1093800
9211,594,2025-07-30,252141
9212,156,2025-03-08,898535
9213,2,2025-12-18,616174
9214,712,2025-02-14,247245
9215,682,2025-03-28,890510
9216,805,2025-10-04,593839
9217,657,2025-10-28,496834
9218,791,2025-04-23,453754
9219,790,2025-05-02,1044972
9220,502,2025-09-03,600687
9221,302,2025-04-17,290667
9222,502,2025-11-24,589289
9223,845,2025-11-04,533160
9224,340,2025-08-14,541820
9225,242,2025-03-27,760183
9226,183,2025-12-30,339116
9227,395,2025-06-16,545826
9228,224,2025-05-18,476125
9229,21,2025-03-03,1016395
9230,848,2025-02-25,708976
9231,384,2025-05-21,521733
9232,184,2025-01-06,762281
9233,335,2025-11-21,537462
9234,577,2025-12-14,504807
9235,473,2025-04-16,580215
9236,489,2025-06-05,706357
9237,103,2025-04-02,868376
9238,220,2025-09-30,722315
9239,226,2025-04-23,336156
9240,696,2025-08-23,729618
9241,891,2025-02-11,615245
9242,163,2025-10-27,522931
9243,221,2025-10-18,831654
9244,602,2025-01-18,833512
9245,177,2025-07-23,723847
9246,221,2025-08-31,489077
9247,880,2025-02-16,469493
9248,401,2025-04-10,699807
9249,375,2025-08-10,875445
9250,559,2025-01-22,1109465
9251,557,2025-02-16,433066
9252,59,2025-03-30,310505
9253,540,2025-01-26,243113
9254,135,2025-08-20,1190052
9255,347,2025-06-10,818298
9256,462,2025-08-28,272777
9257,767,2025-12-31,1199437
9258,834,2025-04-12,835915
9259,713,2025-07-27,692939
9260,440,2025-12-05,684343
9261,502,2025-03-13,717747
9262,683,2025-07-17,834723
9263,125,2025-09-22,842539
9264,220,2025-03-27,927928
9265,160,2025-08-09,651036
9266,243,2025-02-16,728449
9267,187,2025-11-12,667954
9268,570,2025-08-29,545225
9269,376,2025-09-13,1120502
9270,233,2025-06-05,790432
9271,974,2025-04-29,251324
9272,72,2025-11-25,239659
9273,388,2025-06-10,589892
9274,481,2025-12-09,416839
9275,338,2025-10-12,338553
9276,609,2025-11-24,897045
9277,244,2025-03-17,519663
9278,720,2025-07-03,456994
9279,788,2025-12-13,375362
9280,227,2025-10-29,638827
9281,843,2025-11-04,287223
9282,529,2025-08-22,686501
9283,17,2025-09-09,914755
9284,547,2025-02-27,301358
9285,477,2025-04-20,407928
9286,525,2025-05-11,876696
9287,352,2025-10-22,735261
9288,149,2025-01-06,531344
9289,185,2025-07-15,1336704
9290,621,2025-08-12,699728
9291,351,2025-04-08,1012933
9292,26,2025-03-06,670080
9293,478,2025-03-26,563604
9294,542,2025-04-07,526174
9295,894,2025-08-12,405819
9296,334,2025-01-31,952642
9297,88,2025-11-21,452105
9298,557,2025-08-25,1301038
9299,155,2025-10-10,659711
9300,450,2025-03-30,450678
9301,6,2025-05-03,453936
9302,643,2025-03-14,811236
9303,883,2025-12-31,1300219
9304,747,2025-08-31,951010
9305,169,2025-08-25,573684
9306,613,2025-07-04,936732
9307,119,2025-04-24,504946
9308,756,2025-09-26,671467
9309,960,2025-05-17,855969
9310,314,2025-01-02,971515
9311,74,2025-08-03,546757
9312,1,2025-10-04,443345
9313,301,2025-01-29,462782
9314,227,2025-05-11,1023507
9315,230,2025-04-18,298533
9316,970,2025-10-13,985645
9317,522,2025-08-24,588958
9318,190,2025-08-02,1040019
9319,482,2025-01-04,626377
9320,739,2025-10-31,332874
9321,419,2025-05-16,357513
9322,560,2025-08-15,167868
9323,669,2025-05-08,496106
9324,510,2025-04-29,537227
9325,107,2025-10-07,548203
9326,502,2025-11-17,572405
9327,480,2025-12-29,496386
9328,653,2025-08-02,318511
9329,905,2025-04-09,1073969
9330,412,2025-09-16,255973
9331,421,2025-06-21,494715
9332,958,2025-07-24,522820
9333,881,2025-07-25,219122
9334,201,2025-08-27,688815
9335,461,2025-09-24,399432
9336,139,2025-01-23,351556
9337,152,2025-06-04,305956
9338,941,2025-05-10,308511
9339,37,2025-12-11,533404
9340,259,2025-08-01,375224
9341,144,2025-04-19,291878
9342,284,2025-05-15,877655
9343,50,2025-07-05,659092
9344,642,2025-09-06,580127
9345,294,2025-12-03,504556
9346,274,2025-12-11,882630
9347,636,2025-03-06,818253
9348,313,2025-09-23,1211968
9349,968,2025-01-22,414890
9350,362,2025-11-20,298359
9351,415,2025-11-14,513381
9352,120,2025-01-01,760231
9353,434,2025-04-04,801589
9354,989,2025-07-28,843272
9355,151,2025-08-11,575264
9356,840,2025-05-27,400928
9357,738,2025-06-02,264442
9358,86,2025-09-02,310423
9359,906,2025-06-03,615116
9360,43,2025-06-12,149011
9361,965,2025-06-29,669084
9362,337,2025-04-04,337498
9363,561,2025-11-12,774865
9364,285,2025-04-06,538041
9365,331,2025-08-27,522615
9366,333,2025-10-12,1034785
9367,280,2025-02-25,1094088
9368,360,2025-07-07,767758
9369,944,2025-12-01,718321
9370,449,2025-02-25,807276
9371,825,2025-04-12,795235
9372,549,2025-05-15,631903
9373,898,2025-02-22,557592
9374,484,2025-05-28,319636
9375,746,2025-03-21,999460
9376,579,2025-09-13,969644
9377,610,2025-03-15,365873
9378,605,2025-08-16,584533
9379,219,2025-12-08,357926
9380,6,2025-07-21,877120
9381,506,2025-10-27,305094
9382,409,2025-06-24,1097637
9383,545,2025-01-17,1084613
9384,344,2025-07-22,594168
9385,801,2025-10-06,673339
9386,674,2025-08-03,665242
9387,889,2025-08-17,1075842
9388,667,2025-06-10,485793
9389,27,2025-06-29,125478
9390,969,2025-07-22,1152219
9391,968,2025-06-29,460897
9392,615,2025-02-24,529098
9393,862,2025-12-25,932693
9394,40,2025-06-01,397074
9395,741,2025-09-07,753433
9396,889,2025-01-15,409656
9397,562,2025-11-02,278984
9398,617,2025-06-28,324254
9399,505,2025-01-18,788737
9400,292,2025-11-23,220251
9401,357,2025-07-13,621249
9402,58,2025-04-09,1275558
9403,229,2025-11-30,907588
9404,612,2025-10-14,765256
9405,717,2025-11-06,738564
9406,407,2025-08-05,257289
9407,30,2025-03-27,1089334
9408,718,2025-07-12,343856
9409,680,2025-01-01,530396
9410,453,2025-09-28,1043877
9411,436,2025-05-01,468050
9412,986,2025-04-01,1185746
9413,975,2025-01-14,767124
9414,298,2025-05-08,457039
9415,786,2025-07-28,1257979
9416,778,2025-06-20,655448
9417,503,2025-11-22,1188556
9418,997,2025-09-25,808256
9419,662,2025-01-08,1029341
9420,113,2025-06-10,573027
9421,947,2025-07-28,537283
9422,708,2025-10-27,212749
9423,522,2025-01-08,564825
9424,908,2025-02-12,1224994
9425,499,2025-12-11,714022
9426,898,2025-06-20,696467
9427,774,2025-04-24,846618
9428,358,2025-08-14,515397
9429,529,2025-09-01,253362
9430,207,2025-07-20,343785
9431,307,2025-09-22,945028
9432,615,2025-09-18,663605
9433,999,2025-10-30,681198
9434,755,2025-05-07,750802
9435,128,2025-08-05,1116959
9436,617,2025-12-31,801929
9437,742,2025-11-23,422638
9438,620,2025-01-15,338024
9439,106,2025-09-01,471859
9440,174,2025-02-23,662105
9441,350,2025-01-11,817014
9442,155,2025-09-01,319529
9443,343,2025-03-05,571096
9444,870,2025-04-03,577846
9445,79,2025-05-09,621741
9446,565,2025-12-19,708073
9447,804,2025-12-07,290396
9448,79,2025-03-22,494744
9449,353,2025-04-07,346281
9450,888,2025-06-10,1183060
9451,128,2025-11-09,717185
9452,527,2025-03-10,1129373
9453,685,2025-04-19,565970
9454,670,2025-01-22,620993
9455,560,2025-05-19,273204
9456,358,2025-05-27,651865
9457,333,2025-05-17,530688
9458,582,2025-02-17,572800
9459,451,2025-12-02,599382
9460,388,2025-08-10,712771
9461,504,2025-09-14,267759
9462,670,2025-05-15,215917
9463,811,2025-03-18,1093849
9464,634,2025-09-20,460832
9465,359,2025-11-18,248074
9466,407,2025-08-18,1381396
9467,784,2025-11-08,204184
9468,350,2025-01-24,605982
9469,99,2025-12-07,474599
9470,192,2025-04-25,637920
9471,563,2025-06-20,441235
9472,509,2025-11-30,491777
9473,927,2025-06-14,471114
9474,686,2025-06-10,687141
9475,716,2025-10-31,1024195
9476,495,2025-09-09,585369
9477,283,2025-02-08,700399
9478,689,2025-10-16,568514
9479,305,2025-11-02,535376
9480,97,2025-01-31,282890
9481,472,2025-03-07,635171
9482,477,2025-04-20,272981
9483,138,2025-01-04,1004309
9484,283,2025-12-09,315566
9485,832,2025-12-03,557215
9486,138,2025-01-13,703982
9487,705,2025-07-12,693065
9488,394,2025-03-02,693963
9489,706,2025-09-10,1083740
9490,775,2025-09-27,702625
9491,398,2025-12-11,594866
9492,975,2025-04-27,906691
9493,562,2025-10-05,659059
9494,285,2025-07-26,348882
9495,90,2025-04-13,800485
9496,902,2025-05-19,827018
9497,36,2025-04-11,700748
9498,706,2025-02-17,835346
9499,343,2025-05-01,928407
9500,838,2025-11-23,537350
9501,371,2025-01-31,658824
9502,472,2025-06-07,464200
9503,938,2025-07-09,651694
9504,538,2025-10-26,211438
9505,233,2025-07-15,501545
9506,62,2025-08-16,511537
9507,666,2025-10-05,385853
9508,433,2025-12-09,482177
9509,849,2025-08-29,620870
9510,338,2025-04-19,551847
9511,462,2025-11-14,624562
9512,491,2025-03-30,813106
9513,494,2025-11-15,594735
9514,901,2025-12-10,189627
9515,764,2025-06-26,1067960
9516,431,2025-01-20,525331
9517,910,2025-03-19,883187
9518,392,2025-08-08,542985
9519,596,2025-11-03,467564
9520,634,2025-05-20,275365
9521,811,2025-02-22,1237341
9522,827,2025-05-18,670571
9523,107,2025-09-01,816443
9524,43,2025-01-27,614153
9525,460,2025-12-01,690133
9526,153,2025-11-21,748448
9527,271,2025-03-14,999259
9528,501,2025-03-11,823184
9529,683,2025-05-29,319789
9530,899,2025-10-10,957936
9531,215,2025-07-18,325388
9532,355,2025-06-02,621559
9533,570,2025-10-15,737822
9534,342,2025-03-27,238843
9535,968,2025-07-06,450757
9536,499,2025-05-27,506137
9537,577,2025-12-20,630640
9538,309,2025-11-14,461105
9539,426,2025-10-24,1592421
9540,667,2025-03-17,454401
9541,790,2025-03-18,539006
9542,196,2025-09-14,229639
9543,959,2025-08-16,1018898
9544,21,2025-05-06,939614
9545,834,2025-11-03,534570
9546,41,2025-08-02,680374
9547,338,2025-09-03,815301
9548,122,2025-12-30,661184
9549,896,2025-09-21,744044
9550,719,2025-11-08,440300
9551,157,2025-05-12,618827
9552,498,2025-11-26,504570
9553,174,2025-10-23,717992
9554,624,2025-02-09,363706
9555,17,2025-11-20,596623
9556,175,2025-01-02,278576
9557,783,2025-10-27,609083
9558,705,2025-08-06,501962
9559,404,2025-04-21,685287
9560,944,2025-02-18,552791
9561,786,2025-12-29,715271
9562,599,2025-05-19,817089
9563,875,2025-05-21,501264
9564,469,2025-12-17,277102
9565,441,2025-11-09,476136
9566,858,2025-12-08,852516
9567,897,2025-12-19,642567
9568,576,2025-08-01,511930
9569,315,2025-05-07,813493
9570,108,2025-03-07,598735
9571,47,2025-06-06,609546
9572,65,2025-03-29,635397
9573,686,2025-02-22,787738
9574,358,2025-03-03,560223
9575,87,2025-01-08,637745
9576,204,2025-10-03,928578
9577,760,2025-05-05,484627
9578,729,2025-09-24,607885
9579,203,2025-03-09,818808
9580,81,2025-01-01,762842
9581,555,2025-12-11,524301
9582,855,2025-01-12,974260
9583,752,2025-10-15,1151656
9584,225,2025-02-07,642674
9585,711,2025-10-11,1074660
9586,50,2025-12-21,1203300
9587,615,2025-12-18,647247
9588,751,2025-03-24,150684
9589,352,2025-06-09,769592
9590,327,2025-05-03,840847
9591,921,2025-09-25,675491
9592,726,2025-02-28,352898
9593,998,2025-06-04,232116
9594,785,2025-08-02,1085154
9595,797,2025-03-29,601910
9596,381,2025-03-29,514770
9597,33,2025-04-17,368957
9598,493,2025-10-24,166731
9599,106,2025-05-06,404782
9600,408,2025-09-12,1027042
9601,195,2025-05-08,599596
9602,338,2025-05-05,879835
9603,685,2025-02-05,331260
9604,269,2025-01-20,1503470
9605,926,2025-06-05,855512
9606,323,2025-07-16,1100204
9607,593,2025-12-05,564753
9608,604,2025-11-21,315626
9609,595,2025-01-13,321063
9610,266,2025-11-28,887135
9611,471,2025-02-26,682930
9612,998,2025-07-27,1386825
9613,64,2025-06-09,998853
9614,522,2025-11-28,1056420
9615,997,2025-05-13,88366
9616,245,2025-01-05,604521
9617,163,2025-12-25,415229
9618,162,2025-09-06,588782
9619,928,2025-08-20,298523
9620,439,2025-12-11,941911
9621,365,2025-07-17,751617
9622,188,2025-04-09,324163
9623,74,2025-09-21,311607
9624,500,2025-05-13,426018
9625,353,2025-02-14,349179
9626,976,2025-11-12,760272
9627,147,2025-07-24,586497
9628,34,2025-08-16,921631
9629,962,2025-06-19,627372
9630,583,2025-11-11,781243
9631,143,2025-08-13,681209
9632,224,2025-03-20,609679
9633,410,2025-06-28,977274
9634,245,2025-02-16,702508
9635,599,2025-07-17,899026
9636,687,2025-01-13,1202162
9637,752,2025-03-12,830540
9638,324,2025-02-13,495400
9639,743,2025-07-02,595914
9640,521,2025-07-17,562826
9641,789,2025-02-20,264088
9642,37,2025-10-06,1362577
9643,336,2025-06-25,580450
9644,291,2025-03-12,1058821
9645,62,2025-07-20,558948
9646,272,2025-06-04,613651
9647,99,2025-06-24,609321
9648,699,2025-02-15,937187
9649,75,2025-05-07,1035964
9650,607,2025-11-07,481260
9651,424,2025-03-01,740607
9652,580,2025-10-29,940253
9653,541,2025-12-03,428823
9654,618,2025-10-02,600153
9655,130,2025-01-01,1043714
9656,476,2025-05-22,711834
9657,136,2025-01-03,534366
9658,170,2025-11-17,739323
9659,260,2025-02-04,289289
9660,26,2025-04-13,448262
9661,437,2025-02-23,143126
9662,710,2025-05-09,685262
9663,109,2025-09-05,388390
9664,548,2025-03-18,859415
9665,795,2025-08-09,483625
9666,515,2025-11-24,491000
9667,840,2025-02-19,891573
9668,395,2025-07-14,756999
9669,26,2025-12-21,657688
9670,658,2025-04-02,408585
9671,88,2025-08-19,554552
9672,381,2025-02-23,241490
9673,262,2025-12-23,783410
9674,812,2025-07-04,925691
9675,857,2025-05-29,286145
9676,234,2025-12-24,1269284
9677,24,2025-05-02,393043
9678,586,2025-06-21,523175
9679,29,2025-02-14,941416
9680,151,2025-02-11,649123
9681,156,2025-10-27,832267
9682,506,2025-09-04,550423
9683,323,2025-12-27,135197
9684,211,2025-05-14,669010
9685,580,2025-09-06,465118
9686,568,2025-09-12,588550
9687,179,2025-03-09,269594
9688,290,2025-05-26,752268
9689,876,2025-12-03,323447
9690,399,2025-04-15,843281
9691,575,2025-03-09,566497
9692,620,2025-09-26,437801
9693,278,2025-09-07,348394
9694,983,2025-09-10,332984
9695,12,2025-05-15,373854
9696,551,2025-11-20,631547
9697,941,2025-08-27,467677
9698,116,2025-04-06,603621
9699,112,2025-03-31,998693
9700,347,2025-11-04,353238
9701,196,2025-06-07,538462
9702,236,2025-09-13,525769
9703,95,2025-06-18,468860
9704,810,2025-09-06,709504
9705,364,2025-02-25,656567
9706,962,2025-05-31,656677
9707,310,2025-12-23,538041
9708,629,2025-02-17,370327
9709,915,2025-04-17,280243
9710,204,2025-04-09,427466
9711,509,2025-08-07,401421
9712,683,2025-09-10,720043
9713,856,2025-02-27,979482
9714,352,2025-09-04,462007
9715,670,2025-09-06,177825
9716,19,2025-11-14,899673
9717,455,2025-12-29,968854
9718,851,2025-11-30,801354
9719,244,2025-08-13,485327
9720,745,2025-06-13,1079254
9721,636,2025-05-27,424972
9722,547,2025-02-15,761119
9723,205,2025-06-06,605444
9724,600,2025-06-22,698109
9725,511,2025-12-20,290698
9726,511,2025-01-24,749969
9727,2,2025-09-13,712661
9728,675,2025-08-02,386810
9729,107,2025-08-28,326888
9730,27,2025-03-06,1232333
9731,903,2025-03-09,1303618
9732,222,2025-11-22,242051
9733,537,2025-01-04,413052
9734,921,2025-10-06,410201
9735,882,2025-04-14,1152278
9736,692,2025-11-09,735157
9737,375,2025-04-09,746185
9738,362,2025-08-06,1075445
9739,61,2025-03-14,752303
9740,916,2025-02-12,592134
9741,88,2025-09-15,1066230
9742,403,2025-11-14,828908
9743,675,2025-09-06,774289
9744,348,2025-10-05,512924
9745,706,2025-04-16,148195
9746,998,2025-11-17,948570
9747,989,2025-12-04,685926
9748,967,2025-02-09,733299
9749,941,2025-04-06,200508
9750,826,2025-01-21,625812
9751,354,2025-03-22,557969
9752,363,2025-03-11,961565
9753,605,2025-04-24,183400
9754,373,2025-04-03,639046
9755,515,2025-05-11,404688
9756,20,2025-09-27,486966
9757,913,2025-06-05,658499
9758,254,2025-11-14,894821
9759,412,2025-11-08,519945
9760,746,2025-06-30,928042
9761,412,2025-11-08,702051
9762,77,2025-07-20,534895
9763,55,2025-02-04,379709
9764,75,2025-12-18,698472
9765,743,2025-04-27,519474
9766,323,2025-09-21,534536
9767,41,2025-04-19,669160
9768,789,2025-06-27,384425
9769,990,2025-03-18,1089735
9770,591,2025-06-25,606689
9771,861,2025-04-27,885841
9772,309,2025-10-15,1264888
9773,343,2025-11-01,756687
9774,656,2025-11-15,431492
9775,778,2025-04-11,576291
9776,787,2025-11-08,586369
9777,705,2025-02-15,644079
9778,668,2025-06-22,531405
9779,872,2025-07-05,751160
9780,863,2025-06-22,472292
9781,69,2025-01-17,257483
9782,46,2025-11-02,685109
9783,418,2025-08-05,870640
9784,197,2025-03-31,894786
9785,673,2025-08-16,584730
9786,340,2025-02-05,571536
9787,534,2025-03-10,354316
9788,607,2025-06-26,695024
9789,764,2025-07-02,872679
9790,503,2025-10-11,934308
9791,575,2025-12-15,951460
9792,53,2025-07-10,1120886
9793,617,2025-01-29,325862
9794,773,2025-12-27,378213
9795,893,2025-07-04,416173
9796,684,2025-03-28,293120
9797,406,2025-03-24,939536
9798,298,2025-02-11,413787
9799,587,2025-10-31,590517
9800,4,2025-08-29,246864
9801,634,2025-04-03,418255
9802,623,2025-07-05,323839
9803,102,2025-07-14,465557
9804,744,2025-05-19,727796
9805,349,2025-09-25,858546
9806,669,2025-08-05,254444
9807,503,2025-07-03,804567
9808,40,2025-01-03,831222
9809,534,2025-12-19,1335836
9810,915,2025-04-06,156029
9811,920,2025-12-04,1248889
9812,35,2025-09-29,575927
9813,201,2025-04-09,511284
9814,778,2025-08-10,439140
9815,319,2025-08-21,475283
9816,389,2025-07-31,450797
9817,319,2025-06-02,712062
9818,279,2025-02-24,509689
9819,8,2025-01-14,490104
9820,309,2025-10-17,385324
9821,517,2025-12-25,543969
9822,99,2025-07-10,634174
9823,568,2025-04-01,536239
9824,498,2025-08-18,645802
9825,947,2025-01-26,1125911
9826,90,2025-11-19,1016080
9827,562,2025-12-21,740122
9828,148,2025-01-28,926090
9829,653,2025-06-27,674646
9830,498,2025-10-17,408566
9831,732,2025-01-29,805117
9832,579,2025-08-15,497522
9833,566,2025-01-07,738076
9834,608,2025-07-03,762485
9835,888,2025-09-04,690341
9836,24,2025-08-19,597164
9837,310,2025-07-25,732586
9838,283,2025-12-05,348141
9839,840,2025-05-14,744146
9840,408,2025-02-24,1022759
9841,663,2025-10-17,786308
9842,527,2025-05-29,646701
9843,583,2025-11-24,557578
9844,959,2025-10-17,548166
9845,985,2025-01-27,679214
9846,104,2025-09-09,785362
9847,428,2025-09-19,584131
9848,701,2025-05-07,324566
9849,674,2025-02-24,1072978
9850,545,2025-06-12,622980
9851,526,2025-05-08,408697
9852,282,2025-06-08,466832
9853,940,2025-08-31,647037
9854,642,2025-06-07,1308449
9855,292,2025-10-19,1201881
9856,523,2025-12-09,814429
9857,563,2025-05-29,916224
9858,581,2025-04-19,660922
9859,246,2025-12-25,871483
9860,397,2025-08-14,776431
9861,842,2025-06-14,345447
9862,435,2025-04-23,599076
9863,128,2025-02-11,1192854
9864,977,2025-02-12,869694
9865,408,2025-06-25,434027
9866,153,2025-10-15,681013
9867,711,2025-10-14,278764
9868,597,2025-08-12,313829
9869,728,2025-04-11,573282
9870,547,2025-10-25,477953
9871,99,2025-09-30,433114
9872,157,2025-01-07,212443
9873,272,2025-04-22,633454
9874,530,2025-09-11,404988
9875,8,2025-04-30,263192
9876,881,2025-06-22,956155
9877,659,2025-09-26,1028397
9878,983,2025-11-05,1029210
9879,612,2025-05-18,239818
9880,539,2025-07-28,434058
9881,804,2025-08-12,670851
9882,447,2025-07-07,285360
9883,707,2025-02-11,715425
9884,23,2025-11-23,824155
9885,281,2025-12-15,408181
9886,544,2025-08-28,1247411
9887,698,2025-09-26,878736
9888,362,2025-08-19,250798
9889,868,2025-06-22,655241
9890,77,2025-05-05,242081
9891,303,2025-07-13,645440
9892,36,2025-09-03,410070
9893,948,2025-08-30,897813
9894,300,2025-11-05,564231
9895,310,2025-12-01,390255
9896,891,2025-11-02,702566
9897,611,2025-06-11,1630736
9898,338,2025-05-16,709426
9899,168,2025-01-20,639577
9900,120,2025-01-09,378738
9901,408,2025-10-31,469219
9902,656,2025-09-01,473892
9903,986,2025-02-07,651071
9904,799,2025-09-08,873777
9905,129,2025-11-30,720680
9906,885,2025-08-29,742409
9907,718,2025-07-05,584604
9908,441,2025-11-29,935630
9909,521,2025-10-29,441080
9910,373,2025-04-30,716144
9911,124,2025-12-09,335402
9912,310,2025-01-20,662057
9913,667,2025-11-13,296948
9914,69,2025-11-26,423722
9915,806,2025-11-01,669560
9916,903,2025-03-28,196793
9917,674,2025-09-02,166249
9918,489,2025-02-01,239764
9919,249,2025-01-13,462006
9920,267,2025-08-13,272210
9921,348,2025-02-14,770068
9922,286,2025-06-02,719136
9923,595,2025-12-25,846627
9924,858,2025-06-26,883412
9925,768,2025-03-09,423999
9926,501,2025-09-15,735054
9927,495,2025-05-07,779409
9928,338,2025-03-08,1209146
9929,547,2025-09-23,256371
9930,968,2025-11-02,712929
9931,778,2025-10-25,842281
9932,654,2025-12-02,529261
9933,54,2025-05-25,558557
9934,671,2025-09-03,775443
9935,836,2025-05-02,666639
9936,518,2025-01-28,806184
9937,934,2025-08-05,851128
9938,168,2025-11-26,755127
9939,713,2025-02-08,291432
9940,469,2025-11-09,392303
9941,237,2025-06-26,573675
9942,4,2025-04-10,543140
9943,403,2025-10-18,465575
9944,28,2025-05-01,806905
9945,622,2025-07-28,409123
9946,395,2025-12-19,306111
9947,217,2025-04-02,305935
9948,616,2025-05-10,663238
9949,213,2025-10-21,592356
9950,640,2025-09-13,461539
9951,470,2025-02-07,209910
9952,375,2025-12-15,423148
9953,106,2025-11-05,744862
9954,928,2025-09-11,787199
9955,661,2025-09-18,511396
9956,861,2025-07-06,470370
9957,783,2025-12-23,381121
9958,941,2025-07-25,696345
9959,425,2025-04-30,790445
9960,231,2025-02-15,729994
9961,717,2025-01-21,841598
9962,138,2025-06-12,244826
9963,893,2025-12-05,418299
9964,289,2025-01-25,830080
9965,875,2025-12-25,560130
9966,937,2025-01-29,868853
9967,842,2025-01-19,640764
9968,829,2025-03-13,547200
9969,31,2025-08-25,895901
9970,597,2025-03-01,687409
9971,989,2025-04-15,770489
9972,147,2025-12-19,753487
9973,458,2025-03-17,755557
9974,15,2025-07-21,480149
9975,981,2025-07-15,449490
9976,518,2025-12-03,548552
9977,322,2025-06-29,686038
9978,818,2025-03-22,638853
9979,433,2025-07-21,1031690
9980,37,2025-06-26,163626
9981,721,2025-09-12,849770
9982,831,2025-08-22,499953
9983,724,2025-01-13,667786
9984,231,2025-06-19,637773
9985,106,2025-12-04,639743
9986,678,2025-02-20,957932
9987,707,2025-02-16,516771
9988,668,2025-02-13,626209
9989,325,2025-12-05,381906
9990,859,2025-08-27,689154
9991,439,2025-10-17,794224
9992,783,2025-12-29,566789
9993,509,2025-09-27,654885
9994,865,2025-09-16,471803
9995,395,2025-07-20,739688
9996,784,2025-12-08,785694
9997,830,2025-01-20,594483
9998,221,2025-10-03,593425
9999,140,2025-09-03,1175093
10000,587,2025-10-04,762051
